<?xml version="1.0" encoding="UTF-8"?><gpx xmlns="http://www.topografix.com/GPX/1/1" xmlns:xsi="http://www.w3.org/2001/XMLSchema-instance" version="1.1" creator="Polar Vantage V" xsi:schemaLocation="http://www.topografix.com/GPX/1/1 http://www.topografix.com/GPX/1/1/gpx.xsd"><metadata><author><name>Polar</name></author><time>2026-08-28T08:09:55.096Z</time><bounds minlat="51.06872833" minlon="-115.365965" maxlat="51.08831833" maxlon="-115.34402167"></bounds></metadata><trk><trkseg><trkpt lat="51.08537333" lon="-115.34766333"><ele>1304.0</ele><time>2022-10-10T17:59:35.464Z</time></trkpt><trkpt lat="51.08538" lon="-115.34767"><ele>1306.0</ele><time>2022-10-10T17:59:36.465Z</time></trkpt><trkpt lat="51.08539667" lon="-115.347685"><ele>1308.0</ele><time>2022-10-10T17:59:37.464Z</time></trkpt><trkpt lat="51.08540333" lon="-115.34769833"><ele>1310.0</ele><time>2022-10-10T17:59:38.465Z</time></trkpt><trkpt lat="51.08540833" lon="-115.34770167"><ele>1311.0</ele><time>2022-10-10T17:59:39.465Z</time></trkpt><trkpt lat="51.08541833" lon="-115.34770167"><ele>1313.0</ele><time>2022-10-10T17:59:40.465Z</time></trkpt><trkpt lat="51.08543667" lon="-115.34769833"><ele>1314.0</ele><time>2022-10-10T17:59:41.465Z</time></trkpt><trkpt lat="51.08544667" lon="-115.34769667"><ele>1315.0</ele><time>2022-10-10T17:59:42.464Z</time></trkpt><trkpt lat="51.08545333" lon="-115.34769333"><ele>1316.0</ele><time>2022-10-10T17:59:43.464Z</time></trkpt><trkpt lat="51.08546333" lon="-115.34769"><ele>1316.0</ele><time>2022-10-10T17:59:44.464Z</time></trkpt><trkpt lat="51.08546833" lon="-115.34768333"><ele>1317.0</ele><time>2022-10-10T17:59:45.465Z</time></trkpt><trkpt lat="51.08549" lon="-115.34768833"><ele>1318.0</ele><time>2022-10-10T17:59:46.464Z</time></trkpt><trkpt lat="51.08548833" lon="-115.34768333"><ele>1318.0</ele><time>2022-10-10T17:59:47.464Z</time></trkpt><trkpt lat="51.08549" lon="-115.34768"><ele>1319.0</ele><time>2022-10-10T17:59:48.465Z</time></trkpt><trkpt lat="51.08549" lon="-115.34768167"><ele>1319.0</ele><time>2022-10-10T17:59:49.464Z</time></trkpt><trkpt lat="51.08548667" lon="-115.34767667"><ele>1320.0</ele><time>2022-10-10T17:59:50.465Z</time></trkpt><trkpt lat="51.08548167" lon="-115.34767833"><ele>1320.0</ele><time>2022-10-10T17:59:51.465Z</time></trkpt><trkpt lat="51.08547333" lon="-115.34767667"><ele>1321.0</ele><time>2022-10-10T17:59:52.465Z</time></trkpt><trkpt lat="51.08547" lon="-115.34767333"><ele>1321.0</ele><time>2022-10-10T17:59:53.465Z</time></trkpt><trkpt lat="51.08546667" lon="-115.34767333"><ele>1321.0</ele><time>2022-10-10T17:59:54.464Z</time></trkpt><trkpt lat="51.08546333" lon="-115.347675"><ele>1321.0</ele><time>2022-10-10T17:59:55.464Z</time></trkpt><trkpt lat="51.08546167" lon="-115.34767"><ele>1321.0</ele><time>2022-10-10T17:59:56.464Z</time></trkpt><trkpt lat="51.08545167" lon="-115.34766"><ele>1321.0</ele><time>2022-10-10T17:59:57.465Z</time></trkpt><trkpt lat="51.08544333" lon="-115.34765333"><ele>1320.0</ele><time>2022-10-10T17:59:58.465Z</time></trkpt><trkpt lat="51.08543333" lon="-115.34764667"><ele>1320.0</ele><time>2022-10-10T17:59:59.465Z</time></trkpt><trkpt lat="51.085425" lon="-115.347645"><ele>1320.0</ele><time>2022-10-10T18:00:00.464Z</time></trkpt><trkpt lat="51.085415" lon="-115.34764333"><ele>1319.0</ele><time>2022-10-10T18:00:01.465Z</time></trkpt><trkpt lat="51.08540333" lon="-115.34764"><ele>1319.0</ele><time>2022-10-10T18:00:02.464Z</time></trkpt><trkpt lat="51.085395" lon="-115.34763667"><ele>1319.0</ele><time>2022-10-10T18:00:03.465Z</time></trkpt><trkpt lat="51.08538333" lon="-115.347625"><ele>1319.0</ele><time>2022-10-10T18:00:04.465Z</time></trkpt><trkpt lat="51.08537" lon="-115.347615"><ele>1318.0</ele><time>2022-10-10T18:00:05.465Z</time></trkpt><trkpt lat="51.085355" lon="-115.34761"><ele>1318.0</ele><time>2022-10-10T18:00:06.465Z</time></trkpt><trkpt lat="51.08533667" lon="-115.347605"><ele>1317.0</ele><time>2022-10-10T18:00:07.465Z</time></trkpt><trkpt lat="51.08532667" lon="-115.34760167"><ele>1317.0</ele><time>2022-10-10T18:00:08.464Z</time></trkpt><trkpt lat="51.08531833" lon="-115.347595"><ele>1316.0</ele><time>2022-10-10T18:00:09.465Z</time></trkpt><trkpt lat="51.08531" lon="-115.34759167"><ele>1316.0</ele><time>2022-10-10T18:00:10.465Z</time></trkpt><trkpt lat="51.0853" lon="-115.347585"><ele>1316.0</ele><time>2022-10-10T18:00:11.465Z</time></trkpt><trkpt lat="51.08528667" lon="-115.347575"><ele>1316.0</ele><time>2022-10-10T18:00:12.465Z</time></trkpt><trkpt lat="51.08527333" lon="-115.34756667"><ele>1316.0</ele><time>2022-10-10T18:00:13.465Z</time></trkpt><trkpt lat="51.08526167" lon="-115.347555"><ele>1316.0</ele><time>2022-10-10T18:00:14.464Z</time></trkpt><trkpt lat="51.08524833" lon="-115.34755"><ele>1316.0</ele><time>2022-10-10T18:00:15.465Z</time></trkpt><trkpt lat="51.08523667" lon="-115.34754833"><ele>1315.0</ele><time>2022-10-10T18:00:16.465Z</time></trkpt><trkpt lat="51.08522667" lon="-115.34754667"><ele>1315.0</ele><time>2022-10-10T18:00:17.465Z</time></trkpt><trkpt lat="51.085215" lon="-115.34754333"><ele>1314.0</ele><time>2022-10-10T18:00:18.465Z</time></trkpt><trkpt lat="51.08521833" lon="-115.34753667"><ele>1314.0</ele><time>2022-10-10T18:00:19.465Z</time></trkpt><trkpt lat="51.085225" lon="-115.34752667"><ele>1313.0</ele><time>2022-10-10T18:00:20.465Z</time></trkpt><trkpt lat="51.08522833" lon="-115.34752"><ele>1314.0</ele><time>2022-10-10T18:00:21.464Z</time></trkpt><trkpt lat="51.08523" lon="-115.34751"><ele>1314.0</ele><time>2022-10-10T18:00:22.465Z</time></trkpt><trkpt lat="51.08522333" lon="-115.34749333"><ele>1314.0</ele><time>2022-10-10T18:00:23.465Z</time></trkpt><trkpt lat="51.0852" lon="-115.34747667"><ele>1314.0</ele><time>2022-10-10T18:00:24.465Z</time></trkpt><trkpt lat="51.08517667" lon="-115.34747"><ele>1314.0</ele><time>2022-10-10T18:00:25.464Z</time></trkpt><trkpt lat="51.08516" lon="-115.34747333"><ele>1315.0</ele><time>2022-10-10T18:00:26.465Z</time></trkpt><trkpt lat="51.08515" lon="-115.34747833"><ele>1315.0</ele><time>2022-10-10T18:00:27.465Z</time></trkpt><trkpt lat="51.08514" lon="-115.34748167"><ele>1315.0</ele><time>2022-10-10T18:00:28.465Z</time></trkpt><trkpt lat="51.08513" lon="-115.34748333"><ele>1315.0</ele><time>2022-10-10T18:00:29.465Z</time></trkpt><trkpt lat="51.08511833" lon="-115.34748333"><ele>1314.0</ele><time>2022-10-10T18:00:30.465Z</time></trkpt><trkpt lat="51.08510667" lon="-115.34748333"><ele>1314.0</ele><time>2022-10-10T18:00:31.465Z</time></trkpt><trkpt lat="51.08509333" lon="-115.34748667"><ele>1313.0</ele><time>2022-10-10T18:00:32.464Z</time></trkpt><trkpt lat="51.08508167" lon="-115.34749"><ele>1313.0</ele><time>2022-10-10T18:00:33.465Z</time></trkpt><trkpt lat="51.08506833" lon="-115.34749"><ele>1312.0</ele><time>2022-10-10T18:00:34.465Z</time></trkpt><trkpt lat="51.08505333" lon="-115.34748833"><ele>1312.0</ele><time>2022-10-10T18:00:35.465Z</time></trkpt><trkpt lat="51.08504" lon="-115.34748667"><ele>1311.0</ele><time>2022-10-10T18:00:36.464Z</time></trkpt><trkpt lat="51.08502333" lon="-115.347485"><ele>1311.0</ele><time>2022-10-10T18:00:37.465Z</time></trkpt><trkpt lat="51.08500833" lon="-115.347485"><ele>1310.0</ele><time>2022-10-10T18:00:38.464Z</time></trkpt><trkpt lat="51.08498833" lon="-115.347485"><ele>1310.0</ele><time>2022-10-10T18:00:39.464Z</time></trkpt><trkpt lat="51.08497333" lon="-115.34748667"><ele>1309.0</ele><time>2022-10-10T18:00:40.465Z</time></trkpt><trkpt lat="51.084955" lon="-115.34749"><ele>1308.0</ele><time>2022-10-10T18:00:41.465Z</time></trkpt><trkpt lat="51.08494333" lon="-115.347495"><ele>1307.0</ele><time>2022-10-10T18:00:42.465Z</time></trkpt><trkpt lat="51.084935" lon="-115.34749667"><ele>1307.0</ele><time>2022-10-10T18:00:43.465Z</time></trkpt><trkpt lat="51.08492167" lon="-115.34749833"><ele>1307.0</ele><time>2022-10-10T18:00:44.464Z</time></trkpt><trkpt lat="51.08492" lon="-115.34749167"><ele>1307.0</ele><time>2022-10-10T18:00:45.464Z</time></trkpt><trkpt lat="51.08491667" lon="-115.34748"><ele>1307.0</ele><time>2022-10-10T18:00:46.464Z</time></trkpt><trkpt lat="51.08491" lon="-115.34747"><ele>1307.0</ele><time>2022-10-10T18:00:47.465Z</time></trkpt><trkpt lat="51.0849" lon="-115.347465"><ele>1307.0</ele><time>2022-10-10T18:00:48.465Z</time></trkpt><trkpt lat="51.08489167" lon="-115.347465"><ele>1307.0</ele><time>2022-10-10T18:00:49.464Z</time></trkpt><trkpt lat="51.08489167" lon="-115.34747"><ele>1307.0</ele><time>2022-10-10T18:00:50.465Z</time></trkpt><trkpt lat="51.084895" lon="-115.34747667"><ele>1307.0</ele><time>2022-10-10T18:00:51.465Z</time></trkpt><trkpt lat="51.08489667" lon="-115.34748167"><ele>1307.0</ele><time>2022-10-10T18:00:52.465Z</time></trkpt><trkpt lat="51.08489167" lon="-115.34747833"><ele>1306.0</ele><time>2022-10-10T18:00:53.465Z</time></trkpt><trkpt lat="51.08489" lon="-115.34748167"><ele>1306.0</ele><time>2022-10-10T18:00:54.465Z</time></trkpt><trkpt lat="51.08488833" lon="-115.34748167"><ele>1306.0</ele><time>2022-10-10T18:00:55.464Z</time></trkpt><trkpt lat="51.08488833" lon="-115.34748167"><ele>1306.0</ele><time>2022-10-10T18:00:56.465Z</time></trkpt><trkpt lat="51.08488833" lon="-115.34748"><ele>1305.0</ele><time>2022-10-10T18:00:57.465Z</time></trkpt><trkpt lat="51.08489" lon="-115.34748667"><ele>1305.0</ele><time>2022-10-10T18:00:58.464Z</time></trkpt><trkpt lat="51.084885" lon="-115.347495"><ele>1305.0</ele><time>2022-10-10T18:00:59.465Z</time></trkpt><trkpt lat="51.084875" lon="-115.34749667"><ele>1305.0</ele><time>2022-10-10T18:01:00.465Z</time></trkpt><trkpt lat="51.08486333" lon="-115.34750333"><ele>1305.0</ele><time>2022-10-10T18:01:01.464Z</time></trkpt><trkpt lat="51.08485" lon="-115.34751167"><ele>1306.0</ele><time>2022-10-10T18:01:02.464Z</time></trkpt><trkpt lat="51.08483667" lon="-115.34751833"><ele>1306.0</ele><time>2022-10-10T18:01:03.465Z</time></trkpt><trkpt lat="51.084825" lon="-115.34752167"><ele>1306.0</ele><time>2022-10-10T18:01:04.465Z</time></trkpt><trkpt lat="51.08481333" lon="-115.34752333"><ele>1306.0</ele><time>2022-10-10T18:01:05.465Z</time></trkpt><trkpt lat="51.084805" lon="-115.34753333"><ele>1306.0</ele><time>2022-10-10T18:01:06.465Z</time></trkpt><trkpt lat="51.08479667" lon="-115.34753333"><ele>1306.0</ele><time>2022-10-10T18:01:07.464Z</time></trkpt><trkpt lat="51.08478333" lon="-115.34752667"><ele>1306.0</ele><time>2022-10-10T18:01:08.464Z</time></trkpt><trkpt lat="51.084765" lon="-115.34752"><ele>1307.0</ele><time>2022-10-10T18:01:09.465Z</time></trkpt><trkpt lat="51.08474667" lon="-115.347515"><ele>1307.0</ele><time>2022-10-10T18:01:10.465Z</time></trkpt><trkpt lat="51.08473333" lon="-115.34751167"><ele>1307.0</ele><time>2022-10-10T18:01:11.464Z</time></trkpt><trkpt lat="51.08472333" lon="-115.347515"><ele>1307.0</ele><time>2022-10-10T18:01:12.465Z</time></trkpt><trkpt lat="51.084715" lon="-115.34750833"><ele>1308.0</ele><time>2022-10-10T18:01:13.465Z</time></trkpt><trkpt lat="51.08470667" lon="-115.34750167"><ele>1308.0</ele><time>2022-10-10T18:01:14.465Z</time></trkpt><trkpt lat="51.08469333" lon="-115.34750167"><ele>1308.0</ele><time>2022-10-10T18:01:15.464Z</time></trkpt><trkpt lat="51.084675" lon="-115.34749333"><ele>1308.0</ele><time>2022-10-10T18:01:16.464Z</time></trkpt><trkpt lat="51.08466" lon="-115.34748167"><ele>1309.0</ele><time>2022-10-10T18:01:17.465Z</time></trkpt><trkpt lat="51.08465" lon="-115.34748"><ele>1309.0</ele><time>2022-10-10T18:01:18.465Z</time></trkpt><trkpt lat="51.08464333" lon="-115.347475"><ele>1309.0</ele><time>2022-10-10T18:01:19.465Z</time></trkpt><trkpt lat="51.08463333" lon="-115.34746833"><ele>1310.0</ele><time>2022-10-10T18:01:20.465Z</time></trkpt><trkpt lat="51.08462333" lon="-115.34746167"><ele>1310.0</ele><time>2022-10-10T18:01:21.465Z</time></trkpt><trkpt lat="51.084615" lon="-115.34745833"><ele>1310.0</ele><time>2022-10-10T18:01:22.464Z</time></trkpt><trkpt lat="51.08460333" lon="-115.34745833"><ele>1311.0</ele><time>2022-10-10T18:01:23.465Z</time></trkpt><trkpt lat="51.08459833" lon="-115.34746"><ele>1311.0</ele><time>2022-10-10T18:01:24.465Z</time></trkpt><trkpt lat="51.08459333" lon="-115.34745833"><ele>1312.0</ele><time>2022-10-10T18:01:25.465Z</time></trkpt><trkpt lat="51.08457667" lon="-115.34745333"><ele>1312.0</ele><time>2022-10-10T18:01:26.465Z</time></trkpt><trkpt lat="51.08455833" lon="-115.34744333"><ele>1312.0</ele><time>2022-10-10T18:01:27.465Z</time></trkpt><trkpt lat="51.08454833" lon="-115.34744333"><ele>1312.0</ele><time>2022-10-10T18:01:28.464Z</time></trkpt><trkpt lat="51.08453833" lon="-115.34743333"><ele>1312.0</ele><time>2022-10-10T18:01:29.465Z</time></trkpt><trkpt lat="51.08452667" lon="-115.34743333"><ele>1311.0</ele><time>2022-10-10T18:01:30.465Z</time></trkpt><trkpt lat="51.08451667" lon="-115.34742833"><ele>1311.0</ele><time>2022-10-10T18:01:31.465Z</time></trkpt><trkpt lat="51.08451167" lon="-115.34742333"><ele>1311.0</ele><time>2022-10-10T18:01:32.465Z</time></trkpt><trkpt lat="51.08450667" lon="-115.34741667"><ele>1311.0</ele><time>2022-10-10T18:01:33.465Z</time></trkpt><trkpt lat="51.08450333" lon="-115.34741167"><ele>1311.0</ele><time>2022-10-10T18:01:34.464Z</time></trkpt><trkpt lat="51.08449667" lon="-115.34740333"><ele>1312.0</ele><time>2022-10-10T18:01:35.464Z</time></trkpt><trkpt lat="51.084485" lon="-115.347395"><ele>1312.0</ele><time>2022-10-10T18:01:36.465Z</time></trkpt><trkpt lat="51.08447667" lon="-115.34738667"><ele>1312.0</ele><time>2022-10-10T18:01:37.465Z</time></trkpt><trkpt lat="51.08447" lon="-115.34737667"><ele>1313.0</ele><time>2022-10-10T18:01:38.465Z</time></trkpt><trkpt lat="51.08446333" lon="-115.34736833"><ele>1313.0</ele><time>2022-10-10T18:01:39.465Z</time></trkpt><trkpt lat="51.08445667" lon="-115.34736833"><ele>1313.0</ele><time>2022-10-10T18:01:40.465Z</time></trkpt><trkpt lat="51.084445" lon="-115.34736667"><ele>1314.0</ele><time>2022-10-10T18:01:41.464Z</time></trkpt><trkpt lat="51.08443167" lon="-115.34736167"><ele>1314.0</ele><time>2022-10-10T18:01:42.465Z</time></trkpt><trkpt lat="51.084415" lon="-115.34735667"><ele>1314.0</ele><time>2022-10-10T18:01:43.464Z</time></trkpt><trkpt lat="51.08440333" lon="-115.34735667"><ele>1314.0</ele><time>2022-10-10T18:01:44.465Z</time></trkpt><trkpt lat="51.084395" lon="-115.347355"><ele>1314.0</ele><time>2022-10-10T18:01:45.464Z</time></trkpt><trkpt lat="51.084385" lon="-115.34735167"><ele>1314.0</ele><time>2022-10-10T18:01:46.465Z</time></trkpt><trkpt lat="51.084375" lon="-115.347345"><ele>1314.0</ele><time>2022-10-10T18:01:47.464Z</time></trkpt><trkpt lat="51.08436667" lon="-115.34734"><ele>1314.0</ele><time>2022-10-10T18:01:48.464Z</time></trkpt><trkpt lat="51.08436167" lon="-115.34733"><ele>1314.0</ele><time>2022-10-10T18:01:49.465Z</time></trkpt><trkpt lat="51.08435333" lon="-115.34732333"><ele>1313.0</ele><time>2022-10-10T18:01:50.465Z</time></trkpt><trkpt lat="51.084345" lon="-115.34731667"><ele>1313.0</ele><time>2022-10-10T18:01:51.464Z</time></trkpt><trkpt lat="51.08433167" lon="-115.34731"><ele>1313.0</ele><time>2022-10-10T18:01:52.465Z</time></trkpt><trkpt lat="51.08432167" lon="-115.347305"><ele>1313.0</ele><time>2022-10-10T18:01:53.464Z</time></trkpt><trkpt lat="51.08431333" lon="-115.34730167"><ele>1313.0</ele><time>2022-10-10T18:01:54.464Z</time></trkpt><trkpt lat="51.084305" lon="-115.34729833"><ele>1313.0</ele><time>2022-10-10T18:01:55.465Z</time></trkpt><trkpt lat="51.08429833" lon="-115.34729667"><ele>1313.0</ele><time>2022-10-10T18:01:56.465Z</time></trkpt><trkpt lat="51.08429167" lon="-115.34729833"><ele>1312.0</ele><time>2022-10-10T18:01:57.465Z</time></trkpt><trkpt lat="51.08428333" lon="-115.34729333"><ele>1312.0</ele><time>2022-10-10T18:01:58.465Z</time></trkpt><trkpt lat="51.084275" lon="-115.34728833"><ele>1312.0</ele><time>2022-10-10T18:01:59.465Z</time></trkpt><trkpt lat="51.08427" lon="-115.34728333"><ele>1313.0</ele><time>2022-10-10T18:02:00.464Z</time></trkpt><trkpt lat="51.08426333" lon="-115.34727"><ele>1313.0</ele><time>2022-10-10T18:02:01.465Z</time></trkpt><trkpt lat="51.084255" lon="-115.34726167"><ele>1313.0</ele><time>2022-10-10T18:02:02.465Z</time></trkpt><trkpt lat="51.08424333" lon="-115.347255"><ele>1313.0</ele><time>2022-10-10T18:02:03.465Z</time></trkpt><trkpt lat="51.08423" lon="-115.34724667"><ele>1314.0</ele><time>2022-10-10T18:02:04.465Z</time></trkpt><trkpt lat="51.08421333" lon="-115.34723833"><ele>1314.0</ele><time>2022-10-10T18:02:05.465Z</time></trkpt><trkpt lat="51.0842" lon="-115.34723667"><ele>1314.0</ele><time>2022-10-10T18:02:06.464Z</time></trkpt><trkpt lat="51.084185" lon="-115.34723"><ele>1315.0</ele><time>2022-10-10T18:02:07.465Z</time></trkpt><trkpt lat="51.08417" lon="-115.34722333"><ele>1316.0</ele><time>2022-10-10T18:02:08.464Z</time></trkpt><trkpt lat="51.08415667" lon="-115.34722167"><ele>1316.0</ele><time>2022-10-10T18:02:09.464Z</time></trkpt><trkpt lat="51.084145" lon="-115.347225"><ele>1316.0</ele><time>2022-10-10T18:02:10.464Z</time></trkpt><trkpt lat="51.08413333" lon="-115.34722833"><ele>1317.0</ele><time>2022-10-10T18:02:11.464Z</time></trkpt><trkpt lat="51.08411667" lon="-115.34723"><ele>1317.0</ele><time>2022-10-10T18:02:12.464Z</time></trkpt><trkpt lat="51.084105" lon="-115.34723"><ele>1316.0</ele><time>2022-10-10T18:02:13.465Z</time></trkpt><trkpt lat="51.08409333" lon="-115.34723"><ele>1316.0</ele><time>2022-10-10T18:02:14.465Z</time></trkpt><trkpt lat="51.08408333" lon="-115.34723"><ele>1316.0</ele><time>2022-10-10T18:02:15.465Z</time></trkpt><trkpt lat="51.08407333" lon="-115.34722667"><ele>1316.0</ele><time>2022-10-10T18:02:16.465Z</time></trkpt><trkpt lat="51.084065" lon="-115.34722333"><ele>1316.0</ele><time>2022-10-10T18:02:17.465Z</time></trkpt><trkpt lat="51.08405833" lon="-115.34721667"><ele>1316.0</ele><time>2022-10-10T18:02:18.464Z</time></trkpt><trkpt lat="51.08405333" lon="-115.34721333"><ele>1316.0</ele><time>2022-10-10T18:02:19.465Z</time></trkpt><trkpt lat="51.08404667" lon="-115.34721"><ele>1316.0</ele><time>2022-10-10T18:02:20.465Z</time></trkpt><trkpt lat="51.084045" lon="-115.34721"><ele>1316.0</ele><time>2022-10-10T18:02:21.465Z</time></trkpt><trkpt lat="51.08404167" lon="-115.347205"><ele>1317.0</ele><time>2022-10-10T18:02:22.465Z</time></trkpt><trkpt lat="51.08403667" lon="-115.34719833"><ele>1317.0</ele><time>2022-10-10T18:02:23.465Z</time></trkpt><trkpt lat="51.084035" lon="-115.34718833"><ele>1317.0</ele><time>2022-10-10T18:02:24.464Z</time></trkpt><trkpt lat="51.08403333" lon="-115.34717333"><ele>1318.0</ele><time>2022-10-10T18:02:25.465Z</time></trkpt><trkpt lat="51.08403167" lon="-115.34716"><ele>1318.0</ele><time>2022-10-10T18:02:26.465Z</time></trkpt><trkpt lat="51.08403" lon="-115.347145"><ele>1319.0</ele><time>2022-10-10T18:02:27.465Z</time></trkpt><trkpt lat="51.08402667" lon="-115.34713167"><ele>1320.0</ele><time>2022-10-10T18:02:28.465Z</time></trkpt><trkpt lat="51.08402" lon="-115.34712167"><ele>1320.0</ele><time>2022-10-10T18:02:29.464Z</time></trkpt><trkpt lat="51.08401667" lon="-115.34711167"><ele>1321.0</ele><time>2022-10-10T18:02:30.464Z</time></trkpt><trkpt lat="51.08401667" lon="-115.3471"><ele>1321.0</ele><time>2022-10-10T18:02:31.464Z</time></trkpt><trkpt lat="51.084015" lon="-115.34709167"><ele>1322.0</ele><time>2022-10-10T18:02:32.465Z</time></trkpt><trkpt lat="51.08401167" lon="-115.34708"><ele>1323.0</ele><time>2022-10-10T18:02:33.465Z</time></trkpt><trkpt lat="51.08401667" lon="-115.347065"><ele>1324.0</ele><time>2022-10-10T18:02:34.465Z</time></trkpt><trkpt lat="51.08401833" lon="-115.34704667"><ele>1324.0</ele><time>2022-10-10T18:02:35.465Z</time></trkpt><trkpt lat="51.08402167" lon="-115.34703"><ele>1325.0</ele><time>2022-10-10T18:02:36.465Z</time></trkpt><trkpt lat="51.08402667" lon="-115.34701"><ele>1325.0</ele><time>2022-10-10T18:02:37.465Z</time></trkpt><trkpt lat="51.08402833" lon="-115.34699167"><ele>1325.0</ele><time>2022-10-10T18:02:38.464Z</time></trkpt><trkpt lat="51.08402833" lon="-115.34696667"><ele>1324.0</ele><time>2022-10-10T18:02:39.464Z</time></trkpt><trkpt lat="51.08402833" lon="-115.346945"><ele>1324.0</ele><time>2022-10-10T18:02:40.465Z</time></trkpt><trkpt lat="51.08403333" lon="-115.34692667"><ele>1323.0</ele><time>2022-10-10T18:02:41.465Z</time></trkpt><trkpt lat="51.08403833" lon="-115.34691"><ele>1323.0</ele><time>2022-10-10T18:02:42.465Z</time></trkpt><trkpt lat="51.08404333" lon="-115.34689"><ele>1322.0</ele><time>2022-10-10T18:02:43.465Z</time></trkpt><trkpt lat="51.08404833" lon="-115.346875"><ele>1322.0</ele><time>2022-10-10T18:02:44.464Z</time></trkpt><trkpt lat="51.08404667" lon="-115.34685667"><ele>1321.0</ele><time>2022-10-10T18:02:45.464Z</time></trkpt><trkpt lat="51.08405" lon="-115.34684"><ele>1321.0</ele><time>2022-10-10T18:02:46.464Z</time></trkpt><trkpt lat="51.08405167" lon="-115.346825"><ele>1321.0</ele><time>2022-10-10T18:02:47.465Z</time></trkpt><trkpt lat="51.084055" lon="-115.34681"><ele>1321.0</ele><time>2022-10-10T18:02:48.465Z</time></trkpt><trkpt lat="51.08406" lon="-115.34679667"><ele>1321.0</ele><time>2022-10-10T18:02:49.464Z</time></trkpt><trkpt lat="51.08406333" lon="-115.346785"><ele>1321.0</ele><time>2022-10-10T18:02:50.465Z</time></trkpt><trkpt lat="51.084065" lon="-115.34676833"><ele>1321.0</ele><time>2022-10-10T18:02:51.465Z</time></trkpt><trkpt lat="51.08406833" lon="-115.34675167"><ele>1321.0</ele><time>2022-10-10T18:02:52.464Z</time></trkpt><trkpt lat="51.08407167" lon="-115.346735"><ele>1321.0</ele><time>2022-10-10T18:02:53.465Z</time></trkpt><trkpt lat="51.08407333" lon="-115.34672"><ele>1320.0</ele><time>2022-10-10T18:02:54.465Z</time></trkpt><trkpt lat="51.08407667" lon="-115.34670833"><ele>1319.0</ele><time>2022-10-10T18:02:55.465Z</time></trkpt><trkpt lat="51.08407833" lon="-115.34670167"><ele>1318.0</ele><time>2022-10-10T18:02:56.465Z</time></trkpt><trkpt lat="51.08408" lon="-115.34669833"><ele>1317.0</ele><time>2022-10-10T18:02:57.464Z</time></trkpt><trkpt lat="51.08408167" lon="-115.34669333"><ele>1316.0</ele><time>2022-10-10T18:02:58.465Z</time></trkpt><trkpt lat="51.08408167" lon="-115.34669"><ele>1316.0</ele><time>2022-10-10T18:02:59.465Z</time></trkpt><trkpt lat="51.08408333" lon="-115.34669"><ele>1316.0</ele><time>2022-10-10T18:03:00.465Z</time></trkpt><trkpt lat="51.08408667" lon="-115.34668833"><ele>1316.0</ele><time>2022-10-10T18:03:01.464Z</time></trkpt><trkpt lat="51.08409" lon="-115.34668667"><ele>1316.0</ele><time>2022-10-10T18:03:02.465Z</time></trkpt><trkpt lat="51.08409167" lon="-115.34668667"><ele>1315.0</ele><time>2022-10-10T18:03:03.465Z</time></trkpt><trkpt lat="51.084095" lon="-115.34668333"><ele>1315.0</ele><time>2022-10-10T18:03:04.465Z</time></trkpt><trkpt lat="51.08409667" lon="-115.34668"><ele>1314.0</ele><time>2022-10-10T18:03:05.465Z</time></trkpt><trkpt lat="51.084095" lon="-115.34667333"><ele>1313.0</ele><time>2022-10-10T18:03:06.464Z</time></trkpt><trkpt lat="51.08409667" lon="-115.34666833"><ele>1313.0</ele><time>2022-10-10T18:03:07.465Z</time></trkpt><trkpt lat="51.084095" lon="-115.34666667"><ele>1312.0</ele><time>2022-10-10T18:03:08.465Z</time></trkpt><trkpt lat="51.08409" lon="-115.34667"><ele>1311.0</ele><time>2022-10-10T18:03:09.465Z</time></trkpt><trkpt lat="51.08408833" lon="-115.34667333"><ele>1311.0</ele><time>2022-10-10T18:03:10.465Z</time></trkpt><trkpt lat="51.08409" lon="-115.34667333"><ele>1311.0</ele><time>2022-10-10T18:03:11.465Z</time></trkpt><trkpt lat="51.08408" lon="-115.34668333"><ele>1311.0</ele><time>2022-10-10T18:03:12.465Z</time></trkpt><trkpt lat="51.08408" lon="-115.34668"><ele>1311.0</ele><time>2022-10-10T18:03:13.465Z</time></trkpt><trkpt lat="51.08407833" lon="-115.34667167"><ele>1311.0</ele><time>2022-10-10T18:03:14.465Z</time></trkpt><trkpt lat="51.08407833" lon="-115.34666667"><ele>1311.0</ele><time>2022-10-10T18:03:15.464Z</time></trkpt><trkpt lat="51.08407833" lon="-115.34666167"><ele>1311.0</ele><time>2022-10-10T18:03:16.464Z</time></trkpt><trkpt lat="51.084075" lon="-115.34665667"><ele>1312.0</ele><time>2022-10-10T18:03:17.464Z</time></trkpt><trkpt lat="51.08407" lon="-115.34665667"><ele>1312.0</ele><time>2022-10-10T18:03:18.464Z</time></trkpt><trkpt lat="51.08407167" lon="-115.346655"><ele>1312.0</ele><time>2022-10-10T18:03:19.464Z</time></trkpt><trkpt lat="51.08407167" lon="-115.34665333"><ele>1312.0</ele><time>2022-10-10T18:03:20.464Z</time></trkpt><trkpt lat="51.08407667" lon="-115.34665167"><ele>1312.0</ele><time>2022-10-10T18:03:21.464Z</time></trkpt><trkpt lat="51.08408" lon="-115.34665"><ele>1312.0</ele><time>2022-10-10T18:03:22.465Z</time></trkpt><trkpt lat="51.08408167" lon="-115.34664833"><ele>1313.0</ele><time>2022-10-10T18:03:23.465Z</time></trkpt><trkpt lat="51.08408333" lon="-115.34665"><ele>1313.0</ele><time>2022-10-10T18:03:24.464Z</time></trkpt><trkpt lat="51.08408333" lon="-115.34664833"><ele>1314.0</ele><time>2022-10-10T18:03:25.465Z</time></trkpt><trkpt lat="51.08408333" lon="-115.34664333"><ele>1314.0</ele><time>2022-10-10T18:03:26.465Z</time></trkpt><trkpt lat="51.08408167" lon="-115.34664167"><ele>1315.0</ele><time>2022-10-10T18:03:27.465Z</time></trkpt><trkpt lat="51.08407833" lon="-115.34664167"><ele>1316.0</ele><time>2022-10-10T18:03:28.465Z</time></trkpt><trkpt lat="51.08407833" lon="-115.34664167"><ele>1316.0</ele><time>2022-10-10T18:03:29.464Z</time></trkpt><trkpt lat="51.084075" lon="-115.346645"><ele>1317.0</ele><time>2022-10-10T18:03:30.465Z</time></trkpt><trkpt lat="51.08407167" lon="-115.34665167"><ele>1317.0</ele><time>2022-10-10T18:03:31.465Z</time></trkpt><trkpt lat="51.08406833" lon="-115.346655"><ele>1317.0</ele><time>2022-10-10T18:03:32.465Z</time></trkpt><trkpt lat="51.08406667" lon="-115.346655"><ele>1317.0</ele><time>2022-10-10T18:03:33.464Z</time></trkpt><trkpt lat="51.08406333" lon="-115.34666333"><ele>1316.0</ele><time>2022-10-10T18:03:34.465Z</time></trkpt><trkpt lat="51.084055" lon="-115.34667"><ele>1316.0</ele><time>2022-10-10T18:03:35.465Z</time></trkpt><trkpt lat="51.08405167" lon="-115.34667333"><ele>1316.0</ele><time>2022-10-10T18:03:36.465Z</time></trkpt><trkpt lat="51.08405333" lon="-115.34667167"><ele>1315.0</ele><time>2022-10-10T18:03:37.465Z</time></trkpt><trkpt lat="51.084055" lon="-115.34667333"><ele>1315.0</ele><time>2022-10-10T18:03:38.465Z</time></trkpt><trkpt lat="51.08405833" lon="-115.34667667"><ele>1314.0</ele><time>2022-10-10T18:03:39.464Z</time></trkpt><trkpt lat="51.08405833" lon="-115.34668"><ele>1314.0</ele><time>2022-10-10T18:03:40.464Z</time></trkpt><trkpt lat="51.08406333" lon="-115.346685"><ele>1314.0</ele><time>2022-10-10T18:03:41.465Z</time></trkpt><trkpt lat="51.08406833" lon="-115.34668667"><ele>1314.0</ele><time>2022-10-10T18:03:42.464Z</time></trkpt><trkpt lat="51.08406667" lon="-115.346685"><ele>1315.0</ele><time>2022-10-10T18:03:43.465Z</time></trkpt><trkpt lat="51.08406833" lon="-115.346685"><ele>1315.0</ele><time>2022-10-10T18:03:44.465Z</time></trkpt><trkpt lat="51.084075" lon="-115.34668833"><ele>1316.0</ele><time>2022-10-10T18:03:45.465Z</time></trkpt><trkpt lat="51.08408167" lon="-115.34669"><ele>1316.0</ele><time>2022-10-10T18:03:46.464Z</time></trkpt><trkpt lat="51.08408167" lon="-115.346685"><ele>1317.0</ele><time>2022-10-10T18:03:47.465Z</time></trkpt><trkpt lat="51.084085" lon="-115.34668333"><ele>1317.0</ele><time>2022-10-10T18:03:48.465Z</time></trkpt><trkpt lat="51.08408833" lon="-115.34668667"><ele>1318.0</ele><time>2022-10-10T18:03:49.465Z</time></trkpt><trkpt lat="51.08409" lon="-115.34669"><ele>1318.0</ele><time>2022-10-10T18:03:50.465Z</time></trkpt><trkpt lat="51.084085" lon="-115.34668333"><ele>1319.0</ele><time>2022-10-10T18:03:51.465Z</time></trkpt><trkpt lat="51.08408333" lon="-115.34668167"><ele>1319.0</ele><time>2022-10-10T18:03:52.465Z</time></trkpt><trkpt lat="51.08408" lon="-115.34668167"><ele>1319.0</ele><time>2022-10-10T18:03:53.465Z</time></trkpt><trkpt lat="51.08408" lon="-115.34668667"><ele>1320.0</ele><time>2022-10-10T18:03:54.464Z</time></trkpt><trkpt lat="51.08407833" lon="-115.34669167"><ele>1320.0</ele><time>2022-10-10T18:03:55.465Z</time></trkpt><trkpt lat="51.08407833" lon="-115.346695"><ele>1320.0</ele><time>2022-10-10T18:03:56.464Z</time></trkpt><trkpt lat="51.084075" lon="-115.34669667"><ele>1320.0</ele><time>2022-10-10T18:03:57.465Z</time></trkpt><trkpt lat="51.08407167" lon="-115.34669667"><ele>1320.0</ele><time>2022-10-10T18:03:58.464Z</time></trkpt><trkpt lat="51.08406167" lon="-115.34669167"><ele>1320.0</ele><time>2022-10-10T18:03:59.465Z</time></trkpt><trkpt lat="51.08405667" lon="-115.346685"><ele>1320.0</ele><time>2022-10-10T18:04:00.465Z</time></trkpt><trkpt lat="51.08405333" lon="-115.34667833"><ele>1320.0</ele><time>2022-10-10T18:04:01.465Z</time></trkpt><trkpt lat="51.08405333" lon="-115.34667333"><ele>1320.0</ele><time>2022-10-10T18:04:02.465Z</time></trkpt><trkpt lat="51.08405667" lon="-115.34666833"><ele>1320.0</ele><time>2022-10-10T18:04:03.465Z</time></trkpt><trkpt lat="51.08406333" lon="-115.34666167"><ele>1320.0</ele><time>2022-10-10T18:04:04.464Z</time></trkpt><trkpt lat="51.08406833" lon="-115.34665667"><ele>1321.0</ele><time>2022-10-10T18:04:05.464Z</time></trkpt><trkpt lat="51.08407333" lon="-115.34665167"><ele>1322.0</ele><time>2022-10-10T18:04:06.465Z</time></trkpt><trkpt lat="51.08407833" lon="-115.34664667"><ele>1322.0</ele><time>2022-10-10T18:04:07.465Z</time></trkpt><trkpt lat="51.08408" lon="-115.34664333"><ele>1323.0</ele><time>2022-10-10T18:04:08.465Z</time></trkpt><trkpt lat="51.08408167" lon="-115.34664167"><ele>1323.0</ele><time>2022-10-10T18:04:09.465Z</time></trkpt><trkpt lat="51.08408333" lon="-115.34664167"><ele>1323.0</ele><time>2022-10-10T18:04:10.464Z</time></trkpt><trkpt lat="51.084085" lon="-115.34664167"><ele>1323.0</ele><time>2022-10-10T18:04:11.465Z</time></trkpt><trkpt lat="51.084085" lon="-115.34664167"><ele>1323.0</ele><time>2022-10-10T18:04:12.465Z</time></trkpt><trkpt lat="51.08408667" lon="-115.34663833"><ele>1322.0</ele><time>2022-10-10T18:04:13.465Z</time></trkpt><trkpt lat="51.084085" lon="-115.34663667"><ele>1322.0</ele><time>2022-10-10T18:04:14.465Z</time></trkpt><trkpt lat="51.084085" lon="-115.346635"><ele>1322.0</ele><time>2022-10-10T18:04:15.464Z</time></trkpt><trkpt lat="51.084085" lon="-115.34663333"><ele>1321.0</ele><time>2022-10-10T18:04:16.465Z</time></trkpt><trkpt lat="51.084085" lon="-115.34663167"><ele>1321.0</ele><time>2022-10-10T18:04:17.465Z</time></trkpt><trkpt lat="51.084085" lon="-115.34663"><ele>1320.0</ele><time>2022-10-10T18:04:18.464Z</time></trkpt><trkpt lat="51.08408333" lon="-115.34662667"><ele>1319.0</ele><time>2022-10-10T18:04:19.464Z</time></trkpt><trkpt lat="51.08408333" lon="-115.34662333"><ele>1318.0</ele><time>2022-10-10T18:04:20.465Z</time></trkpt><trkpt lat="51.08408167" lon="-115.34662"><ele>1317.0</ele><time>2022-10-10T18:04:21.464Z</time></trkpt><trkpt lat="51.08408" lon="-115.34661667"><ele>1316.0</ele><time>2022-10-10T18:04:22.465Z</time></trkpt><trkpt lat="51.08407833" lon="-115.34661"><ele>1315.0</ele><time>2022-10-10T18:04:23.464Z</time></trkpt><trkpt lat="51.08408" lon="-115.34659833"><ele>1315.0</ele><time>2022-10-10T18:04:24.464Z</time></trkpt><trkpt lat="51.08408333" lon="-115.34659667"><ele>1314.0</ele><time>2022-10-10T18:04:25.465Z</time></trkpt><trkpt lat="51.08408333" lon="-115.34659167"><ele>1313.0</ele><time>2022-10-10T18:04:26.465Z</time></trkpt><trkpt lat="51.08408667" lon="-115.34658833"><ele>1313.0</ele><time>2022-10-10T18:04:27.465Z</time></trkpt><trkpt lat="51.08409167" lon="-115.346585"><ele>1313.0</ele><time>2022-10-10T18:04:28.465Z</time></trkpt><trkpt lat="51.08409667" lon="-115.346585"><ele>1313.0</ele><time>2022-10-10T18:04:29.465Z</time></trkpt><trkpt lat="51.08408833" lon="-115.34658"><ele>1313.0</ele><time>2022-10-10T18:04:30.465Z</time></trkpt><trkpt lat="51.08408333" lon="-115.34658"><ele>1313.0</ele><time>2022-10-10T18:04:31.465Z</time></trkpt><trkpt lat="51.084075" lon="-115.34659333"><ele>1313.0</ele><time>2022-10-10T18:04:32.465Z</time></trkpt><trkpt lat="51.08405167" lon="-115.3466"><ele>1313.0</ele><time>2022-10-10T18:04:33.465Z</time></trkpt><trkpt lat="51.08405" lon="-115.34660667"><ele>1313.0</ele><time>2022-10-10T18:04:34.465Z</time></trkpt><trkpt lat="51.08404333" lon="-115.34660833"><ele>1312.0</ele><time>2022-10-10T18:04:35.465Z</time></trkpt><trkpt lat="51.08404333" lon="-115.34661"><ele>1312.0</ele><time>2022-10-10T18:04:36.465Z</time></trkpt><trkpt lat="51.08404" lon="-115.34660667"><ele>1311.0</ele><time>2022-10-10T18:04:37.465Z</time></trkpt><trkpt lat="51.08403833" lon="-115.34660333"><ele>1311.0</ele><time>2022-10-10T18:04:38.465Z</time></trkpt><trkpt lat="51.08404333" lon="-115.34660667"><ele>1311.0</ele><time>2022-10-10T18:04:39.465Z</time></trkpt><trkpt lat="51.08404667" lon="-115.34662"><ele>1311.0</ele><time>2022-10-10T18:04:40.465Z</time></trkpt><trkpt lat="51.08404333" lon="-115.34663333"><ele>1311.0</ele><time>2022-10-10T18:04:41.465Z</time></trkpt><trkpt lat="51.08404" lon="-115.34664667"><ele>1310.0</ele><time>2022-10-10T18:04:42.465Z</time></trkpt><trkpt lat="51.08404" lon="-115.34666167"><ele>1310.0</ele><time>2022-10-10T18:04:43.464Z</time></trkpt><trkpt lat="51.08404" lon="-115.346675"><ele>1310.0</ele><time>2022-10-10T18:04:44.465Z</time></trkpt><trkpt lat="51.08403333" lon="-115.34668"><ele>1311.0</ele><time>2022-10-10T18:04:45.465Z</time></trkpt><trkpt lat="51.084025" lon="-115.34668833"><ele>1311.0</ele><time>2022-10-10T18:04:46.464Z</time></trkpt><trkpt lat="51.08401667" lon="-115.34669667"><ele>1311.0</ele><time>2022-10-10T18:04:47.465Z</time></trkpt><trkpt lat="51.08401333" lon="-115.34670333"><ele>1310.0</ele><time>2022-10-10T18:04:48.465Z</time></trkpt><trkpt lat="51.08401" lon="-115.34670333"><ele>1310.0</ele><time>2022-10-10T18:04:49.464Z</time></trkpt><trkpt lat="51.08400833" lon="-115.34671"><ele>1310.0</ele><time>2022-10-10T18:04:50.465Z</time></trkpt><trkpt lat="51.08400333" lon="-115.34672"><ele>1310.0</ele><time>2022-10-10T18:04:51.465Z</time></trkpt><trkpt lat="51.08399667" lon="-115.34673333"><ele>1310.0</ele><time>2022-10-10T18:04:52.465Z</time></trkpt><trkpt lat="51.083995" lon="-115.34674667"><ele>1310.0</ele><time>2022-10-10T18:04:53.465Z</time></trkpt><trkpt lat="51.083995" lon="-115.34675"><ele>1310.0</ele><time>2022-10-10T18:04:54.465Z</time></trkpt><trkpt lat="51.08399333" lon="-115.34675333"><ele>1309.0</ele><time>2022-10-10T18:04:55.464Z</time></trkpt><trkpt lat="51.08399333" lon="-115.34675667"><ele>1309.0</ele><time>2022-10-10T18:04:56.465Z</time></trkpt><trkpt lat="51.08399333" lon="-115.34676333"><ele>1309.0</ele><time>2022-10-10T18:04:57.464Z</time></trkpt><trkpt lat="51.083995" lon="-115.34677"><ele>1309.0</ele><time>2022-10-10T18:04:58.464Z</time></trkpt><trkpt lat="51.08399667" lon="-115.346775"><ele>1309.0</ele><time>2022-10-10T18:04:59.465Z</time></trkpt><trkpt lat="51.084" lon="-115.34678"><ele>1309.0</ele><time>2022-10-10T18:05:00.465Z</time></trkpt><trkpt lat="51.08400167" lon="-115.346785"><ele>1309.0</ele><time>2022-10-10T18:05:01.465Z</time></trkpt><trkpt lat="51.08400333" lon="-115.34679"><ele>1310.0</ele><time>2022-10-10T18:05:02.464Z</time></trkpt><trkpt lat="51.084005" lon="-115.3468"><ele>1311.0</ele><time>2022-10-10T18:05:03.465Z</time></trkpt><trkpt lat="51.08400333" lon="-115.34681"><ele>1313.0</ele><time>2022-10-10T18:05:04.465Z</time></trkpt><trkpt lat="51.08400667" lon="-115.346815"><ele>1314.0</ele><time>2022-10-10T18:05:05.465Z</time></trkpt><trkpt lat="51.08400833" lon="-115.34681333"><ele>1315.0</ele><time>2022-10-10T18:05:06.465Z</time></trkpt><trkpt lat="51.08401" lon="-115.34680833"><ele>1317.0</ele><time>2022-10-10T18:05:07.465Z</time></trkpt><trkpt lat="51.08401667" lon="-115.34680833"><ele>1318.0</ele><time>2022-10-10T18:05:08.465Z</time></trkpt><trkpt lat="51.08401833" lon="-115.34681"><ele>1319.0</ele><time>2022-10-10T18:05:09.464Z</time></trkpt><trkpt lat="51.08401833" lon="-115.34681"><ele>1320.0</ele><time>2022-10-10T18:05:10.464Z</time></trkpt><trkpt lat="51.08402" lon="-115.346805"><ele>1321.0</ele><time>2022-10-10T18:05:11.464Z</time></trkpt><trkpt lat="51.08402167" lon="-115.34680333"><ele>1322.0</ele><time>2022-10-10T18:05:12.465Z</time></trkpt><trkpt lat="51.08402167" lon="-115.34680667"><ele>1323.0</ele><time>2022-10-10T18:05:13.465Z</time></trkpt><trkpt lat="51.08402" lon="-115.34680667"><ele>1323.0</ele><time>2022-10-10T18:05:14.465Z</time></trkpt><trkpt lat="51.08402167" lon="-115.34680667"><ele>1324.0</ele><time>2022-10-10T18:05:15.465Z</time></trkpt><trkpt lat="51.08402167" lon="-115.346805"><ele>1324.0</ele><time>2022-10-10T18:05:16.465Z</time></trkpt><trkpt lat="51.08402" lon="-115.346805"><ele>1324.0</ele><time>2022-10-10T18:05:17.465Z</time></trkpt><trkpt lat="51.084025" lon="-115.34680333"><ele>1324.0</ele><time>2022-10-10T18:05:18.465Z</time></trkpt><trkpt lat="51.084025" lon="-115.3468"><ele>1324.0</ele><time>2022-10-10T18:05:19.464Z</time></trkpt><trkpt lat="51.084025" lon="-115.34680167"><ele>1324.0</ele><time>2022-10-10T18:05:20.464Z</time></trkpt><trkpt lat="51.084025" lon="-115.3468"><ele>1323.0</ele><time>2022-10-10T18:05:21.464Z</time></trkpt><trkpt lat="51.084025" lon="-115.34679833"><ele>1323.0</ele><time>2022-10-10T18:05:22.465Z</time></trkpt><trkpt lat="51.084025" lon="-115.34679333"><ele>1322.0</ele><time>2022-10-10T18:05:23.464Z</time></trkpt><trkpt lat="51.08403" lon="-115.34678833"><ele>1321.0</ele><time>2022-10-10T18:05:24.465Z</time></trkpt><trkpt lat="51.08403833" lon="-115.34678833"><ele>1320.0</ele><time>2022-10-10T18:05:25.465Z</time></trkpt><trkpt lat="51.08404" lon="-115.34679"><ele>1320.0</ele><time>2022-10-10T18:05:26.465Z</time></trkpt><trkpt lat="51.08404" lon="-115.34679167"><ele>1319.0</ele><time>2022-10-10T18:05:27.464Z</time></trkpt><trkpt lat="51.08404667" lon="-115.346795"><ele>1319.0</ele><time>2022-10-10T18:05:28.464Z</time></trkpt><trkpt lat="51.08404833" lon="-115.34679833"><ele>1319.0</ele><time>2022-10-10T18:05:29.465Z</time></trkpt><trkpt lat="51.08405167" lon="-115.34680167"><ele>1319.0</ele><time>2022-10-10T18:05:30.465Z</time></trkpt><trkpt lat="51.084055" lon="-115.346805"><ele>1319.0</ele><time>2022-10-10T18:05:31.465Z</time></trkpt><trkpt lat="51.08405167" lon="-115.34680667"><ele>1320.0</ele><time>2022-10-10T18:05:32.465Z</time></trkpt><trkpt lat="51.08404833" lon="-115.34680667"><ele>1320.0</ele><time>2022-10-10T18:05:33.465Z</time></trkpt><trkpt lat="51.084045" lon="-115.34680833"><ele>1320.0</ele><time>2022-10-10T18:05:34.465Z</time></trkpt><trkpt lat="51.08404667" lon="-115.34681"><ele>1320.0</ele><time>2022-10-10T18:05:35.465Z</time></trkpt><trkpt lat="51.08404667" lon="-115.346815"><ele>1320.0</ele><time>2022-10-10T18:05:36.464Z</time></trkpt><trkpt lat="51.08404333" lon="-115.34682167"><ele>1319.0</ele><time>2022-10-10T18:05:37.465Z</time></trkpt><trkpt lat="51.08404" lon="-115.34682667"><ele>1319.0</ele><time>2022-10-10T18:05:38.465Z</time></trkpt><trkpt lat="51.08403667" lon="-115.34683"><ele>1319.0</ele><time>2022-10-10T18:05:39.465Z</time></trkpt><trkpt lat="51.08403333" lon="-115.34683"><ele>1319.0</ele><time>2022-10-10T18:05:40.465Z</time></trkpt><trkpt lat="51.08403" lon="-115.34682833"><ele>1319.0</ele><time>2022-10-10T18:05:41.465Z</time></trkpt><trkpt lat="51.08402333" lon="-115.34683"><ele>1319.0</ele><time>2022-10-10T18:05:42.465Z</time></trkpt><trkpt lat="51.08401667" lon="-115.34682833"><ele>1319.0</ele><time>2022-10-10T18:05:43.465Z</time></trkpt><trkpt lat="51.08401167" lon="-115.346835"><ele>1319.0</ele><time>2022-10-10T18:05:44.465Z</time></trkpt><trkpt lat="51.08400667" lon="-115.34683833"><ele>1320.0</ele><time>2022-10-10T18:05:45.464Z</time></trkpt><trkpt lat="51.08400333" lon="-115.34683167"><ele>1320.0</ele><time>2022-10-10T18:05:46.464Z</time></trkpt><trkpt lat="51.08400167" lon="-115.34682667"><ele>1320.0</ele><time>2022-10-10T18:05:47.465Z</time></trkpt><trkpt lat="51.08400167" lon="-115.346825"><ele>1320.0</ele><time>2022-10-10T18:05:48.465Z</time></trkpt><trkpt lat="51.08400333" lon="-115.34681833"><ele>1319.0</ele><time>2022-10-10T18:05:49.465Z</time></trkpt><trkpt lat="51.084005" lon="-115.34681333"><ele>1319.0</ele><time>2022-10-10T18:05:50.464Z</time></trkpt><trkpt lat="51.08401" lon="-115.346815"><ele>1319.0</ele><time>2022-10-10T18:05:51.465Z</time></trkpt><trkpt lat="51.08401167" lon="-115.34680833"><ele>1318.0</ele><time>2022-10-10T18:05:52.465Z</time></trkpt><trkpt lat="51.084015" lon="-115.34680167"><ele>1318.0</ele><time>2022-10-10T18:05:53.465Z</time></trkpt><trkpt lat="51.08401833" lon="-115.34680167"><ele>1318.0</ele><time>2022-10-10T18:05:54.464Z</time></trkpt><trkpt lat="51.08401833" lon="-115.346795"><ele>1317.0</ele><time>2022-10-10T18:05:55.464Z</time></trkpt><trkpt lat="51.08402" lon="-115.34679333"><ele>1317.0</ele><time>2022-10-10T18:05:56.464Z</time></trkpt><trkpt lat="51.08402167" lon="-115.346795"><ele>1317.0</ele><time>2022-10-10T18:05:57.465Z</time></trkpt><trkpt lat="51.084025" lon="-115.3468"><ele>1316.0</ele><time>2022-10-10T18:05:58.464Z</time></trkpt><trkpt lat="51.08402167" lon="-115.34680167"><ele>1317.0</ele><time>2022-10-10T18:05:59.464Z</time></trkpt><trkpt lat="51.08402333" lon="-115.34680333"><ele>1317.0</ele><time>2022-10-10T18:06:00.465Z</time></trkpt><trkpt lat="51.08402333" lon="-115.34680167"><ele>1317.0</ele><time>2022-10-10T18:06:01.464Z</time></trkpt><trkpt lat="51.08402333" lon="-115.34680167"><ele>1317.0</ele><time>2022-10-10T18:06:02.465Z</time></trkpt><trkpt lat="51.08402167" lon="-115.34679833"><ele>1317.0</ele><time>2022-10-10T18:06:03.465Z</time></trkpt><trkpt lat="51.08401833" lon="-115.346795"><ele>1317.0</ele><time>2022-10-10T18:06:04.464Z</time></trkpt><trkpt lat="51.08401833" lon="-115.346795"><ele>1317.0</ele><time>2022-10-10T18:06:05.464Z</time></trkpt><trkpt lat="51.08401667" lon="-115.34679833"><ele>1317.0</ele><time>2022-10-10T18:06:06.465Z</time></trkpt><trkpt lat="51.08401333" lon="-115.346805"><ele>1317.0</ele><time>2022-10-10T18:06:07.464Z</time></trkpt><trkpt lat="51.08401" lon="-115.346815"><ele>1317.0</ele><time>2022-10-10T18:06:08.464Z</time></trkpt><trkpt lat="51.08400667" lon="-115.34682833"><ele>1317.0</ele><time>2022-10-10T18:06:09.465Z</time></trkpt><trkpt lat="51.08400333" lon="-115.34684333"><ele>1316.0</ele><time>2022-10-10T18:06:10.465Z</time></trkpt><trkpt lat="51.084" lon="-115.346855"><ele>1316.0</ele><time>2022-10-10T18:06:11.465Z</time></trkpt><trkpt lat="51.08399667" lon="-115.34687167"><ele>1315.0</ele><time>2022-10-10T18:06:12.465Z</time></trkpt><trkpt lat="51.08399333" lon="-115.34688667"><ele>1315.0</ele><time>2022-10-10T18:06:13.464Z</time></trkpt><trkpt lat="51.08399" lon="-115.34690167"><ele>1314.0</ele><time>2022-10-10T18:06:14.465Z</time></trkpt><trkpt lat="51.08398833" lon="-115.34691833"><ele>1314.0</ele><time>2022-10-10T18:06:15.464Z</time></trkpt><trkpt lat="51.083985" lon="-115.346935"><ele>1314.0</ele><time>2022-10-10T18:06:16.465Z</time></trkpt><trkpt lat="51.08397833" lon="-115.34695333"><ele>1314.0</ele><time>2022-10-10T18:06:17.464Z</time></trkpt><trkpt lat="51.08397167" lon="-115.34697"><ele>1314.0</ele><time>2022-10-10T18:06:18.465Z</time></trkpt><trkpt lat="51.08396333" lon="-115.34698667"><ele>1314.0</ele><time>2022-10-10T18:06:19.465Z</time></trkpt><trkpt lat="51.08395667" lon="-115.34700333"><ele>1314.0</ele><time>2022-10-10T18:06:20.465Z</time></trkpt><trkpt lat="51.08395333" lon="-115.34702"><ele>1314.0</ele><time>2022-10-10T18:06:21.464Z</time></trkpt><trkpt lat="51.08394667" lon="-115.347035"><ele>1314.0</ele><time>2022-10-10T18:06:22.465Z</time></trkpt><trkpt lat="51.08394167" lon="-115.34705167"><ele>1313.0</ele><time>2022-10-10T18:06:23.465Z</time></trkpt><trkpt lat="51.08393667" lon="-115.34706833"><ele>1313.0</ele><time>2022-10-10T18:06:24.465Z</time></trkpt><trkpt lat="51.08393333" lon="-115.347085"><ele>1313.0</ele><time>2022-10-10T18:06:25.465Z</time></trkpt><trkpt lat="51.08392667" lon="-115.34710167"><ele>1312.0</ele><time>2022-10-10T18:06:26.465Z</time></trkpt><trkpt lat="51.08392167" lon="-115.34711833"><ele>1312.0</ele><time>2022-10-10T18:06:27.465Z</time></trkpt><trkpt lat="51.08391167" lon="-115.34713167"><ele>1311.0</ele><time>2022-10-10T18:06:28.465Z</time></trkpt><trkpt lat="51.08390333" lon="-115.347145"><ele>1311.0</ele><time>2022-10-10T18:06:29.465Z</time></trkpt><trkpt lat="51.08389667" lon="-115.34715833"><ele>1311.0</ele><time>2022-10-10T18:06:30.465Z</time></trkpt><trkpt lat="51.08388833" lon="-115.34717167"><ele>1311.0</ele><time>2022-10-10T18:06:31.465Z</time></trkpt><trkpt lat="51.08388167" lon="-115.34718667"><ele>1310.0</ele><time>2022-10-10T18:06:32.465Z</time></trkpt><trkpt lat="51.08387167" lon="-115.347195"><ele>1310.0</ele><time>2022-10-10T18:06:33.465Z</time></trkpt><trkpt lat="51.08385833" lon="-115.34720167"><ele>1309.0</ele><time>2022-10-10T18:06:34.465Z</time></trkpt><trkpt lat="51.08384667" lon="-115.34721"><ele>1309.0</ele><time>2022-10-10T18:06:35.464Z</time></trkpt><trkpt lat="51.08384" lon="-115.34722333"><ele>1308.0</ele><time>2022-10-10T18:06:36.465Z</time></trkpt><trkpt lat="51.08382833" lon="-115.34723333"><ele>1308.0</ele><time>2022-10-10T18:06:37.465Z</time></trkpt><trkpt lat="51.08382167" lon="-115.34724667"><ele>1307.0</ele><time>2022-10-10T18:06:38.465Z</time></trkpt><trkpt lat="51.083815" lon="-115.34726"><ele>1307.0</ele><time>2022-10-10T18:06:39.464Z</time></trkpt><trkpt lat="51.08381" lon="-115.347275"><ele>1307.0</ele><time>2022-10-10T18:06:40.464Z</time></trkpt><trkpt lat="51.08380167" lon="-115.34728833"><ele>1307.0</ele><time>2022-10-10T18:06:41.464Z</time></trkpt><trkpt lat="51.08379167" lon="-115.3473"><ele>1307.0</ele><time>2022-10-10T18:06:42.465Z</time></trkpt><trkpt lat="51.08378167" lon="-115.34731167"><ele>1307.0</ele><time>2022-10-10T18:06:43.465Z</time></trkpt><trkpt lat="51.08377667" lon="-115.34732667"><ele>1308.0</ele><time>2022-10-10T18:06:44.464Z</time></trkpt><trkpt lat="51.08377167" lon="-115.34734167"><ele>1308.0</ele><time>2022-10-10T18:06:45.465Z</time></trkpt><trkpt lat="51.08376333" lon="-115.34735667"><ele>1308.0</ele><time>2022-10-10T18:06:46.465Z</time></trkpt><trkpt lat="51.083765" lon="-115.34738167"><ele>1308.0</ele><time>2022-10-10T18:06:47.465Z</time></trkpt><trkpt lat="51.08375667" lon="-115.34739667"><ele>1308.0</ele><time>2022-10-10T18:06:48.464Z</time></trkpt><trkpt lat="51.08375333" lon="-115.347415"><ele>1309.0</ele><time>2022-10-10T18:06:49.465Z</time></trkpt><trkpt lat="51.08374833" lon="-115.347435"><ele>1309.0</ele><time>2022-10-10T18:06:50.464Z</time></trkpt><trkpt lat="51.08374" lon="-115.34744833"><ele>1309.0</ele><time>2022-10-10T18:06:51.465Z</time></trkpt><trkpt lat="51.08373" lon="-115.34746"><ele>1308.0</ele><time>2022-10-10T18:06:52.465Z</time></trkpt><trkpt lat="51.08371667" lon="-115.34746833"><ele>1308.0</ele><time>2022-10-10T18:06:53.465Z</time></trkpt><trkpt lat="51.083705" lon="-115.34747833"><ele>1308.0</ele><time>2022-10-10T18:06:54.465Z</time></trkpt><trkpt lat="51.08369333" lon="-115.34748833"><ele>1308.0</ele><time>2022-10-10T18:06:55.465Z</time></trkpt><trkpt lat="51.08368667" lon="-115.34749833"><ele>1308.0</ele><time>2022-10-10T18:06:56.465Z</time></trkpt><trkpt lat="51.08368167" lon="-115.347515"><ele>1308.0</ele><time>2022-10-10T18:06:57.464Z</time></trkpt><trkpt lat="51.083675" lon="-115.34753333"><ele>1308.0</ele><time>2022-10-10T18:06:58.465Z</time></trkpt><trkpt lat="51.08367" lon="-115.34755167"><ele>1308.0</ele><time>2022-10-10T18:06:59.465Z</time></trkpt><trkpt lat="51.08366333" lon="-115.34756667"><ele>1307.0</ele><time>2022-10-10T18:07:00.465Z</time></trkpt><trkpt lat="51.083655" lon="-115.34758"><ele>1308.0</ele><time>2022-10-10T18:07:01.465Z</time></trkpt><trkpt lat="51.08364833" lon="-115.34759333"><ele>1308.0</ele><time>2022-10-10T18:07:02.464Z</time></trkpt><trkpt lat="51.08364" lon="-115.34760833"><ele>1308.0</ele><time>2022-10-10T18:07:03.465Z</time></trkpt><trkpt lat="51.08363167" lon="-115.34761833"><ele>1308.0</ele><time>2022-10-10T18:07:04.465Z</time></trkpt><trkpt lat="51.08362333" lon="-115.34762833"><ele>1308.0</ele><time>2022-10-10T18:07:05.465Z</time></trkpt><trkpt lat="51.083615" lon="-115.34763833"><ele>1308.0</ele><time>2022-10-10T18:07:06.465Z</time></trkpt><trkpt lat="51.08361" lon="-115.34765167"><ele>1309.0</ele><time>2022-10-10T18:07:07.465Z</time></trkpt><trkpt lat="51.083605" lon="-115.347665"><ele>1309.0</ele><time>2022-10-10T18:07:08.465Z</time></trkpt><trkpt lat="51.08359833" lon="-115.34767833"><ele>1309.0</ele><time>2022-10-10T18:07:09.465Z</time></trkpt><trkpt lat="51.08359167" lon="-115.34768833"><ele>1308.0</ele><time>2022-10-10T18:07:10.465Z</time></trkpt><trkpt lat="51.083585" lon="-115.3477"><ele>1308.0</ele><time>2022-10-10T18:07:11.465Z</time></trkpt><trkpt lat="51.08357833" lon="-115.34771333"><ele>1308.0</ele><time>2022-10-10T18:07:12.465Z</time></trkpt><trkpt lat="51.08357167" lon="-115.347725"><ele>1308.0</ele><time>2022-10-10T18:07:13.465Z</time></trkpt><trkpt lat="51.08356667" lon="-115.34773833"><ele>1308.0</ele><time>2022-10-10T18:07:14.464Z</time></trkpt><trkpt lat="51.08356333" lon="-115.34775333"><ele>1309.0</ele><time>2022-10-10T18:07:15.465Z</time></trkpt><trkpt lat="51.08355833" lon="-115.34776667"><ele>1309.0</ele><time>2022-10-10T18:07:16.465Z</time></trkpt><trkpt lat="51.08355333" lon="-115.34778333"><ele>1310.0</ele><time>2022-10-10T18:07:17.465Z</time></trkpt><trkpt lat="51.08354833" lon="-115.34779833"><ele>1310.0</ele><time>2022-10-10T18:07:18.465Z</time></trkpt><trkpt lat="51.08354333" lon="-115.34781167"><ele>1311.0</ele><time>2022-10-10T18:07:19.465Z</time></trkpt><trkpt lat="51.08354167" lon="-115.34782333"><ele>1311.0</ele><time>2022-10-10T18:07:20.465Z</time></trkpt><trkpt lat="51.08353833" lon="-115.34783833"><ele>1311.0</ele><time>2022-10-10T18:07:21.465Z</time></trkpt><trkpt lat="51.08353167" lon="-115.347855"><ele>1312.0</ele><time>2022-10-10T18:07:22.465Z</time></trkpt><trkpt lat="51.08352667" lon="-115.34787167"><ele>1312.0</ele><time>2022-10-10T18:07:23.465Z</time></trkpt><trkpt lat="51.08352167" lon="-115.34788833"><ele>1313.0</ele><time>2022-10-10T18:07:24.465Z</time></trkpt><trkpt lat="51.08351833" lon="-115.34790333"><ele>1313.0</ele><time>2022-10-10T18:07:25.465Z</time></trkpt><trkpt lat="51.083515" lon="-115.34792"><ele>1313.0</ele><time>2022-10-10T18:07:26.464Z</time></trkpt><trkpt lat="51.08351" lon="-115.34793667"><ele>1313.0</ele><time>2022-10-10T18:07:27.465Z</time></trkpt><trkpt lat="51.083505" lon="-115.34795167"><ele>1313.0</ele><time>2022-10-10T18:07:28.465Z</time></trkpt><trkpt lat="51.0835" lon="-115.34796833"><ele>1312.0</ele><time>2022-10-10T18:07:29.464Z</time></trkpt><trkpt lat="51.08349667" lon="-115.34798"><ele>1312.0</ele><time>2022-10-10T18:07:30.465Z</time></trkpt><trkpt lat="51.08349333" lon="-115.34799667"><ele>1311.0</ele><time>2022-10-10T18:07:31.464Z</time></trkpt><trkpt lat="51.08349333" lon="-115.34801167"><ele>1310.0</ele><time>2022-10-10T18:07:32.465Z</time></trkpt><trkpt lat="51.08349167" lon="-115.348025"><ele>1310.0</ele><time>2022-10-10T18:07:33.465Z</time></trkpt><trkpt lat="51.08348667" lon="-115.34803333"><ele>1310.0</ele><time>2022-10-10T18:07:34.464Z</time></trkpt><trkpt lat="51.083485" lon="-115.348045"><ele>1309.0</ele><time>2022-10-10T18:07:35.465Z</time></trkpt><trkpt lat="51.083485" lon="-115.34805833"><ele>1310.0</ele><time>2022-10-10T18:07:36.465Z</time></trkpt><trkpt lat="51.083485" lon="-115.348075"><ele>1310.0</ele><time>2022-10-10T18:07:37.465Z</time></trkpt><trkpt lat="51.08348333" lon="-115.34809167"><ele>1310.0</ele><time>2022-10-10T18:07:38.464Z</time></trkpt><trkpt lat="51.08348333" lon="-115.34810833"><ele>1310.0</ele><time>2022-10-10T18:07:39.464Z</time></trkpt><trkpt lat="51.08348167" lon="-115.34812333"><ele>1311.0</ele><time>2022-10-10T18:07:40.464Z</time></trkpt><trkpt lat="51.08348167" lon="-115.34813833"><ele>1311.0</ele><time>2022-10-10T18:07:41.464Z</time></trkpt><trkpt lat="51.08348167" lon="-115.34815167"><ele>1312.0</ele><time>2022-10-10T18:07:42.465Z</time></trkpt><trkpt lat="51.08348167" lon="-115.34816667"><ele>1312.0</ele><time>2022-10-10T18:07:43.464Z</time></trkpt><trkpt lat="51.08348167" lon="-115.34818167"><ele>1313.0</ele><time>2022-10-10T18:07:44.465Z</time></trkpt><trkpt lat="51.08348" lon="-115.34819667"><ele>1313.0</ele><time>2022-10-10T18:07:45.465Z</time></trkpt><trkpt lat="51.08347667" lon="-115.34820833"><ele>1313.0</ele><time>2022-10-10T18:07:46.465Z</time></trkpt><trkpt lat="51.083475" lon="-115.34822833"><ele>1313.0</ele><time>2022-10-10T18:07:47.464Z</time></trkpt><trkpt lat="51.08347167" lon="-115.34824667"><ele>1313.0</ele><time>2022-10-10T18:07:48.465Z</time></trkpt><trkpt lat="51.08347167" lon="-115.34826667"><ele>1313.0</ele><time>2022-10-10T18:07:49.465Z</time></trkpt><trkpt lat="51.08347167" lon="-115.34828333"><ele>1313.0</ele><time>2022-10-10T18:07:50.465Z</time></trkpt><trkpt lat="51.08347333" lon="-115.34829833"><ele>1314.0</ele><time>2022-10-10T18:07:51.464Z</time></trkpt><trkpt lat="51.08348" lon="-115.34831167"><ele>1314.0</ele><time>2022-10-10T18:07:52.465Z</time></trkpt><trkpt lat="51.08348833" lon="-115.34832667"><ele>1315.0</ele><time>2022-10-10T18:07:53.465Z</time></trkpt><trkpt lat="51.08349833" lon="-115.34834833"><ele>1316.0</ele><time>2022-10-10T18:07:54.464Z</time></trkpt><trkpt lat="51.083505" lon="-115.34836667"><ele>1316.0</ele><time>2022-10-10T18:07:55.464Z</time></trkpt><trkpt lat="51.08351" lon="-115.348385"><ele>1317.0</ele><time>2022-10-10T18:07:56.465Z</time></trkpt><trkpt lat="51.08351333" lon="-115.3484"><ele>1317.0</ele><time>2022-10-10T18:07:57.465Z</time></trkpt><trkpt lat="51.08351833" lon="-115.348415"><ele>1318.0</ele><time>2022-10-10T18:07:58.465Z</time></trkpt><trkpt lat="51.083525" lon="-115.34843"><ele>1319.0</ele><time>2022-10-10T18:07:59.465Z</time></trkpt><trkpt lat="51.08353167" lon="-115.348445"><ele>1319.0</ele><time>2022-10-10T18:08:00.465Z</time></trkpt><trkpt lat="51.08353667" lon="-115.34846"><ele>1320.0</ele><time>2022-10-10T18:08:01.464Z</time></trkpt><trkpt lat="51.08354167" lon="-115.34847667"><ele>1320.0</ele><time>2022-10-10T18:08:02.464Z</time></trkpt><trkpt lat="51.08354667" lon="-115.34849833"><ele>1320.0</ele><time>2022-10-10T18:08:03.465Z</time></trkpt><trkpt lat="51.08354667" lon="-115.34851333"><ele>1320.0</ele><time>2022-10-10T18:08:04.465Z</time></trkpt><trkpt lat="51.08354667" lon="-115.34852833"><ele>1320.0</ele><time>2022-10-10T18:08:05.464Z</time></trkpt><trkpt lat="51.08354333" lon="-115.348545"><ele>1319.0</ele><time>2022-10-10T18:08:06.464Z</time></trkpt><trkpt lat="51.08354333" lon="-115.34856333"><ele>1319.0</ele><time>2022-10-10T18:08:07.464Z</time></trkpt><trkpt lat="51.083545" lon="-115.34858167"><ele>1319.0</ele><time>2022-10-10T18:08:08.464Z</time></trkpt><trkpt lat="51.08354833" lon="-115.34860167"><ele>1319.0</ele><time>2022-10-10T18:08:09.464Z</time></trkpt><trkpt lat="51.08355" lon="-115.34862167"><ele>1319.0</ele><time>2022-10-10T18:08:10.464Z</time></trkpt><trkpt lat="51.08355167" lon="-115.34863833"><ele>1319.0</ele><time>2022-10-10T18:08:11.464Z</time></trkpt><trkpt lat="51.08355667" lon="-115.34866"><ele>1319.0</ele><time>2022-10-10T18:08:12.464Z</time></trkpt><trkpt lat="51.08357833" lon="-115.34869"><ele>1318.0</ele><time>2022-10-10T18:08:13.465Z</time></trkpt><trkpt lat="51.08359667" lon="-115.34870667"><ele>1318.0</ele><time>2022-10-10T18:08:14.465Z</time></trkpt><trkpt lat="51.08359833" lon="-115.34872167"><ele>1318.0</ele><time>2022-10-10T18:08:15.464Z</time></trkpt><trkpt lat="51.08360167" lon="-115.34873333"><ele>1318.0</ele><time>2022-10-10T18:08:16.465Z</time></trkpt><trkpt lat="51.08360333" lon="-115.348755"><ele>1318.0</ele><time>2022-10-10T18:08:17.465Z</time></trkpt><trkpt lat="51.0836" lon="-115.34877167"><ele>1318.0</ele><time>2022-10-10T18:08:18.464Z</time></trkpt><trkpt lat="51.08359667" lon="-115.34878667"><ele>1318.0</ele><time>2022-10-10T18:08:19.465Z</time></trkpt><trkpt lat="51.083595" lon="-115.34879833"><ele>1318.0</ele><time>2022-10-10T18:08:20.465Z</time></trkpt><trkpt lat="51.08359333" lon="-115.348815"><ele>1318.0</ele><time>2022-10-10T18:08:21.465Z</time></trkpt><trkpt lat="51.08359167" lon="-115.34883167"><ele>1317.0</ele><time>2022-10-10T18:08:22.464Z</time></trkpt><trkpt lat="51.08359" lon="-115.34884667"><ele>1317.0</ele><time>2022-10-10T18:08:23.465Z</time></trkpt><trkpt lat="51.08359" lon="-115.34886"><ele>1316.0</ele><time>2022-10-10T18:08:24.465Z</time></trkpt><trkpt lat="51.08359" lon="-115.348875"><ele>1315.0</ele><time>2022-10-10T18:08:25.465Z</time></trkpt><trkpt lat="51.08358833" lon="-115.34888833"><ele>1315.0</ele><time>2022-10-10T18:08:26.465Z</time></trkpt><trkpt lat="51.08359" lon="-115.34890167"><ele>1315.0</ele><time>2022-10-10T18:08:27.465Z</time></trkpt><trkpt lat="51.08359667" lon="-115.34892167"><ele>1315.0</ele><time>2022-10-10T18:08:28.464Z</time></trkpt><trkpt lat="51.0836" lon="-115.34894"><ele>1315.0</ele><time>2022-10-10T18:08:29.465Z</time></trkpt><trkpt lat="51.083605" lon="-115.34895333"><ele>1315.0</ele><time>2022-10-10T18:08:30.465Z</time></trkpt><trkpt lat="51.08360667" lon="-115.34896167"><ele>1315.0</ele><time>2022-10-10T18:08:31.464Z</time></trkpt><trkpt lat="51.08361167" lon="-115.34897"><ele>1315.0</ele><time>2022-10-10T18:08:32.465Z</time></trkpt><trkpt lat="51.083615" lon="-115.34897833"><ele>1315.0</ele><time>2022-10-10T18:08:33.465Z</time></trkpt><trkpt lat="51.08361667" lon="-115.348985"><ele>1315.0</ele><time>2022-10-10T18:08:34.464Z</time></trkpt><trkpt lat="51.08361833" lon="-115.34899333"><ele>1315.0</ele><time>2022-10-10T18:08:35.465Z</time></trkpt><trkpt lat="51.08362167" lon="-115.34900167"><ele>1315.0</ele><time>2022-10-10T18:08:36.465Z</time></trkpt><trkpt lat="51.08362333" lon="-115.34901"><ele>1316.0</ele><time>2022-10-10T18:08:37.465Z</time></trkpt><trkpt lat="51.083625" lon="-115.34901833"><ele>1317.0</ele><time>2022-10-10T18:08:38.464Z</time></trkpt><trkpt lat="51.08362833" lon="-115.34902"><ele>1317.0</ele><time>2022-10-10T18:08:39.465Z</time></trkpt><trkpt lat="51.08363" lon="-115.34901833"><ele>1318.0</ele><time>2022-10-10T18:08:40.465Z</time></trkpt><trkpt lat="51.083635" lon="-115.34902"><ele>1318.0</ele><time>2022-10-10T18:08:41.465Z</time></trkpt><trkpt lat="51.083635" lon="-115.34902667"><ele>1318.0</ele><time>2022-10-10T18:08:42.465Z</time></trkpt><trkpt lat="51.08363667" lon="-115.34903"><ele>1318.0</ele><time>2022-10-10T18:08:43.465Z</time></trkpt><trkpt lat="51.08364333" lon="-115.34902833"><ele>1318.0</ele><time>2022-10-10T18:08:44.465Z</time></trkpt><trkpt lat="51.08365167" lon="-115.34903333"><ele>1317.0</ele><time>2022-10-10T18:08:45.465Z</time></trkpt><trkpt lat="51.083665" lon="-115.34904167"><ele>1317.0</ele><time>2022-10-10T18:08:46.464Z</time></trkpt><trkpt lat="51.08367333" lon="-115.349055"><ele>1317.0</ele><time>2022-10-10T18:08:47.465Z</time></trkpt><trkpt lat="51.08368" lon="-115.34907"><ele>1317.0</ele><time>2022-10-10T18:08:48.465Z</time></trkpt><trkpt lat="51.08369" lon="-115.349085"><ele>1317.0</ele><time>2022-10-10T18:08:49.464Z</time></trkpt><trkpt lat="51.08370167" lon="-115.349095"><ele>1317.0</ele><time>2022-10-10T18:08:50.465Z</time></trkpt><trkpt lat="51.08371333" lon="-115.3491"><ele>1317.0</ele><time>2022-10-10T18:08:51.464Z</time></trkpt><trkpt lat="51.083725" lon="-115.3491"><ele>1318.0</ele><time>2022-10-10T18:08:52.465Z</time></trkpt><trkpt lat="51.083735" lon="-115.34910167"><ele>1318.0</ele><time>2022-10-10T18:08:53.465Z</time></trkpt><trkpt lat="51.083745" lon="-115.34910667"><ele>1319.0</ele><time>2022-10-10T18:08:54.465Z</time></trkpt><trkpt lat="51.08375333" lon="-115.34911167"><ele>1320.0</ele><time>2022-10-10T18:08:55.465Z</time></trkpt><trkpt lat="51.083765" lon="-115.34911333"><ele>1320.0</ele><time>2022-10-10T18:08:56.465Z</time></trkpt><trkpt lat="51.083775" lon="-115.34911667"><ele>1321.0</ele><time>2022-10-10T18:08:57.464Z</time></trkpt><trkpt lat="51.083785" lon="-115.34912"><ele>1321.0</ele><time>2022-10-10T18:08:58.465Z</time></trkpt><trkpt lat="51.08379667" lon="-115.34911667"><ele>1321.0</ele><time>2022-10-10T18:08:59.465Z</time></trkpt><trkpt lat="51.08380667" lon="-115.34911167"><ele>1321.0</ele><time>2022-10-10T18:09:00.465Z</time></trkpt><trkpt lat="51.08381333" lon="-115.34911"><ele>1321.0</ele><time>2022-10-10T18:09:01.464Z</time></trkpt><trkpt lat="51.08382167" lon="-115.34910667"><ele>1321.0</ele><time>2022-10-10T18:09:02.465Z</time></trkpt><trkpt lat="51.08383333" lon="-115.34911167"><ele>1321.0</ele><time>2022-10-10T18:09:03.465Z</time></trkpt><trkpt lat="51.08384167" lon="-115.34911667"><ele>1321.0</ele><time>2022-10-10T18:09:04.464Z</time></trkpt><trkpt lat="51.08384667" lon="-115.34912333"><ele>1322.0</ele><time>2022-10-10T18:09:05.465Z</time></trkpt><trkpt lat="51.08384833" lon="-115.34913"><ele>1323.0</ele><time>2022-10-10T18:09:06.465Z</time></trkpt><trkpt lat="51.08385167" lon="-115.34913833"><ele>1323.0</ele><time>2022-10-10T18:09:07.465Z</time></trkpt><trkpt lat="51.083855" lon="-115.34914833"><ele>1323.0</ele><time>2022-10-10T18:09:08.464Z</time></trkpt><trkpt lat="51.08386" lon="-115.34917333"><ele>1324.0</ele><time>2022-10-10T18:09:09.465Z</time></trkpt><trkpt lat="51.08386667" lon="-115.34919"><ele>1324.0</ele><time>2022-10-10T18:09:10.465Z</time></trkpt><trkpt lat="51.083875" lon="-115.349205"><ele>1325.0</ele><time>2022-10-10T18:09:11.464Z</time></trkpt><trkpt lat="51.08388167" lon="-115.34921167"><ele>1326.0</ele><time>2022-10-10T18:09:12.465Z</time></trkpt><trkpt lat="51.083885" lon="-115.34922"><ele>1327.0</ele><time>2022-10-10T18:09:13.465Z</time></trkpt><trkpt lat="51.08388833" lon="-115.34923167"><ele>1328.0</ele><time>2022-10-10T18:09:14.464Z</time></trkpt><trkpt lat="51.083885" lon="-115.34924333"><ele>1328.0</ele><time>2022-10-10T18:09:15.465Z</time></trkpt><trkpt lat="51.08388833" lon="-115.34926167"><ele>1329.0</ele><time>2022-10-10T18:09:16.465Z</time></trkpt><trkpt lat="51.08389333" lon="-115.349275"><ele>1329.0</ele><time>2022-10-10T18:09:17.465Z</time></trkpt><trkpt lat="51.08390333" lon="-115.34928667"><ele>1330.0</ele><time>2022-10-10T18:09:18.464Z</time></trkpt><trkpt lat="51.08391333" lon="-115.349295"><ele>1331.0</ele><time>2022-10-10T18:09:19.465Z</time></trkpt><trkpt lat="51.08392333" lon="-115.34930333"><ele>1331.0</ele><time>2022-10-10T18:09:20.465Z</time></trkpt><trkpt lat="51.08393" lon="-115.34931167"><ele>1332.0</ele><time>2022-10-10T18:09:21.465Z</time></trkpt><trkpt lat="51.08393667" lon="-115.34932333"><ele>1333.0</ele><time>2022-10-10T18:09:22.464Z</time></trkpt><trkpt lat="51.08394167" lon="-115.34933167"><ele>1335.0</ele><time>2022-10-10T18:09:23.464Z</time></trkpt><trkpt lat="51.083945" lon="-115.34933833"><ele>1337.0</ele><time>2022-10-10T18:09:24.464Z</time></trkpt><trkpt lat="51.08395" lon="-115.349345"><ele>1338.0</ele><time>2022-10-10T18:09:25.464Z</time></trkpt><trkpt lat="51.08395333" lon="-115.34935833"><ele>1340.0</ele><time>2022-10-10T18:09:26.465Z</time></trkpt><trkpt lat="51.083955" lon="-115.349375"><ele>1342.0</ele><time>2022-10-10T18:09:27.465Z</time></trkpt><trkpt lat="51.08395833" lon="-115.34937167"><ele>1343.0</ele><time>2022-10-10T18:09:28.465Z</time></trkpt><trkpt lat="51.08396667" lon="-115.34936"><ele>1344.0</ele><time>2022-10-10T18:09:29.465Z</time></trkpt><trkpt lat="51.08397167" lon="-115.34937"><ele>1345.0</ele><time>2022-10-10T18:09:30.465Z</time></trkpt><trkpt lat="51.083985" lon="-115.34937333"><ele>1345.0</ele><time>2022-10-10T18:09:31.465Z</time></trkpt><trkpt lat="51.08400167" lon="-115.34937333"><ele>1346.0</ele><time>2022-10-10T18:09:32.464Z</time></trkpt><trkpt lat="51.08401667" lon="-115.34936833"><ele>1346.0</ele><time>2022-10-10T18:09:33.465Z</time></trkpt><trkpt lat="51.08403167" lon="-115.349355"><ele>1346.0</ele><time>2022-10-10T18:09:34.465Z</time></trkpt><trkpt lat="51.08404667" lon="-115.34933667"><ele>1345.0</ele><time>2022-10-10T18:09:35.464Z</time></trkpt><trkpt lat="51.08405833" lon="-115.34933167"><ele>1344.0</ele><time>2022-10-10T18:09:36.465Z</time></trkpt><trkpt lat="51.08407167" lon="-115.34932667"><ele>1343.0</ele><time>2022-10-10T18:09:37.464Z</time></trkpt><trkpt lat="51.08408333" lon="-115.34932667"><ele>1342.0</ele><time>2022-10-10T18:09:38.464Z</time></trkpt><trkpt lat="51.08409667" lon="-115.349325"><ele>1341.0</ele><time>2022-10-10T18:09:39.465Z</time></trkpt><trkpt lat="51.08410667" lon="-115.34932"><ele>1340.0</ele><time>2022-10-10T18:09:40.465Z</time></trkpt><trkpt lat="51.08411833" lon="-115.34932333"><ele>1339.0</ele><time>2022-10-10T18:09:41.464Z</time></trkpt><trkpt lat="51.08412833" lon="-115.34932833"><ele>1338.0</ele><time>2022-10-10T18:09:42.465Z</time></trkpt><trkpt lat="51.08413333" lon="-115.349335"><ele>1337.0</ele><time>2022-10-10T18:09:43.464Z</time></trkpt><trkpt lat="51.08414" lon="-115.34933833"><ele>1336.0</ele><time>2022-10-10T18:09:44.465Z</time></trkpt><trkpt lat="51.08414833" lon="-115.34934"><ele>1336.0</ele><time>2022-10-10T18:09:45.465Z</time></trkpt><trkpt lat="51.08415667" lon="-115.34934667"><ele>1336.0</ele><time>2022-10-10T18:09:46.464Z</time></trkpt><trkpt lat="51.08416333" lon="-115.34934667"><ele>1336.0</ele><time>2022-10-10T18:09:47.465Z</time></trkpt><trkpt lat="51.08417333" lon="-115.34934"><ele>1337.0</ele><time>2022-10-10T18:09:48.465Z</time></trkpt><trkpt lat="51.08418333" lon="-115.34933667"><ele>1337.0</ele><time>2022-10-10T18:09:49.465Z</time></trkpt><trkpt lat="51.08419167" lon="-115.34933333"><ele>1337.0</ele><time>2022-10-10T18:09:50.464Z</time></trkpt><trkpt lat="51.084205" lon="-115.34933667"><ele>1338.0</ele><time>2022-10-10T18:09:51.465Z</time></trkpt><trkpt lat="51.08421333" lon="-115.34933667"><ele>1338.0</ele><time>2022-10-10T18:09:52.465Z</time></trkpt><trkpt lat="51.08422" lon="-115.34934"><ele>1339.0</ele><time>2022-10-10T18:09:53.465Z</time></trkpt><trkpt lat="51.08422667" lon="-115.349345"><ele>1339.0</ele><time>2022-10-10T18:09:54.464Z</time></trkpt><trkpt lat="51.084235" lon="-115.34934833"><ele>1339.0</ele><time>2022-10-10T18:09:55.465Z</time></trkpt><trkpt lat="51.08424333" lon="-115.349355"><ele>1340.0</ele><time>2022-10-10T18:09:56.465Z</time></trkpt><trkpt lat="51.08424833" lon="-115.349365"><ele>1340.0</ele><time>2022-10-10T18:09:57.465Z</time></trkpt><trkpt lat="51.084265" lon="-115.349375"><ele>1341.0</ele><time>2022-10-10T18:09:58.465Z</time></trkpt><trkpt lat="51.08428167" lon="-115.34937667"><ele>1342.0</ele><time>2022-10-10T18:09:59.465Z</time></trkpt><trkpt lat="51.08429667" lon="-115.349375"><ele>1342.0</ele><time>2022-10-10T18:10:00.465Z</time></trkpt><trkpt lat="51.08431" lon="-115.34938"><ele>1343.0</ele><time>2022-10-10T18:10:01.465Z</time></trkpt><trkpt lat="51.08432167" lon="-115.34938167"><ele>1344.0</ele><time>2022-10-10T18:10:02.465Z</time></trkpt><trkpt lat="51.084335" lon="-115.34938"><ele>1344.0</ele><time>2022-10-10T18:10:03.465Z</time></trkpt><trkpt lat="51.08435" lon="-115.34937833"><ele>1343.0</ele><time>2022-10-10T18:10:04.464Z</time></trkpt><trkpt lat="51.08436333" lon="-115.349375"><ele>1342.0</ele><time>2022-10-10T18:10:05.465Z</time></trkpt><trkpt lat="51.08438" lon="-115.34936333"><ele>1341.0</ele><time>2022-10-10T18:10:06.465Z</time></trkpt><trkpt lat="51.08439667" lon="-115.34934667"><ele>1339.0</ele><time>2022-10-10T18:10:07.465Z</time></trkpt><trkpt lat="51.08441" lon="-115.34933667"><ele>1337.0</ele><time>2022-10-10T18:10:08.465Z</time></trkpt><trkpt lat="51.08442167" lon="-115.34933"><ele>1336.0</ele><time>2022-10-10T18:10:09.465Z</time></trkpt><trkpt lat="51.08443333" lon="-115.34932333"><ele>1334.0</ele><time>2022-10-10T18:10:10.464Z</time></trkpt><trkpt lat="51.08444833" lon="-115.349315"><ele>1332.0</ele><time>2022-10-10T18:10:11.465Z</time></trkpt><trkpt lat="51.08445833" lon="-115.34930667"><ele>1330.0</ele><time>2022-10-10T18:10:12.465Z</time></trkpt><trkpt lat="51.08447" lon="-115.34929667"><ele>1328.0</ele><time>2022-10-10T18:10:13.465Z</time></trkpt><trkpt lat="51.08448" lon="-115.34928333"><ele>1326.0</ele><time>2022-10-10T18:10:14.464Z</time></trkpt><trkpt lat="51.08449167" lon="-115.34927667"><ele>1325.0</ele><time>2022-10-10T18:10:15.465Z</time></trkpt><trkpt lat="51.08450667" lon="-115.34927"><ele>1323.0</ele><time>2022-10-10T18:10:16.465Z</time></trkpt><trkpt lat="51.08452333" lon="-115.34927"><ele>1322.0</ele><time>2022-10-10T18:10:17.465Z</time></trkpt><trkpt lat="51.08453667" lon="-115.34927667"><ele>1321.0</ele><time>2022-10-10T18:10:18.464Z</time></trkpt><trkpt lat="51.08454667" lon="-115.34928333"><ele>1320.0</ele><time>2022-10-10T18:10:19.465Z</time></trkpt><trkpt lat="51.08455833" lon="-115.34928833"><ele>1319.0</ele><time>2022-10-10T18:10:20.465Z</time></trkpt><trkpt lat="51.08457167" lon="-115.34929167"><ele>1319.0</ele><time>2022-10-10T18:10:21.464Z</time></trkpt><trkpt lat="51.08458167" lon="-115.34930333"><ele>1320.0</ele><time>2022-10-10T18:10:22.465Z</time></trkpt><trkpt lat="51.08459" lon="-115.349305"><ele>1320.0</ele><time>2022-10-10T18:10:23.465Z</time></trkpt><trkpt lat="51.0846" lon="-115.34930333"><ele>1320.0</ele><time>2022-10-10T18:10:24.465Z</time></trkpt><trkpt lat="51.08460667" lon="-115.34931"><ele>1321.0</ele><time>2022-10-10T18:10:25.465Z</time></trkpt><trkpt lat="51.084615" lon="-115.34932"><ele>1321.0</ele><time>2022-10-10T18:10:26.464Z</time></trkpt><trkpt lat="51.084625" lon="-115.349325"><ele>1322.0</ele><time>2022-10-10T18:10:27.465Z</time></trkpt><trkpt lat="51.084625" lon="-115.34933667"><ele>1323.0</ele><time>2022-10-10T18:10:28.465Z</time></trkpt><trkpt lat="51.08462667" lon="-115.34933667"><ele>1324.0</ele><time>2022-10-10T18:10:29.465Z</time></trkpt><trkpt lat="51.084625" lon="-115.34934167"><ele>1325.0</ele><time>2022-10-10T18:10:30.464Z</time></trkpt><trkpt lat="51.084625" lon="-115.34934833"><ele>1326.0</ele><time>2022-10-10T18:10:31.465Z</time></trkpt><trkpt lat="51.08462667" lon="-115.34935167"><ele>1327.0</ele><time>2022-10-10T18:10:32.465Z</time></trkpt><trkpt lat="51.084625" lon="-115.34936"><ele>1328.0</ele><time>2022-10-10T18:10:33.465Z</time></trkpt><trkpt lat="51.08462167" lon="-115.34937333"><ele>1329.0</ele><time>2022-10-10T18:10:34.465Z</time></trkpt><trkpt lat="51.08462167" lon="-115.34938333"><ele>1330.0</ele><time>2022-10-10T18:10:35.464Z</time></trkpt><trkpt lat="51.08462167" lon="-115.349395"><ele>1331.0</ele><time>2022-10-10T18:10:36.465Z</time></trkpt><trkpt lat="51.08462333" lon="-115.34940333"><ele>1332.0</ele><time>2022-10-10T18:10:37.464Z</time></trkpt><trkpt lat="51.08462833" lon="-115.34941833"><ele>1333.0</ele><time>2022-10-10T18:10:38.465Z</time></trkpt><trkpt lat="51.08462667" lon="-115.34943833"><ele>1334.0</ele><time>2022-10-10T18:10:39.464Z</time></trkpt><trkpt lat="51.08462667" lon="-115.349445"><ele>1335.0</ele><time>2022-10-10T18:10:40.464Z</time></trkpt><trkpt lat="51.08463167" lon="-115.34945333"><ele>1336.0</ele><time>2022-10-10T18:10:41.465Z</time></trkpt><trkpt lat="51.08463833" lon="-115.34945333"><ele>1337.0</ele><time>2022-10-10T18:10:42.465Z</time></trkpt><trkpt lat="51.08464833" lon="-115.34945333"><ele>1338.0</ele><time>2022-10-10T18:10:43.465Z</time></trkpt><trkpt lat="51.084655" lon="-115.34945167"><ele>1339.0</ele><time>2022-10-10T18:10:44.464Z</time></trkpt><trkpt lat="51.08466167" lon="-115.34945"><ele>1340.0</ele><time>2022-10-10T18:10:45.465Z</time></trkpt><trkpt lat="51.08467" lon="-115.34945167"><ele>1341.0</ele><time>2022-10-10T18:10:46.465Z</time></trkpt><trkpt lat="51.084675" lon="-115.349455"><ele>1342.0</ele><time>2022-10-10T18:10:47.465Z</time></trkpt><trkpt lat="51.08468167" lon="-115.34944667"><ele>1342.0</ele><time>2022-10-10T18:10:48.464Z</time></trkpt><trkpt lat="51.08469" lon="-115.349445"><ele>1343.0</ele><time>2022-10-10T18:10:49.464Z</time></trkpt><trkpt lat="51.08470333" lon="-115.34944333"><ele>1343.0</ele><time>2022-10-10T18:10:50.465Z</time></trkpt><trkpt lat="51.08471333" lon="-115.34945"><ele>1343.0</ele><time>2022-10-10T18:10:51.464Z</time></trkpt><trkpt lat="51.084725" lon="-115.34945333"><ele>1344.0</ele><time>2022-10-10T18:10:52.465Z</time></trkpt><trkpt lat="51.084735" lon="-115.34946"><ele>1344.0</ele><time>2022-10-10T18:10:53.464Z</time></trkpt><trkpt lat="51.08474333" lon="-115.34947"><ele>1344.0</ele><time>2022-10-10T18:10:54.465Z</time></trkpt><trkpt lat="51.08475333" lon="-115.34947833"><ele>1344.0</ele><time>2022-10-10T18:10:55.465Z</time></trkpt><trkpt lat="51.08475833" lon="-115.34948333"><ele>1344.0</ele><time>2022-10-10T18:10:56.465Z</time></trkpt><trkpt lat="51.084765" lon="-115.34948667"><ele>1345.0</ele><time>2022-10-10T18:10:57.465Z</time></trkpt><trkpt lat="51.08477333" lon="-115.34949167"><ele>1345.0</ele><time>2022-10-10T18:10:58.465Z</time></trkpt><trkpt lat="51.08478333" lon="-115.34949667"><ele>1346.0</ele><time>2022-10-10T18:10:59.464Z</time></trkpt><trkpt lat="51.084795" lon="-115.349505"><ele>1346.0</ele><time>2022-10-10T18:11:00.464Z</time></trkpt><trkpt lat="51.084805" lon="-115.34951333"><ele>1347.0</ele><time>2022-10-10T18:11:01.465Z</time></trkpt><trkpt lat="51.08481167" lon="-115.34952333"><ele>1347.0</ele><time>2022-10-10T18:11:02.465Z</time></trkpt><trkpt lat="51.08482167" lon="-115.349535"><ele>1348.0</ele><time>2022-10-10T18:11:03.465Z</time></trkpt><trkpt lat="51.08483" lon="-115.34954167"><ele>1348.0</ele><time>2022-10-10T18:11:04.465Z</time></trkpt><trkpt lat="51.08484" lon="-115.349545"><ele>1349.0</ele><time>2022-10-10T18:11:05.465Z</time></trkpt><trkpt lat="51.08485167" lon="-115.34954667"><ele>1349.0</ele><time>2022-10-10T18:11:06.465Z</time></trkpt><trkpt lat="51.08486333" lon="-115.349555"><ele>1350.0</ele><time>2022-10-10T18:11:07.465Z</time></trkpt><trkpt lat="51.08487667" lon="-115.349555"><ele>1350.0</ele><time>2022-10-10T18:11:08.464Z</time></trkpt><trkpt lat="51.08488667" lon="-115.34956"><ele>1351.0</ele><time>2022-10-10T18:11:09.465Z</time></trkpt><trkpt lat="51.08489333" lon="-115.34956167"><ele>1351.0</ele><time>2022-10-10T18:11:10.465Z</time></trkpt><trkpt lat="51.08490167" lon="-115.34956"><ele>1352.0</ele><time>2022-10-10T18:11:11.464Z</time></trkpt><trkpt lat="51.084915" lon="-115.34957"><ele>1352.0</ele><time>2022-10-10T18:11:12.465Z</time></trkpt><trkpt lat="51.08492333" lon="-115.34957833"><ele>1352.0</ele><time>2022-10-10T18:11:13.464Z</time></trkpt><trkpt lat="51.08493" lon="-115.349585"><ele>1353.0</ele><time>2022-10-10T18:11:14.465Z</time></trkpt><trkpt lat="51.08493833" lon="-115.34959"><ele>1353.0</ele><time>2022-10-10T18:11:15.465Z</time></trkpt><trkpt lat="51.084945" lon="-115.349595"><ele>1354.0</ele><time>2022-10-10T18:11:16.465Z</time></trkpt><trkpt lat="51.08495667" lon="-115.34960167"><ele>1355.0</ele><time>2022-10-10T18:11:17.464Z</time></trkpt><trkpt lat="51.08496667" lon="-115.349605"><ele>1356.0</ele><time>2022-10-10T18:11:18.465Z</time></trkpt><trkpt lat="51.08497333" lon="-115.34960667"><ele>1357.0</ele><time>2022-10-10T18:11:19.465Z</time></trkpt><trkpt lat="51.08498333" lon="-115.34961167"><ele>1357.0</ele><time>2022-10-10T18:11:20.464Z</time></trkpt><trkpt lat="51.08499167" lon="-115.34962"><ele>1358.0</ele><time>2022-10-10T18:11:21.465Z</time></trkpt><trkpt lat="51.08500333" lon="-115.34962"><ele>1358.0</ele><time>2022-10-10T18:11:22.465Z</time></trkpt><trkpt lat="51.08501" lon="-115.34963167"><ele>1358.0</ele><time>2022-10-10T18:11:23.465Z</time></trkpt><trkpt lat="51.08501833" lon="-115.349645"><ele>1359.0</ele><time>2022-10-10T18:11:24.465Z</time></trkpt><trkpt lat="51.085025" lon="-115.34965167"><ele>1359.0</ele><time>2022-10-10T18:11:25.464Z</time></trkpt><trkpt lat="51.08504" lon="-115.34966"><ele>1359.0</ele><time>2022-10-10T18:11:26.465Z</time></trkpt><trkpt lat="51.085055" lon="-115.34966333"><ele>1359.0</ele><time>2022-10-10T18:11:27.465Z</time></trkpt><trkpt lat="51.085065" lon="-115.34966833"><ele>1359.0</ele><time>2022-10-10T18:11:28.465Z</time></trkpt><trkpt lat="51.08507333" lon="-115.34967833"><ele>1360.0</ele><time>2022-10-10T18:11:29.464Z</time></trkpt><trkpt lat="51.085085" lon="-115.34968667"><ele>1360.0</ele><time>2022-10-10T18:11:30.465Z</time></trkpt><trkpt lat="51.08510167" lon="-115.34969667"><ele>1360.0</ele><time>2022-10-10T18:11:31.465Z</time></trkpt><trkpt lat="51.08511667" lon="-115.34970167"><ele>1361.0</ele><time>2022-10-10T18:11:32.464Z</time></trkpt><trkpt lat="51.08512833" lon="-115.34970667"><ele>1361.0</ele><time>2022-10-10T18:11:33.465Z</time></trkpt><trkpt lat="51.08514167" lon="-115.34971167"><ele>1361.0</ele><time>2022-10-10T18:11:34.464Z</time></trkpt><trkpt lat="51.08515333" lon="-115.34971833"><ele>1361.0</ele><time>2022-10-10T18:11:35.465Z</time></trkpt><trkpt lat="51.08516333" lon="-115.34972667"><ele>1361.0</ele><time>2022-10-10T18:11:36.465Z</time></trkpt><trkpt lat="51.08516833" lon="-115.34972833"><ele>1361.0</ele><time>2022-10-10T18:11:37.465Z</time></trkpt><trkpt lat="51.08517167" lon="-115.34973167"><ele>1361.0</ele><time>2022-10-10T18:11:38.464Z</time></trkpt><trkpt lat="51.08517833" lon="-115.34974833"><ele>1361.0</ele><time>2022-10-10T18:11:39.465Z</time></trkpt><trkpt lat="51.085195" lon="-115.34975833"><ele>1362.0</ele><time>2022-10-10T18:11:40.465Z</time></trkpt><trkpt lat="51.085215" lon="-115.34977"><ele>1362.0</ele><time>2022-10-10T18:11:41.464Z</time></trkpt><trkpt lat="51.08522833" lon="-115.34976167"><ele>1363.0</ele><time>2022-10-10T18:11:42.464Z</time></trkpt><trkpt lat="51.08524" lon="-115.34974"><ele>1363.0</ele><time>2022-10-10T18:11:43.464Z</time></trkpt><trkpt lat="51.08525167" lon="-115.34972167"><ele>1362.0</ele><time>2022-10-10T18:11:44.465Z</time></trkpt><trkpt lat="51.08526333" lon="-115.34969667"><ele>1362.0</ele><time>2022-10-10T18:11:45.465Z</time></trkpt><trkpt lat="51.08527333" lon="-115.34967833"><ele>1359.0</ele><time>2022-10-10T18:11:46.465Z</time></trkpt><trkpt lat="51.08528333" lon="-115.34967"><ele>1356.0</ele><time>2022-10-10T18:11:47.464Z</time></trkpt><trkpt lat="51.08529167" lon="-115.34966"><ele>1354.0</ele><time>2022-10-10T18:11:48.465Z</time></trkpt><trkpt lat="51.08530167" lon="-115.34965"><ele>1351.0</ele><time>2022-10-10T18:11:49.465Z</time></trkpt><trkpt lat="51.08531167" lon="-115.34963833"><ele>1348.0</ele><time>2022-10-10T18:11:50.465Z</time></trkpt><trkpt lat="51.08532333" lon="-115.34962833"><ele>1345.0</ele><time>2022-10-10T18:11:51.464Z</time></trkpt><trkpt lat="51.08533667" lon="-115.34961833"><ele>1343.0</ele><time>2022-10-10T18:11:52.464Z</time></trkpt><trkpt lat="51.08534667" lon="-115.34961667"><ele>1340.0</ele><time>2022-10-10T18:11:53.464Z</time></trkpt><trkpt lat="51.08535833" lon="-115.349615"><ele>1338.0</ele><time>2022-10-10T18:11:54.465Z</time></trkpt><trkpt lat="51.08536833" lon="-115.34961167"><ele>1337.0</ele><time>2022-10-10T18:11:55.464Z</time></trkpt><trkpt lat="51.08538" lon="-115.34960333"><ele>1336.0</ele><time>2022-10-10T18:11:56.464Z</time></trkpt><trkpt lat="51.08539167" lon="-115.349595"><ele>1335.0</ele><time>2022-10-10T18:11:57.464Z</time></trkpt><trkpt lat="51.08540333" lon="-115.34959"><ele>1335.0</ele><time>2022-10-10T18:11:58.464Z</time></trkpt><trkpt lat="51.08541167" lon="-115.34959"><ele>1334.0</ele><time>2022-10-10T18:11:59.464Z</time></trkpt><trkpt lat="51.08542333" lon="-115.34958667"><ele>1334.0</ele><time>2022-10-10T18:12:00.464Z</time></trkpt><trkpt lat="51.08543167" lon="-115.34958667"><ele>1334.0</ele><time>2022-10-10T18:12:01.464Z</time></trkpt><trkpt lat="51.08544333" lon="-115.34958833"><ele>1334.0</ele><time>2022-10-10T18:12:02.464Z</time></trkpt><trkpt lat="51.08545333" lon="-115.34958667"><ele>1335.0</ele><time>2022-10-10T18:12:03.464Z</time></trkpt><trkpt lat="51.08546333" lon="-115.34958833"><ele>1335.0</ele><time>2022-10-10T18:12:04.464Z</time></trkpt><trkpt lat="51.08547167" lon="-115.34958333"><ele>1336.0</ele><time>2022-10-10T18:12:05.464Z</time></trkpt><trkpt lat="51.08548167" lon="-115.34957333"><ele>1337.0</ele><time>2022-10-10T18:12:06.464Z</time></trkpt><trkpt lat="51.08549" lon="-115.34957"><ele>1338.0</ele><time>2022-10-10T18:12:07.465Z</time></trkpt><trkpt lat="51.08550333" lon="-115.34957"><ele>1339.0</ele><time>2022-10-10T18:12:08.464Z</time></trkpt><trkpt lat="51.08552333" lon="-115.34956667"><ele>1340.0</ele><time>2022-10-10T18:12:09.464Z</time></trkpt><trkpt lat="51.085535" lon="-115.34956833"><ele>1341.0</ele><time>2022-10-10T18:12:10.465Z</time></trkpt><trkpt lat="51.08554833" lon="-115.34956167"><ele>1341.0</ele><time>2022-10-10T18:12:11.464Z</time></trkpt><trkpt lat="51.08556167" lon="-115.34956"><ele>1342.0</ele><time>2022-10-10T18:12:12.464Z</time></trkpt><trkpt lat="51.085575" lon="-115.349565"><ele>1342.0</ele><time>2022-10-10T18:12:13.464Z</time></trkpt><trkpt lat="51.08558833" lon="-115.34957833"><ele>1343.0</ele><time>2022-10-10T18:12:14.464Z</time></trkpt><trkpt lat="51.0856" lon="-115.349585"><ele>1344.0</ele><time>2022-10-10T18:12:15.464Z</time></trkpt><trkpt lat="51.08560833" lon="-115.34959167"><ele>1344.0</ele><time>2022-10-10T18:12:16.465Z</time></trkpt><trkpt lat="51.08562" lon="-115.34959333"><ele>1345.0</ele><time>2022-10-10T18:12:17.464Z</time></trkpt><trkpt lat="51.08562833" lon="-115.34959333"><ele>1345.0</ele><time>2022-10-10T18:12:18.464Z</time></trkpt><trkpt lat="51.08564" lon="-115.34958833"><ele>1346.0</ele><time>2022-10-10T18:12:19.464Z</time></trkpt><trkpt lat="51.08565333" lon="-115.34957167"><ele>1346.0</ele><time>2022-10-10T18:12:20.465Z</time></trkpt><trkpt lat="51.08566833" lon="-115.34955833"><ele>1346.0</ele><time>2022-10-10T18:12:21.465Z</time></trkpt><trkpt lat="51.08567833" lon="-115.34956333"><ele>1346.0</ele><time>2022-10-10T18:12:22.464Z</time></trkpt><trkpt lat="51.08568667" lon="-115.34956667"><ele>1346.0</ele><time>2022-10-10T18:12:23.465Z</time></trkpt><trkpt lat="51.085695" lon="-115.34956667"><ele>1347.0</ele><time>2022-10-10T18:12:24.465Z</time></trkpt><trkpt lat="51.085705" lon="-115.349565"><ele>1347.0</ele><time>2022-10-10T18:12:25.465Z</time></trkpt><trkpt lat="51.08571833" lon="-115.349565"><ele>1348.0</ele><time>2022-10-10T18:12:26.464Z</time></trkpt><trkpt lat="51.08572833" lon="-115.34956167"><ele>1349.0</ele><time>2022-10-10T18:12:27.465Z</time></trkpt><trkpt lat="51.08574" lon="-115.34956167"><ele>1349.0</ele><time>2022-10-10T18:12:28.465Z</time></trkpt><trkpt lat="51.08575333" lon="-115.349555"><ele>1350.0</ele><time>2022-10-10T18:12:29.465Z</time></trkpt><trkpt lat="51.08576333" lon="-115.34955167"><ele>1350.0</ele><time>2022-10-10T18:12:30.465Z</time></trkpt><trkpt lat="51.08577667" lon="-115.34954"><ele>1350.0</ele><time>2022-10-10T18:12:31.465Z</time></trkpt><trkpt lat="51.0858" lon="-115.34952"><ele>1351.0</ele><time>2022-10-10T18:12:32.465Z</time></trkpt><trkpt lat="51.08581833" lon="-115.34950667"><ele>1351.0</ele><time>2022-10-10T18:12:33.465Z</time></trkpt><trkpt lat="51.08582833" lon="-115.3495"><ele>1352.0</ele><time>2022-10-10T18:12:34.464Z</time></trkpt><trkpt lat="51.08584333" lon="-115.34948833"><ele>1353.0</ele><time>2022-10-10T18:12:35.465Z</time></trkpt><trkpt lat="51.08585667" lon="-115.34948167"><ele>1353.0</ele><time>2022-10-10T18:12:36.465Z</time></trkpt><trkpt lat="51.08587" lon="-115.34947167"><ele>1354.0</ele><time>2022-10-10T18:12:37.465Z</time></trkpt><trkpt lat="51.08587833" lon="-115.349465"><ele>1355.0</ele><time>2022-10-10T18:12:38.465Z</time></trkpt><trkpt lat="51.08588833" lon="-115.34945"><ele>1355.0</ele><time>2022-10-10T18:12:39.465Z</time></trkpt><trkpt lat="51.0859" lon="-115.34943333"><ele>1355.0</ele><time>2022-10-10T18:12:40.464Z</time></trkpt><trkpt lat="51.08591" lon="-115.34942667"><ele>1354.0</ele><time>2022-10-10T18:12:41.465Z</time></trkpt><trkpt lat="51.08592167" lon="-115.34943"><ele>1355.0</ele><time>2022-10-10T18:12:42.465Z</time></trkpt><trkpt lat="51.08593167" lon="-115.34942167"><ele>1354.0</ele><time>2022-10-10T18:12:43.465Z</time></trkpt><trkpt lat="51.08594333" lon="-115.34941"><ele>1354.0</ele><time>2022-10-10T18:12:44.465Z</time></trkpt><trkpt lat="51.08595" lon="-115.34938833"><ele>1353.0</ele><time>2022-10-10T18:12:45.464Z</time></trkpt><trkpt lat="51.08595333" lon="-115.34937667"><ele>1351.0</ele><time>2022-10-10T18:12:46.465Z</time></trkpt><trkpt lat="51.08596333" lon="-115.34938"><ele>1349.0</ele><time>2022-10-10T18:12:47.465Z</time></trkpt><trkpt lat="51.085975" lon="-115.34938333"><ele>1347.0</ele><time>2022-10-10T18:12:48.465Z</time></trkpt><trkpt lat="51.08598" lon="-115.349385"><ele>1345.0</ele><time>2022-10-10T18:12:49.464Z</time></trkpt><trkpt lat="51.08598" lon="-115.34939167"><ele>1343.0</ele><time>2022-10-10T18:12:50.465Z</time></trkpt><trkpt lat="51.08598" lon="-115.34940167"><ele>1341.0</ele><time>2022-10-10T18:12:51.464Z</time></trkpt><trkpt lat="51.08598833" lon="-115.34940833"><ele>1340.0</ele><time>2022-10-10T18:12:52.465Z</time></trkpt><trkpt lat="51.08599833" lon="-115.34941667"><ele>1338.0</ele><time>2022-10-10T18:12:53.465Z</time></trkpt><trkpt lat="51.08601167" lon="-115.34942667"><ele>1337.0</ele><time>2022-10-10T18:12:54.465Z</time></trkpt><trkpt lat="51.08602333" lon="-115.34943833"><ele>1335.0</ele><time>2022-10-10T18:12:55.465Z</time></trkpt><trkpt lat="51.08603" lon="-115.34945167"><ele>1334.0</ele><time>2022-10-10T18:12:56.464Z</time></trkpt><trkpt lat="51.08603667" lon="-115.349465"><ele>1333.0</ele><time>2022-10-10T18:12:57.465Z</time></trkpt><trkpt lat="51.08604667" lon="-115.34947833"><ele>1332.0</ele><time>2022-10-10T18:12:58.465Z</time></trkpt><trkpt lat="51.086055" lon="-115.34949167"><ele>1330.0</ele><time>2022-10-10T18:12:59.465Z</time></trkpt><trkpt lat="51.08605833" lon="-115.34950167"><ele>1329.0</ele><time>2022-10-10T18:13:00.465Z</time></trkpt><trkpt lat="51.08606167" lon="-115.34951667"><ele>1328.0</ele><time>2022-10-10T18:13:01.464Z</time></trkpt><trkpt lat="51.08606667" lon="-115.34953"><ele>1326.0</ele><time>2022-10-10T18:13:02.465Z</time></trkpt><trkpt lat="51.08607167" lon="-115.349545"><ele>1325.0</ele><time>2022-10-10T18:13:03.465Z</time></trkpt><trkpt lat="51.086075" lon="-115.34955833"><ele>1324.0</ele><time>2022-10-10T18:13:04.465Z</time></trkpt><trkpt lat="51.08608333" lon="-115.34957333"><ele>1323.0</ele><time>2022-10-10T18:13:05.464Z</time></trkpt><trkpt lat="51.08609" lon="-115.34958667"><ele>1322.0</ele><time>2022-10-10T18:13:06.464Z</time></trkpt><trkpt lat="51.08609667" lon="-115.34960167"><ele>1322.0</ele><time>2022-10-10T18:13:07.465Z</time></trkpt><trkpt lat="51.08610333" lon="-115.34961667"><ele>1321.0</ele><time>2022-10-10T18:13:08.464Z</time></trkpt><trkpt lat="51.08611" lon="-115.34963167"><ele>1320.0</ele><time>2022-10-10T18:13:09.465Z</time></trkpt><trkpt lat="51.08611333" lon="-115.34965167"><ele>1320.0</ele><time>2022-10-10T18:13:10.465Z</time></trkpt><trkpt lat="51.08611167" lon="-115.34967167"><ele>1319.0</ele><time>2022-10-10T18:13:11.464Z</time></trkpt><trkpt lat="51.08611667" lon="-115.349685"><ele>1319.0</ele><time>2022-10-10T18:13:12.465Z</time></trkpt><trkpt lat="51.08612833" lon="-115.3497"><ele>1318.0</ele><time>2022-10-10T18:13:13.465Z</time></trkpt><trkpt lat="51.08614" lon="-115.349715"><ele>1318.0</ele><time>2022-10-10T18:13:14.465Z</time></trkpt><trkpt lat="51.08615" lon="-115.349725"><ele>1317.0</ele><time>2022-10-10T18:13:15.464Z</time></trkpt><trkpt lat="51.086155" lon="-115.34973667"><ele>1317.0</ele><time>2022-10-10T18:13:16.465Z</time></trkpt><trkpt lat="51.08615833" lon="-115.34974667"><ele>1316.0</ele><time>2022-10-10T18:13:17.464Z</time></trkpt><trkpt lat="51.086165" lon="-115.34975667"><ele>1314.0</ele><time>2022-10-10T18:13:18.464Z</time></trkpt><trkpt lat="51.08616667" lon="-115.34976333"><ele>1313.0</ele><time>2022-10-10T18:13:19.465Z</time></trkpt><trkpt lat="51.08617167" lon="-115.349765"><ele>1312.0</ele><time>2022-10-10T18:13:20.464Z</time></trkpt><trkpt lat="51.08617833" lon="-115.34976667"><ele>1312.0</ele><time>2022-10-10T18:13:21.464Z</time></trkpt><trkpt lat="51.08618333" lon="-115.34977333"><ele>1311.0</ele><time>2022-10-10T18:13:22.465Z</time></trkpt><trkpt lat="51.08618667" lon="-115.34978333"><ele>1311.0</ele><time>2022-10-10T18:13:23.464Z</time></trkpt><trkpt lat="51.08618" lon="-115.3498"><ele>1311.0</ele><time>2022-10-10T18:13:24.464Z</time></trkpt><trkpt lat="51.086175" lon="-115.34981833"><ele>1311.0</ele><time>2022-10-10T18:13:25.464Z</time></trkpt><trkpt lat="51.08617167" lon="-115.34983667"><ele>1311.0</ele><time>2022-10-10T18:13:26.464Z</time></trkpt><trkpt lat="51.08616333" lon="-115.34984667"><ele>1311.0</ele><time>2022-10-10T18:13:27.465Z</time></trkpt><trkpt lat="51.08615667" lon="-115.34985833"><ele>1311.0</ele><time>2022-10-10T18:13:28.465Z</time></trkpt><trkpt lat="51.08615" lon="-115.34987333"><ele>1312.0</ele><time>2022-10-10T18:13:29.464Z</time></trkpt><trkpt lat="51.08614" lon="-115.34988667"><ele>1312.0</ele><time>2022-10-10T18:13:30.465Z</time></trkpt><trkpt lat="51.08612833" lon="-115.34989833"><ele>1311.0</ele><time>2022-10-10T18:13:31.464Z</time></trkpt><trkpt lat="51.086115" lon="-115.34990667"><ele>1311.0</ele><time>2022-10-10T18:13:32.465Z</time></trkpt><trkpt lat="51.0861" lon="-115.34991333"><ele>1311.0</ele><time>2022-10-10T18:13:33.465Z</time></trkpt><trkpt lat="51.086085" lon="-115.34992"><ele>1310.0</ele><time>2022-10-10T18:13:34.465Z</time></trkpt><trkpt lat="51.08607667" lon="-115.34993"><ele>1310.0</ele><time>2022-10-10T18:13:35.465Z</time></trkpt><trkpt lat="51.08606833" lon="-115.34994"><ele>1310.0</ele><time>2022-10-10T18:13:36.465Z</time></trkpt><trkpt lat="51.08605833" lon="-115.34995167"><ele>1310.0</ele><time>2022-10-10T18:13:37.464Z</time></trkpt><trkpt lat="51.08604667" lon="-115.34996167"><ele>1309.0</ele><time>2022-10-10T18:13:38.465Z</time></trkpt><trkpt lat="51.086035" lon="-115.34997333"><ele>1309.0</ele><time>2022-10-10T18:13:39.464Z</time></trkpt><trkpt lat="51.08602333" lon="-115.34998"><ele>1309.0</ele><time>2022-10-10T18:13:40.464Z</time></trkpt><trkpt lat="51.08601" lon="-115.34998833"><ele>1309.0</ele><time>2022-10-10T18:13:41.465Z</time></trkpt><trkpt lat="51.08600333" lon="-115.349995"><ele>1309.0</ele><time>2022-10-10T18:13:42.464Z</time></trkpt><trkpt lat="51.08599333" lon="-115.35000333"><ele>1309.0</ele><time>2022-10-10T18:13:43.465Z</time></trkpt><trkpt lat="51.08598667" lon="-115.35001833"><ele>1309.0</ele><time>2022-10-10T18:13:44.465Z</time></trkpt><trkpt lat="51.08598" lon="-115.35003167"><ele>1309.0</ele><time>2022-10-10T18:13:45.465Z</time></trkpt><trkpt lat="51.08597167" lon="-115.35004667"><ele>1309.0</ele><time>2022-10-10T18:13:46.465Z</time></trkpt><trkpt lat="51.08596667" lon="-115.35006333"><ele>1308.0</ele><time>2022-10-10T18:13:47.465Z</time></trkpt><trkpt lat="51.08596" lon="-115.35007833"><ele>1308.0</ele><time>2022-10-10T18:13:48.465Z</time></trkpt><trkpt lat="51.085955" lon="-115.35009"><ele>1308.0</ele><time>2022-10-10T18:13:49.465Z</time></trkpt><trkpt lat="51.08594833" lon="-115.35010167"><ele>1309.0</ele><time>2022-10-10T18:13:50.464Z</time></trkpt><trkpt lat="51.08594167" lon="-115.35011667"><ele>1309.0</ele><time>2022-10-10T18:13:51.464Z</time></trkpt><trkpt lat="51.08594167" lon="-115.35013333"><ele>1310.0</ele><time>2022-10-10T18:13:52.464Z</time></trkpt><trkpt lat="51.08594" lon="-115.35015"><ele>1310.0</ele><time>2022-10-10T18:13:53.465Z</time></trkpt><trkpt lat="51.085935" lon="-115.35017"><ele>1311.0</ele><time>2022-10-10T18:13:54.465Z</time></trkpt><trkpt lat="51.08593167" lon="-115.35017833"><ele>1311.0</ele><time>2022-10-10T18:13:55.464Z</time></trkpt><trkpt lat="51.08592" lon="-115.35019333"><ele>1312.0</ele><time>2022-10-10T18:13:56.465Z</time></trkpt><trkpt lat="51.085915" lon="-115.35021"><ele>1312.0</ele><time>2022-10-10T18:13:57.464Z</time></trkpt><trkpt lat="51.08591167" lon="-115.35022833"><ele>1313.0</ele><time>2022-10-10T18:13:58.465Z</time></trkpt><trkpt lat="51.08590667" lon="-115.35024167"><ele>1313.0</ele><time>2022-10-10T18:13:59.465Z</time></trkpt><trkpt lat="51.08590167" lon="-115.35025833"><ele>1314.0</ele><time>2022-10-10T18:14:00.465Z</time></trkpt><trkpt lat="51.085895" lon="-115.35026667"><ele>1315.0</ele><time>2022-10-10T18:14:01.465Z</time></trkpt><trkpt lat="51.08588667" lon="-115.35027167"><ele>1316.0</ele><time>2022-10-10T18:14:02.464Z</time></trkpt><trkpt lat="51.08588" lon="-115.35028667"><ele>1316.0</ele><time>2022-10-10T18:14:03.465Z</time></trkpt><trkpt lat="51.085875" lon="-115.35031167"><ele>1317.0</ele><time>2022-10-10T18:14:04.465Z</time></trkpt><trkpt lat="51.08586667" lon="-115.350325"><ele>1317.0</ele><time>2022-10-10T18:14:05.465Z</time></trkpt><trkpt lat="51.08585667" lon="-115.35034"><ele>1316.0</ele><time>2022-10-10T18:14:06.464Z</time></trkpt><trkpt lat="51.08585" lon="-115.35035667"><ele>1316.0</ele><time>2022-10-10T18:14:07.464Z</time></trkpt><trkpt lat="51.08584667" lon="-115.350375"><ele>1316.0</ele><time>2022-10-10T18:14:08.464Z</time></trkpt><trkpt lat="51.08584333" lon="-115.35039333"><ele>1316.0</ele><time>2022-10-10T18:14:09.464Z</time></trkpt><trkpt lat="51.08583667" lon="-115.350405"><ele>1315.0</ele><time>2022-10-10T18:14:10.464Z</time></trkpt><trkpt lat="51.085825" lon="-115.35041333"><ele>1315.0</ele><time>2022-10-10T18:14:11.464Z</time></trkpt><trkpt lat="51.085815" lon="-115.35042667"><ele>1315.0</ele><time>2022-10-10T18:14:12.464Z</time></trkpt><trkpt lat="51.085805" lon="-115.35043833"><ele>1314.0</ele><time>2022-10-10T18:14:13.465Z</time></trkpt><trkpt lat="51.08579167" lon="-115.35044833"><ele>1314.0</ele><time>2022-10-10T18:14:14.464Z</time></trkpt><trkpt lat="51.08578333" lon="-115.35046"><ele>1314.0</ele><time>2022-10-10T18:14:15.464Z</time></trkpt><trkpt lat="51.085775" lon="-115.35047167"><ele>1313.0</ele><time>2022-10-10T18:14:16.465Z</time></trkpt><trkpt lat="51.08576667" lon="-115.35048333"><ele>1313.0</ele><time>2022-10-10T18:14:17.465Z</time></trkpt><trkpt lat="51.08576" lon="-115.35049667"><ele>1312.0</ele><time>2022-10-10T18:14:18.465Z</time></trkpt><trkpt lat="51.085755" lon="-115.35051167"><ele>1312.0</ele><time>2022-10-10T18:14:19.465Z</time></trkpt><trkpt lat="51.08575167" lon="-115.350525"><ele>1312.0</ele><time>2022-10-10T18:14:20.464Z</time></trkpt><trkpt lat="51.08574333" lon="-115.35054"><ele>1312.0</ele><time>2022-10-10T18:14:21.464Z</time></trkpt><trkpt lat="51.08573833" lon="-115.350555"><ele>1312.0</ele><time>2022-10-10T18:14:22.465Z</time></trkpt><trkpt lat="51.08573167" lon="-115.35057167"><ele>1312.0</ele><time>2022-10-10T18:14:23.465Z</time></trkpt><trkpt lat="51.08572" lon="-115.35058"><ele>1312.0</ele><time>2022-10-10T18:14:24.465Z</time></trkpt><trkpt lat="51.08571333" lon="-115.35059167"><ele>1312.0</ele><time>2022-10-10T18:14:25.465Z</time></trkpt><trkpt lat="51.085705" lon="-115.35060167"><ele>1311.0</ele><time>2022-10-10T18:14:26.465Z</time></trkpt><trkpt lat="51.08569667" lon="-115.35061333"><ele>1311.0</ele><time>2022-10-10T18:14:27.464Z</time></trkpt><trkpt lat="51.08568667" lon="-115.350625"><ele>1311.0</ele><time>2022-10-10T18:14:28.464Z</time></trkpt><trkpt lat="51.08568" lon="-115.35064"><ele>1311.0</ele><time>2022-10-10T18:14:29.465Z</time></trkpt><trkpt lat="51.085675" lon="-115.35065667"><ele>1311.0</ele><time>2022-10-10T18:14:30.465Z</time></trkpt><trkpt lat="51.08567167" lon="-115.350675"><ele>1311.0</ele><time>2022-10-10T18:14:31.465Z</time></trkpt><trkpt lat="51.085665" lon="-115.35069167"><ele>1311.0</ele><time>2022-10-10T18:14:32.465Z</time></trkpt><trkpt lat="51.08566" lon="-115.35070833"><ele>1311.0</ele><time>2022-10-10T18:14:33.465Z</time></trkpt><trkpt lat="51.08565833" lon="-115.350725"><ele>1311.0</ele><time>2022-10-10T18:14:34.464Z</time></trkpt><trkpt lat="51.08565667" lon="-115.35074333"><ele>1312.0</ele><time>2022-10-10T18:14:35.465Z</time></trkpt><trkpt lat="51.085655" lon="-115.35076333"><ele>1312.0</ele><time>2022-10-10T18:14:36.465Z</time></trkpt><trkpt lat="51.08565333" lon="-115.35078333"><ele>1312.0</ele><time>2022-10-10T18:14:37.465Z</time></trkpt><trkpt lat="51.08565" lon="-115.3508"><ele>1312.0</ele><time>2022-10-10T18:14:38.465Z</time></trkpt><trkpt lat="51.085645" lon="-115.350815"><ele>1312.0</ele><time>2022-10-10T18:14:39.465Z</time></trkpt><trkpt lat="51.085645" lon="-115.35083167"><ele>1312.0</ele><time>2022-10-10T18:14:40.464Z</time></trkpt><trkpt lat="51.08564167" lon="-115.35085"><ele>1312.0</ele><time>2022-10-10T18:14:41.465Z</time></trkpt><trkpt lat="51.085635" lon="-115.350865"><ele>1312.0</ele><time>2022-10-10T18:14:42.465Z</time></trkpt><trkpt lat="51.08562833" lon="-115.35088167"><ele>1312.0</ele><time>2022-10-10T18:14:43.465Z</time></trkpt><trkpt lat="51.08562167" lon="-115.35089833"><ele>1311.0</ele><time>2022-10-10T18:14:44.465Z</time></trkpt><trkpt lat="51.085615" lon="-115.350915"><ele>1311.0</ele><time>2022-10-10T18:14:45.465Z</time></trkpt><trkpt lat="51.08560667" lon="-115.35093"><ele>1311.0</ele><time>2022-10-10T18:14:46.464Z</time></trkpt><trkpt lat="51.08559833" lon="-115.35094667"><ele>1311.0</ele><time>2022-10-10T18:14:47.464Z</time></trkpt><trkpt lat="51.08558833" lon="-115.35096167"><ele>1311.0</ele><time>2022-10-10T18:14:48.465Z</time></trkpt><trkpt lat="51.08558" lon="-115.35097667"><ele>1310.0</ele><time>2022-10-10T18:14:49.465Z</time></trkpt><trkpt lat="51.08557667" lon="-115.350995"><ele>1310.0</ele><time>2022-10-10T18:14:50.465Z</time></trkpt><trkpt lat="51.08557167" lon="-115.35101167"><ele>1310.0</ele><time>2022-10-10T18:14:51.465Z</time></trkpt><trkpt lat="51.085565" lon="-115.351025"><ele>1310.0</ele><time>2022-10-10T18:14:52.464Z</time></trkpt><trkpt lat="51.085555" lon="-115.35104167"><ele>1310.0</ele><time>2022-10-10T18:14:53.465Z</time></trkpt><trkpt lat="51.08554833" lon="-115.35106"><ele>1310.0</ele><time>2022-10-10T18:14:54.465Z</time></trkpt><trkpt lat="51.08554167" lon="-115.35107833"><ele>1311.0</ele><time>2022-10-10T18:14:55.465Z</time></trkpt><trkpt lat="51.08553833" lon="-115.351095"><ele>1312.0</ele><time>2022-10-10T18:14:56.465Z</time></trkpt><trkpt lat="51.08552833" lon="-115.35111"><ele>1312.0</ele><time>2022-10-10T18:14:57.464Z</time></trkpt><trkpt lat="51.08552167" lon="-115.35112"><ele>1312.0</ele><time>2022-10-10T18:14:58.465Z</time></trkpt><trkpt lat="51.08551333" lon="-115.35113167"><ele>1313.0</ele><time>2022-10-10T18:14:59.465Z</time></trkpt><trkpt lat="51.08550833" lon="-115.35114333"><ele>1313.0</ele><time>2022-10-10T18:15:00.465Z</time></trkpt><trkpt lat="51.08550167" lon="-115.35115333"><ele>1313.0</ele><time>2022-10-10T18:15:01.464Z</time></trkpt><trkpt lat="51.08549833" lon="-115.35116833"><ele>1313.0</ele><time>2022-10-10T18:15:02.465Z</time></trkpt><trkpt lat="51.085495" lon="-115.351185"><ele>1313.0</ele><time>2022-10-10T18:15:03.465Z</time></trkpt><trkpt lat="51.08549" lon="-115.3512"><ele>1313.0</ele><time>2022-10-10T18:15:04.464Z</time></trkpt><trkpt lat="51.085485" lon="-115.35121167"><ele>1313.0</ele><time>2022-10-10T18:15:05.465Z</time></trkpt><trkpt lat="51.085475" lon="-115.35122167"><ele>1314.0</ele><time>2022-10-10T18:15:06.465Z</time></trkpt><trkpt lat="51.08546667" lon="-115.351235"><ele>1314.0</ele><time>2022-10-10T18:15:07.465Z</time></trkpt><trkpt lat="51.08545667" lon="-115.35124667"><ele>1314.0</ele><time>2022-10-10T18:15:08.465Z</time></trkpt><trkpt lat="51.08545167" lon="-115.35126"><ele>1315.0</ele><time>2022-10-10T18:15:09.465Z</time></trkpt><trkpt lat="51.085445" lon="-115.35127667"><ele>1315.0</ele><time>2022-10-10T18:15:10.465Z</time></trkpt><trkpt lat="51.08544" lon="-115.35129167"><ele>1315.0</ele><time>2022-10-10T18:15:11.465Z</time></trkpt><trkpt lat="51.085435" lon="-115.35130833"><ele>1315.0</ele><time>2022-10-10T18:15:12.464Z</time></trkpt><trkpt lat="51.08542667" lon="-115.35132333"><ele>1314.0</ele><time>2022-10-10T18:15:13.465Z</time></trkpt><trkpt lat="51.08542333" lon="-115.35133833"><ele>1313.0</ele><time>2022-10-10T18:15:14.465Z</time></trkpt><trkpt lat="51.08542167" lon="-115.35135167"><ele>1312.0</ele><time>2022-10-10T18:15:15.465Z</time></trkpt><trkpt lat="51.08542167" lon="-115.351365"><ele>1311.0</ele><time>2022-10-10T18:15:16.464Z</time></trkpt><trkpt lat="51.08541833" lon="-115.35138167"><ele>1311.0</ele><time>2022-10-10T18:15:17.464Z</time></trkpt><trkpt lat="51.08541167" lon="-115.351395"><ele>1311.0</ele><time>2022-10-10T18:15:18.465Z</time></trkpt><trkpt lat="51.085405" lon="-115.351405"><ele>1310.0</ele><time>2022-10-10T18:15:19.464Z</time></trkpt><trkpt lat="51.085395" lon="-115.351415"><ele>1310.0</ele><time>2022-10-10T18:15:20.465Z</time></trkpt><trkpt lat="51.08538833" lon="-115.35142833"><ele>1309.0</ele><time>2022-10-10T18:15:21.464Z</time></trkpt><trkpt lat="51.08538" lon="-115.35143833"><ele>1309.0</ele><time>2022-10-10T18:15:22.465Z</time></trkpt><trkpt lat="51.08537167" lon="-115.35145"><ele>1309.0</ele><time>2022-10-10T18:15:23.465Z</time></trkpt><trkpt lat="51.08536833" lon="-115.35146667"><ele>1309.0</ele><time>2022-10-10T18:15:24.464Z</time></trkpt><trkpt lat="51.08536667" lon="-115.35148167"><ele>1309.0</ele><time>2022-10-10T18:15:25.465Z</time></trkpt><trkpt lat="51.08536167" lon="-115.35149667"><ele>1309.0</ele><time>2022-10-10T18:15:26.465Z</time></trkpt><trkpt lat="51.08535167" lon="-115.35151167"><ele>1309.0</ele><time>2022-10-10T18:15:27.464Z</time></trkpt><trkpt lat="51.085335" lon="-115.35154"><ele>1310.0</ele><time>2022-10-10T18:15:28.465Z</time></trkpt><trkpt lat="51.08534" lon="-115.35156333"><ele>1310.0</ele><time>2022-10-10T18:15:29.465Z</time></trkpt><trkpt lat="51.08534167" lon="-115.35157833"><ele>1311.0</ele><time>2022-10-10T18:15:30.464Z</time></trkpt><trkpt lat="51.08534333" lon="-115.35159"><ele>1311.0</ele><time>2022-10-10T18:15:31.464Z</time></trkpt><trkpt lat="51.08534667" lon="-115.35160667"><ele>1311.0</ele><time>2022-10-10T18:15:32.464Z</time></trkpt><trkpt lat="51.08534833" lon="-115.35162"><ele>1311.0</ele><time>2022-10-10T18:15:33.464Z</time></trkpt><trkpt lat="51.085355" lon="-115.351635"><ele>1312.0</ele><time>2022-10-10T18:15:34.465Z</time></trkpt><trkpt lat="51.08536" lon="-115.35165"><ele>1311.0</ele><time>2022-10-10T18:15:35.465Z</time></trkpt><trkpt lat="51.085365" lon="-115.35166667"><ele>1310.0</ele><time>2022-10-10T18:15:36.465Z</time></trkpt><trkpt lat="51.08536833" lon="-115.35168667"><ele>1310.0</ele><time>2022-10-10T18:15:37.465Z</time></trkpt><trkpt lat="51.085375" lon="-115.35170667"><ele>1310.0</ele><time>2022-10-10T18:15:38.465Z</time></trkpt><trkpt lat="51.08538333" lon="-115.35172833"><ele>1310.0</ele><time>2022-10-10T18:15:39.465Z</time></trkpt><trkpt lat="51.08539333" lon="-115.351745"><ele>1309.0</ele><time>2022-10-10T18:15:40.465Z</time></trkpt><trkpt lat="51.08539833" lon="-115.35176167"><ele>1308.0</ele><time>2022-10-10T18:15:41.465Z</time></trkpt><trkpt lat="51.08540333" lon="-115.35178"><ele>1308.0</ele><time>2022-10-10T18:15:42.465Z</time></trkpt><trkpt lat="51.08540667" lon="-115.35179833"><ele>1308.0</ele><time>2022-10-10T18:15:43.464Z</time></trkpt><trkpt lat="51.08541167" lon="-115.35181667"><ele>1309.0</ele><time>2022-10-10T18:15:44.464Z</time></trkpt><trkpt lat="51.085415" lon="-115.35183333"><ele>1309.0</ele><time>2022-10-10T18:15:45.465Z</time></trkpt><trkpt lat="51.08541667" lon="-115.35185167"><ele>1309.0</ele><time>2022-10-10T18:15:46.465Z</time></trkpt><trkpt lat="51.08541333" lon="-115.35186667"><ele>1309.0</ele><time>2022-10-10T18:15:47.465Z</time></trkpt><trkpt lat="51.08541167" lon="-115.35188"><ele>1310.0</ele><time>2022-10-10T18:15:48.465Z</time></trkpt><trkpt lat="51.08541333" lon="-115.35189333"><ele>1310.0</ele><time>2022-10-10T18:15:49.464Z</time></trkpt><trkpt lat="51.085415" lon="-115.35190667"><ele>1310.0</ele><time>2022-10-10T18:15:50.464Z</time></trkpt><trkpt lat="51.08542" lon="-115.35192333"><ele>1311.0</ele><time>2022-10-10T18:15:51.465Z</time></trkpt><trkpt lat="51.08542667" lon="-115.35193833"><ele>1311.0</ele><time>2022-10-10T18:15:52.465Z</time></trkpt><trkpt lat="51.08543667" lon="-115.35195333"><ele>1312.0</ele><time>2022-10-10T18:15:53.464Z</time></trkpt><trkpt lat="51.08544" lon="-115.35197"><ele>1312.0</ele><time>2022-10-10T18:15:54.465Z</time></trkpt><trkpt lat="51.085435" lon="-115.351995"><ele>1312.0</ele><time>2022-10-10T18:15:55.465Z</time></trkpt><trkpt lat="51.085435" lon="-115.352015"><ele>1312.0</ele><time>2022-10-10T18:15:56.465Z</time></trkpt><trkpt lat="51.085435" lon="-115.352035"><ele>1312.0</ele><time>2022-10-10T18:15:57.465Z</time></trkpt><trkpt lat="51.08543167" lon="-115.35205667"><ele>1312.0</ele><time>2022-10-10T18:15:58.464Z</time></trkpt><trkpt lat="51.08543167" lon="-115.352075"><ele>1312.0</ele><time>2022-10-10T18:15:59.464Z</time></trkpt><trkpt lat="51.08543167" lon="-115.35209167"><ele>1312.0</ele><time>2022-10-10T18:16:00.465Z</time></trkpt><trkpt lat="51.08543333" lon="-115.35211"><ele>1312.0</ele><time>2022-10-10T18:16:01.465Z</time></trkpt><trkpt lat="51.085435" lon="-115.35213167"><ele>1312.0</ele><time>2022-10-10T18:16:02.465Z</time></trkpt><trkpt lat="51.08543667" lon="-115.35215333"><ele>1312.0</ele><time>2022-10-10T18:16:03.464Z</time></trkpt><trkpt lat="51.08543333" lon="-115.35217167"><ele>1312.0</ele><time>2022-10-10T18:16:04.465Z</time></trkpt><trkpt lat="51.08543" lon="-115.35218833"><ele>1312.0</ele><time>2022-10-10T18:16:05.464Z</time></trkpt><trkpt lat="51.08542833" lon="-115.352205"><ele>1312.0</ele><time>2022-10-10T18:16:06.464Z</time></trkpt><trkpt lat="51.085425" lon="-115.35222167"><ele>1312.0</ele><time>2022-10-10T18:16:07.464Z</time></trkpt><trkpt lat="51.08542333" lon="-115.35223833"><ele>1312.0</ele><time>2022-10-10T18:16:08.465Z</time></trkpt><trkpt lat="51.08542667" lon="-115.35225333"><ele>1312.0</ele><time>2022-10-10T18:16:09.465Z</time></trkpt><trkpt lat="51.08543167" lon="-115.35227167"><ele>1311.0</ele><time>2022-10-10T18:16:10.465Z</time></trkpt><trkpt lat="51.08543167" lon="-115.35228833"><ele>1311.0</ele><time>2022-10-10T18:16:11.465Z</time></trkpt><trkpt lat="51.085435" lon="-115.35230667"><ele>1311.0</ele><time>2022-10-10T18:16:12.464Z</time></trkpt><trkpt lat="51.08543333" lon="-115.35232"><ele>1311.0</ele><time>2022-10-10T18:16:13.465Z</time></trkpt><trkpt lat="51.085435" lon="-115.35233"><ele>1311.0</ele><time>2022-10-10T18:16:14.465Z</time></trkpt><trkpt lat="51.08543833" lon="-115.35234667"><ele>1311.0</ele><time>2022-10-10T18:16:15.464Z</time></trkpt><trkpt lat="51.08544167" lon="-115.35236333"><ele>1311.0</ele><time>2022-10-10T18:16:16.464Z</time></trkpt><trkpt lat="51.085445" lon="-115.35238167"><ele>1311.0</ele><time>2022-10-10T18:16:17.464Z</time></trkpt><trkpt lat="51.08544167" lon="-115.3524"><ele>1311.0</ele><time>2022-10-10T18:16:18.465Z</time></trkpt><trkpt lat="51.08544167" lon="-115.35241667"><ele>1311.0</ele><time>2022-10-10T18:16:19.465Z</time></trkpt><trkpt lat="51.08544" lon="-115.352435"><ele>1311.0</ele><time>2022-10-10T18:16:20.465Z</time></trkpt><trkpt lat="51.08544167" lon="-115.35245333"><ele>1311.0</ele><time>2022-10-10T18:16:21.465Z</time></trkpt><trkpt lat="51.08544333" lon="-115.35247"><ele>1311.0</ele><time>2022-10-10T18:16:22.465Z</time></trkpt><trkpt lat="51.085445" lon="-115.35248833"><ele>1311.0</ele><time>2022-10-10T18:16:23.464Z</time></trkpt><trkpt lat="51.08544333" lon="-115.35251167"><ele>1312.0</ele><time>2022-10-10T18:16:24.465Z</time></trkpt><trkpt lat="51.085435" lon="-115.35253167"><ele>1312.0</ele><time>2022-10-10T18:16:25.465Z</time></trkpt><trkpt lat="51.08543167" lon="-115.35254833"><ele>1312.0</ele><time>2022-10-10T18:16:26.465Z</time></trkpt><trkpt lat="51.08543167" lon="-115.35256667"><ele>1312.0</ele><time>2022-10-10T18:16:27.465Z</time></trkpt><trkpt lat="51.08543167" lon="-115.35258"><ele>1311.0</ele><time>2022-10-10T18:16:28.465Z</time></trkpt><trkpt lat="51.08543333" lon="-115.352595"><ele>1311.0</ele><time>2022-10-10T18:16:29.464Z</time></trkpt><trkpt lat="51.085435" lon="-115.35261"><ele>1311.0</ele><time>2022-10-10T18:16:30.464Z</time></trkpt><trkpt lat="51.085435" lon="-115.352625"><ele>1310.0</ele><time>2022-10-10T18:16:31.465Z</time></trkpt><trkpt lat="51.08543333" lon="-115.35264167"><ele>1310.0</ele><time>2022-10-10T18:16:32.465Z</time></trkpt><trkpt lat="51.08543333" lon="-115.35265833"><ele>1310.0</ele><time>2022-10-10T18:16:33.465Z</time></trkpt><trkpt lat="51.085435" lon="-115.35267833"><ele>1310.0</ele><time>2022-10-10T18:16:34.465Z</time></trkpt><trkpt lat="51.08544167" lon="-115.352695"><ele>1310.0</ele><time>2022-10-10T18:16:35.464Z</time></trkpt><trkpt lat="51.08545167" lon="-115.35271167"><ele>1310.0</ele><time>2022-10-10T18:16:36.464Z</time></trkpt><trkpt lat="51.085455" lon="-115.35272833"><ele>1311.0</ele><time>2022-10-10T18:16:37.465Z</time></trkpt><trkpt lat="51.08546" lon="-115.352745"><ele>1312.0</ele><time>2022-10-10T18:16:38.464Z</time></trkpt><trkpt lat="51.08546167" lon="-115.35276333"><ele>1312.0</ele><time>2022-10-10T18:16:39.464Z</time></trkpt><trkpt lat="51.08546333" lon="-115.35278"><ele>1313.0</ele><time>2022-10-10T18:16:40.465Z</time></trkpt><trkpt lat="51.08546" lon="-115.35279667"><ele>1313.0</ele><time>2022-10-10T18:16:41.465Z</time></trkpt><trkpt lat="51.08545833" lon="-115.35281333"><ele>1313.0</ele><time>2022-10-10T18:16:42.464Z</time></trkpt><trkpt lat="51.08546167" lon="-115.35283167"><ele>1313.0</ele><time>2022-10-10T18:16:43.465Z</time></trkpt><trkpt lat="51.08546333" lon="-115.35285"><ele>1313.0</ele><time>2022-10-10T18:16:44.464Z</time></trkpt><trkpt lat="51.085465" lon="-115.35286833"><ele>1313.0</ele><time>2022-10-10T18:16:45.464Z</time></trkpt><trkpt lat="51.08546667" lon="-115.35288"><ele>1313.0</ele><time>2022-10-10T18:16:46.464Z</time></trkpt><trkpt lat="51.085465" lon="-115.35288667"><ele>1314.0</ele><time>2022-10-10T18:16:47.465Z</time></trkpt><trkpt lat="51.08546167" lon="-115.35289167"><ele>1314.0</ele><time>2022-10-10T18:16:48.465Z</time></trkpt><trkpt lat="51.08545833" lon="-115.3529"><ele>1314.0</ele><time>2022-10-10T18:16:49.465Z</time></trkpt><trkpt lat="51.08545833" lon="-115.35290667"><ele>1315.0</ele><time>2022-10-10T18:16:50.464Z</time></trkpt><trkpt lat="51.08545667" lon="-115.35291167"><ele>1314.0</ele><time>2022-10-10T18:16:51.465Z</time></trkpt><trkpt lat="51.08545333" lon="-115.35291833"><ele>1314.0</ele><time>2022-10-10T18:16:52.464Z</time></trkpt><trkpt lat="51.085455" lon="-115.35293"><ele>1314.0</ele><time>2022-10-10T18:16:53.464Z</time></trkpt><trkpt lat="51.08545167" lon="-115.35294333"><ele>1314.0</ele><time>2022-10-10T18:16:54.465Z</time></trkpt><trkpt lat="51.08545" lon="-115.352955"><ele>1314.0</ele><time>2022-10-10T18:16:55.465Z</time></trkpt><trkpt lat="51.08545167" lon="-115.35296833"><ele>1314.0</ele><time>2022-10-10T18:16:56.464Z</time></trkpt><trkpt lat="51.08545" lon="-115.35298333"><ele>1314.0</ele><time>2022-10-10T18:16:57.464Z</time></trkpt><trkpt lat="51.08545" lon="-115.353"><ele>1314.0</ele><time>2022-10-10T18:16:58.465Z</time></trkpt><trkpt lat="51.08545333" lon="-115.353015"><ele>1314.0</ele><time>2022-10-10T18:16:59.465Z</time></trkpt><trkpt lat="51.08545833" lon="-115.35303167"><ele>1314.0</ele><time>2022-10-10T18:17:00.465Z</time></trkpt><trkpt lat="51.08546" lon="-115.35304667"><ele>1314.0</ele><time>2022-10-10T18:17:01.465Z</time></trkpt><trkpt lat="51.08546167" lon="-115.35306333"><ele>1314.0</ele><time>2022-10-10T18:17:02.465Z</time></trkpt><trkpt lat="51.08546167" lon="-115.35308333"><ele>1314.0</ele><time>2022-10-10T18:17:03.464Z</time></trkpt><trkpt lat="51.08546167" lon="-115.3531"><ele>1315.0</ele><time>2022-10-10T18:17:04.464Z</time></trkpt><trkpt lat="51.085465" lon="-115.35311833"><ele>1315.0</ele><time>2022-10-10T18:17:05.465Z</time></trkpt><trkpt lat="51.085465" lon="-115.35313667"><ele>1315.0</ele><time>2022-10-10T18:17:06.465Z</time></trkpt><trkpt lat="51.08547" lon="-115.35315833"><ele>1315.0</ele><time>2022-10-10T18:17:07.465Z</time></trkpt><trkpt lat="51.08547167" lon="-115.35318"><ele>1315.0</ele><time>2022-10-10T18:17:08.465Z</time></trkpt><trkpt lat="51.08547167" lon="-115.35319833"><ele>1315.0</ele><time>2022-10-10T18:17:09.464Z</time></trkpt><trkpt lat="51.08546667" lon="-115.35321833"><ele>1314.0</ele><time>2022-10-10T18:17:10.464Z</time></trkpt><trkpt lat="51.08546167" lon="-115.35323833"><ele>1314.0</ele><time>2022-10-10T18:17:11.465Z</time></trkpt><trkpt lat="51.08546333" lon="-115.35325833"><ele>1314.0</ele><time>2022-10-10T18:17:12.465Z</time></trkpt><trkpt lat="51.08546167" lon="-115.35327333"><ele>1313.0</ele><time>2022-10-10T18:17:13.465Z</time></trkpt><trkpt lat="51.08546333" lon="-115.35328833"><ele>1313.0</ele><time>2022-10-10T18:17:14.465Z</time></trkpt><trkpt lat="51.08546333" lon="-115.353305"><ele>1313.0</ele><time>2022-10-10T18:17:15.464Z</time></trkpt><trkpt lat="51.08546333" lon="-115.35332"><ele>1312.0</ele><time>2022-10-10T18:17:16.464Z</time></trkpt><trkpt lat="51.08546833" lon="-115.353335"><ele>1312.0</ele><time>2022-10-10T18:17:17.465Z</time></trkpt><trkpt lat="51.08546833" lon="-115.35334833"><ele>1312.0</ele><time>2022-10-10T18:17:18.465Z</time></trkpt><trkpt lat="51.08546833" lon="-115.353365"><ele>1312.0</ele><time>2022-10-10T18:17:19.465Z</time></trkpt><trkpt lat="51.08547" lon="-115.35337833"><ele>1312.0</ele><time>2022-10-10T18:17:20.465Z</time></trkpt><trkpt lat="51.08547" lon="-115.35339833"><ele>1312.0</ele><time>2022-10-10T18:17:21.465Z</time></trkpt><trkpt lat="51.08547" lon="-115.35341167"><ele>1313.0</ele><time>2022-10-10T18:17:22.464Z</time></trkpt><trkpt lat="51.08546833" lon="-115.35342833"><ele>1313.0</ele><time>2022-10-10T18:17:23.464Z</time></trkpt><trkpt lat="51.08546833" lon="-115.35344833"><ele>1312.0</ele><time>2022-10-10T18:17:24.465Z</time></trkpt><trkpt lat="51.08546667" lon="-115.353465"><ele>1312.0</ele><time>2022-10-10T18:17:25.465Z</time></trkpt><trkpt lat="51.08546667" lon="-115.35348333"><ele>1312.0</ele><time>2022-10-10T18:17:26.465Z</time></trkpt><trkpt lat="51.08546833" lon="-115.3535"><ele>1312.0</ele><time>2022-10-10T18:17:27.465Z</time></trkpt><trkpt lat="51.08547" lon="-115.35351667"><ele>1312.0</ele><time>2022-10-10T18:17:28.464Z</time></trkpt><trkpt lat="51.08547167" lon="-115.35353167"><ele>1311.0</ele><time>2022-10-10T18:17:29.465Z</time></trkpt><trkpt lat="51.08547333" lon="-115.35354833"><ele>1311.0</ele><time>2022-10-10T18:17:30.464Z</time></trkpt><trkpt lat="51.08547667" lon="-115.353565"><ele>1311.0</ele><time>2022-10-10T18:17:31.465Z</time></trkpt><trkpt lat="51.08547833" lon="-115.35358167"><ele>1311.0</ele><time>2022-10-10T18:17:32.465Z</time></trkpt><trkpt lat="51.08548333" lon="-115.35360167"><ele>1311.0</ele><time>2022-10-10T18:17:33.465Z</time></trkpt><trkpt lat="51.08548833" lon="-115.35362"><ele>1311.0</ele><time>2022-10-10T18:17:34.465Z</time></trkpt><trkpt lat="51.08549" lon="-115.35363667"><ele>1311.0</ele><time>2022-10-10T18:17:35.464Z</time></trkpt><trkpt lat="51.08548167" lon="-115.35365167"><ele>1311.0</ele><time>2022-10-10T18:17:36.464Z</time></trkpt><trkpt lat="51.085475" lon="-115.35366833"><ele>1311.0</ele><time>2022-10-10T18:17:37.465Z</time></trkpt><trkpt lat="51.08546667" lon="-115.35368833"><ele>1310.0</ele><time>2022-10-10T18:17:38.465Z</time></trkpt><trkpt lat="51.08546333" lon="-115.353705"><ele>1310.0</ele><time>2022-10-10T18:17:39.465Z</time></trkpt><trkpt lat="51.085455" lon="-115.35372333"><ele>1309.0</ele><time>2022-10-10T18:17:40.465Z</time></trkpt><trkpt lat="51.08545" lon="-115.35374833"><ele>1309.0</ele><time>2022-10-10T18:17:41.465Z</time></trkpt><trkpt lat="51.08544333" lon="-115.35377"><ele>1310.0</ele><time>2022-10-10T18:17:42.464Z</time></trkpt><trkpt lat="51.08544333" lon="-115.35378833"><ele>1310.0</ele><time>2022-10-10T18:17:43.465Z</time></trkpt><trkpt lat="51.08545333" lon="-115.35381"><ele>1311.0</ele><time>2022-10-10T18:17:44.465Z</time></trkpt><trkpt lat="51.08545833" lon="-115.35383"><ele>1311.0</ele><time>2022-10-10T18:17:45.465Z</time></trkpt><trkpt lat="51.08546167" lon="-115.35384667"><ele>1311.0</ele><time>2022-10-10T18:17:46.465Z</time></trkpt><trkpt lat="51.08546167" lon="-115.353865"><ele>1311.0</ele><time>2022-10-10T18:17:47.465Z</time></trkpt><trkpt lat="51.08546" lon="-115.353885"><ele>1310.0</ele><time>2022-10-10T18:17:48.464Z</time></trkpt><trkpt lat="51.085455" lon="-115.35390333"><ele>1310.0</ele><time>2022-10-10T18:17:49.464Z</time></trkpt><trkpt lat="51.08545" lon="-115.35391667"><ele>1310.0</ele><time>2022-10-10T18:17:50.465Z</time></trkpt><trkpt lat="51.08545333" lon="-115.353935"><ele>1310.0</ele><time>2022-10-10T18:17:51.465Z</time></trkpt><trkpt lat="51.08545667" lon="-115.353955"><ele>1309.0</ele><time>2022-10-10T18:17:52.465Z</time></trkpt><trkpt lat="51.08545667" lon="-115.35397"><ele>1309.0</ele><time>2022-10-10T18:17:53.464Z</time></trkpt><trkpt lat="51.085455" lon="-115.353985"><ele>1309.0</ele><time>2022-10-10T18:17:54.464Z</time></trkpt><trkpt lat="51.08545333" lon="-115.35399667"><ele>1308.0</ele><time>2022-10-10T18:17:55.465Z</time></trkpt><trkpt lat="51.085455" lon="-115.35401"><ele>1309.0</ele><time>2022-10-10T18:17:56.464Z</time></trkpt><trkpt lat="51.08545667" lon="-115.35402167"><ele>1309.0</ele><time>2022-10-10T18:17:57.464Z</time></trkpt><trkpt lat="51.08546333" lon="-115.35403333"><ele>1309.0</ele><time>2022-10-10T18:17:58.465Z</time></trkpt><trkpt lat="51.08546833" lon="-115.35404667"><ele>1310.0</ele><time>2022-10-10T18:17:59.464Z</time></trkpt><trkpt lat="51.08547167" lon="-115.35406167"><ele>1310.0</ele><time>2022-10-10T18:18:00.465Z</time></trkpt><trkpt lat="51.08547167" lon="-115.35407667"><ele>1310.0</ele><time>2022-10-10T18:18:01.465Z</time></trkpt><trkpt lat="51.08547333" lon="-115.35409333"><ele>1310.0</ele><time>2022-10-10T18:18:02.464Z</time></trkpt><trkpt lat="51.08548" lon="-115.35411"><ele>1310.0</ele><time>2022-10-10T18:18:03.464Z</time></trkpt><trkpt lat="51.085485" lon="-115.354125"><ele>1310.0</ele><time>2022-10-10T18:18:04.465Z</time></trkpt><trkpt lat="51.08549" lon="-115.35414167"><ele>1310.0</ele><time>2022-10-10T18:18:05.465Z</time></trkpt><trkpt lat="51.08549667" lon="-115.35415833"><ele>1310.0</ele><time>2022-10-10T18:18:06.465Z</time></trkpt><trkpt lat="51.08549667" lon="-115.35417333"><ele>1310.0</ele><time>2022-10-10T18:18:07.465Z</time></trkpt><trkpt lat="51.08549667" lon="-115.35419167"><ele>1310.0</ele><time>2022-10-10T18:18:08.465Z</time></trkpt><trkpt lat="51.08549667" lon="-115.35421333"><ele>1310.0</ele><time>2022-10-10T18:18:09.464Z</time></trkpt><trkpt lat="51.08549" lon="-115.35423"><ele>1310.0</ele><time>2022-10-10T18:18:10.465Z</time></trkpt><trkpt lat="51.085495" lon="-115.35424833"><ele>1310.0</ele><time>2022-10-10T18:18:11.465Z</time></trkpt><trkpt lat="51.08550333" lon="-115.354265"><ele>1310.0</ele><time>2022-10-10T18:18:12.465Z</time></trkpt><trkpt lat="51.085505" lon="-115.35427667"><ele>1310.0</ele><time>2022-10-10T18:18:13.464Z</time></trkpt><trkpt lat="51.08550167" lon="-115.35428833"><ele>1310.0</ele><time>2022-10-10T18:18:14.465Z</time></trkpt><trkpt lat="51.085505" lon="-115.35430667"><ele>1310.0</ele><time>2022-10-10T18:18:15.464Z</time></trkpt><trkpt lat="51.0855" lon="-115.35432667"><ele>1311.0</ele><time>2022-10-10T18:18:16.464Z</time></trkpt><trkpt lat="51.08549" lon="-115.354345"><ele>1311.0</ele><time>2022-10-10T18:18:17.465Z</time></trkpt><trkpt lat="51.08548833" lon="-115.35435833"><ele>1311.0</ele><time>2022-10-10T18:18:18.465Z</time></trkpt><trkpt lat="51.08548167" lon="-115.35437"><ele>1311.0</ele><time>2022-10-10T18:18:19.465Z</time></trkpt><trkpt lat="51.085475" lon="-115.35438"><ele>1312.0</ele><time>2022-10-10T18:18:20.465Z</time></trkpt><trkpt lat="51.08546833" lon="-115.35439833"><ele>1312.0</ele><time>2022-10-10T18:18:21.464Z</time></trkpt><trkpt lat="51.08546667" lon="-115.35441833"><ele>1312.0</ele><time>2022-10-10T18:18:22.464Z</time></trkpt><trkpt lat="51.08546833" lon="-115.35444"><ele>1313.0</ele><time>2022-10-10T18:18:23.465Z</time></trkpt><trkpt lat="51.08546667" lon="-115.35446"><ele>1313.0</ele><time>2022-10-10T18:18:24.464Z</time></trkpt><trkpt lat="51.08546667" lon="-115.35448"><ele>1313.0</ele><time>2022-10-10T18:18:25.465Z</time></trkpt><trkpt lat="51.08546667" lon="-115.35450167"><ele>1312.0</ele><time>2022-10-10T18:18:26.465Z</time></trkpt><trkpt lat="51.08546667" lon="-115.35452333"><ele>1312.0</ele><time>2022-10-10T18:18:27.465Z</time></trkpt><trkpt lat="51.08546667" lon="-115.35454167"><ele>1311.0</ele><time>2022-10-10T18:18:28.464Z</time></trkpt><trkpt lat="51.08546667" lon="-115.35455833"><ele>1311.0</ele><time>2022-10-10T18:18:29.464Z</time></trkpt><trkpt lat="51.08546833" lon="-115.35457833"><ele>1310.0</ele><time>2022-10-10T18:18:30.465Z</time></trkpt><trkpt lat="51.08546833" lon="-115.35459667"><ele>1310.0</ele><time>2022-10-10T18:18:31.464Z</time></trkpt><trkpt lat="51.08546333" lon="-115.35461833"><ele>1310.0</ele><time>2022-10-10T18:18:32.464Z</time></trkpt><trkpt lat="51.08546333" lon="-115.35464"><ele>1310.0</ele><time>2022-10-10T18:18:33.464Z</time></trkpt><trkpt lat="51.08546167" lon="-115.35466167"><ele>1310.0</ele><time>2022-10-10T18:18:34.464Z</time></trkpt><trkpt lat="51.08545667" lon="-115.35468667"><ele>1310.0</ele><time>2022-10-10T18:18:35.464Z</time></trkpt><trkpt lat="51.085455" lon="-115.35470667"><ele>1310.0</ele><time>2022-10-10T18:18:36.465Z</time></trkpt><trkpt lat="51.08545333" lon="-115.354725"><ele>1311.0</ele><time>2022-10-10T18:18:37.465Z</time></trkpt><trkpt lat="51.08545167" lon="-115.35474333"><ele>1311.0</ele><time>2022-10-10T18:18:38.465Z</time></trkpt><trkpt lat="51.08545333" lon="-115.354765"><ele>1312.0</ele><time>2022-10-10T18:18:39.465Z</time></trkpt><trkpt lat="51.085455" lon="-115.354785"><ele>1312.0</ele><time>2022-10-10T18:18:40.464Z</time></trkpt><trkpt lat="51.08545667" lon="-115.35480667"><ele>1312.0</ele><time>2022-10-10T18:18:41.464Z</time></trkpt><trkpt lat="51.085455" lon="-115.354825"><ele>1312.0</ele><time>2022-10-10T18:18:42.465Z</time></trkpt><trkpt lat="51.08545" lon="-115.354845"><ele>1312.0</ele><time>2022-10-10T18:18:43.465Z</time></trkpt><trkpt lat="51.08544333" lon="-115.35486333"><ele>1312.0</ele><time>2022-10-10T18:18:44.465Z</time></trkpt><trkpt lat="51.08543667" lon="-115.35488167"><ele>1312.0</ele><time>2022-10-10T18:18:45.464Z</time></trkpt><trkpt lat="51.08543167" lon="-115.354905"><ele>1311.0</ele><time>2022-10-10T18:18:46.464Z</time></trkpt><trkpt lat="51.08543333" lon="-115.35492167"><ele>1311.0</ele><time>2022-10-10T18:18:47.465Z</time></trkpt><trkpt lat="51.08543833" lon="-115.35493667"><ele>1311.0</ele><time>2022-10-10T18:18:48.465Z</time></trkpt><trkpt lat="51.08544" lon="-115.35495167"><ele>1311.0</ele><time>2022-10-10T18:18:49.465Z</time></trkpt><trkpt lat="51.08544167" lon="-115.354965"><ele>1311.0</ele><time>2022-10-10T18:18:50.465Z</time></trkpt><trkpt lat="51.08544333" lon="-115.35497833"><ele>1311.0</ele><time>2022-10-10T18:18:51.465Z</time></trkpt><trkpt lat="51.085445" lon="-115.354995"><ele>1311.0</ele><time>2022-10-10T18:18:52.464Z</time></trkpt><trkpt lat="51.085445" lon="-115.35501"><ele>1311.0</ele><time>2022-10-10T18:18:53.464Z</time></trkpt><trkpt lat="51.08544667" lon="-115.35502833"><ele>1311.0</ele><time>2022-10-10T18:18:54.465Z</time></trkpt><trkpt lat="51.08544667" lon="-115.35504833"><ele>1311.0</ele><time>2022-10-10T18:18:55.465Z</time></trkpt><trkpt lat="51.085445" lon="-115.355065"><ele>1311.0</ele><time>2022-10-10T18:18:56.465Z</time></trkpt><trkpt lat="51.08544333" lon="-115.355085"><ele>1311.0</ele><time>2022-10-10T18:18:57.465Z</time></trkpt><trkpt lat="51.08544167" lon="-115.35510333"><ele>1311.0</ele><time>2022-10-10T18:18:58.465Z</time></trkpt><trkpt lat="51.08544333" lon="-115.35512"><ele>1311.0</ele><time>2022-10-10T18:18:59.464Z</time></trkpt><trkpt lat="51.08544333" lon="-115.35513833"><ele>1310.0</ele><time>2022-10-10T18:19:00.465Z</time></trkpt><trkpt lat="51.08544333" lon="-115.355155"><ele>1310.0</ele><time>2022-10-10T18:19:01.465Z</time></trkpt><trkpt lat="51.085445" lon="-115.355175"><ele>1309.0</ele><time>2022-10-10T18:19:02.465Z</time></trkpt><trkpt lat="51.085445" lon="-115.355195"><ele>1308.0</ele><time>2022-10-10T18:19:03.465Z</time></trkpt><trkpt lat="51.085445" lon="-115.35521167"><ele>1308.0</ele><time>2022-10-10T18:19:04.465Z</time></trkpt><trkpt lat="51.08544833" lon="-115.35523"><ele>1307.0</ele><time>2022-10-10T18:19:05.464Z</time></trkpt><trkpt lat="51.08544833" lon="-115.35524833"><ele>1307.0</ele><time>2022-10-10T18:19:06.464Z</time></trkpt><trkpt lat="51.08545" lon="-115.355265"><ele>1306.0</ele><time>2022-10-10T18:19:07.465Z</time></trkpt><trkpt lat="51.085455" lon="-115.35528"><ele>1306.0</ele><time>2022-10-10T18:19:08.464Z</time></trkpt><trkpt lat="51.08546" lon="-115.355295"><ele>1306.0</ele><time>2022-10-10T18:19:09.465Z</time></trkpt><trkpt lat="51.08546167" lon="-115.35530667"><ele>1305.0</ele><time>2022-10-10T18:19:10.464Z</time></trkpt><trkpt lat="51.08546167" lon="-115.35532167"><ele>1305.0</ele><time>2022-10-10T18:19:11.464Z</time></trkpt><trkpt lat="51.08546667" lon="-115.35533667"><ele>1305.0</ele><time>2022-10-10T18:19:12.465Z</time></trkpt><trkpt lat="51.08547" lon="-115.35535"><ele>1306.0</ele><time>2022-10-10T18:19:13.465Z</time></trkpt><trkpt lat="51.08547167" lon="-115.35536667"><ele>1307.0</ele><time>2022-10-10T18:19:14.465Z</time></trkpt><trkpt lat="51.08547167" lon="-115.355385"><ele>1308.0</ele><time>2022-10-10T18:19:15.465Z</time></trkpt><trkpt lat="51.08547167" lon="-115.355405"><ele>1308.0</ele><time>2022-10-10T18:19:16.465Z</time></trkpt><trkpt lat="51.08547167" lon="-115.355425"><ele>1309.0</ele><time>2022-10-10T18:19:17.465Z</time></trkpt><trkpt lat="51.08547167" lon="-115.35544167"><ele>1309.0</ele><time>2022-10-10T18:19:18.465Z</time></trkpt><trkpt lat="51.08547167" lon="-115.35545833"><ele>1309.0</ele><time>2022-10-10T18:19:19.465Z</time></trkpt><trkpt lat="51.08547" lon="-115.355475"><ele>1310.0</ele><time>2022-10-10T18:19:20.465Z</time></trkpt><trkpt lat="51.08546833" lon="-115.355495"><ele>1310.0</ele><time>2022-10-10T18:19:21.464Z</time></trkpt><trkpt lat="51.085465" lon="-115.35551333"><ele>1311.0</ele><time>2022-10-10T18:19:22.465Z</time></trkpt><trkpt lat="51.08546167" lon="-115.35553"><ele>1311.0</ele><time>2022-10-10T18:19:23.464Z</time></trkpt><trkpt lat="51.08545667" lon="-115.35554667"><ele>1311.0</ele><time>2022-10-10T18:19:24.465Z</time></trkpt><trkpt lat="51.085455" lon="-115.355565"><ele>1311.0</ele><time>2022-10-10T18:19:25.464Z</time></trkpt><trkpt lat="51.08545667" lon="-115.35558167"><ele>1311.0</ele><time>2022-10-10T18:19:26.464Z</time></trkpt><trkpt lat="51.08546" lon="-115.35559833"><ele>1311.0</ele><time>2022-10-10T18:19:27.464Z</time></trkpt><trkpt lat="51.08546167" lon="-115.35561667"><ele>1311.0</ele><time>2022-10-10T18:19:28.464Z</time></trkpt><trkpt lat="51.085465" lon="-115.35564333"><ele>1311.0</ele><time>2022-10-10T18:19:29.465Z</time></trkpt><trkpt lat="51.08546667" lon="-115.35566667"><ele>1311.0</ele><time>2022-10-10T18:19:30.464Z</time></trkpt><trkpt lat="51.08546" lon="-115.35567833"><ele>1311.0</ele><time>2022-10-10T18:19:31.465Z</time></trkpt><trkpt lat="51.08545333" lon="-115.35569333"><ele>1310.0</ele><time>2022-10-10T18:19:32.465Z</time></trkpt><trkpt lat="51.08545167" lon="-115.35571"><ele>1310.0</ele><time>2022-10-10T18:19:33.464Z</time></trkpt><trkpt lat="51.08545" lon="-115.35573"><ele>1310.0</ele><time>2022-10-10T18:19:34.465Z</time></trkpt><trkpt lat="51.08544667" lon="-115.35574833"><ele>1310.0</ele><time>2022-10-10T18:19:35.464Z</time></trkpt><trkpt lat="51.08544333" lon="-115.35576333"><ele>1311.0</ele><time>2022-10-10T18:19:36.465Z</time></trkpt><trkpt lat="51.08544333" lon="-115.35578167"><ele>1311.0</ele><time>2022-10-10T18:19:37.464Z</time></trkpt><trkpt lat="51.08544667" lon="-115.3558"><ele>1311.0</ele><time>2022-10-10T18:19:38.465Z</time></trkpt><trkpt lat="51.08545167" lon="-115.35581833"><ele>1310.0</ele><time>2022-10-10T18:19:39.464Z</time></trkpt><trkpt lat="51.08545333" lon="-115.35583833"><ele>1310.0</ele><time>2022-10-10T18:19:40.465Z</time></trkpt><trkpt lat="51.085455" lon="-115.355855"><ele>1311.0</ele><time>2022-10-10T18:19:41.465Z</time></trkpt><trkpt lat="51.08545167" lon="-115.35587333"><ele>1311.0</ele><time>2022-10-10T18:19:42.465Z</time></trkpt><trkpt lat="51.08545833" lon="-115.355895"><ele>1311.0</ele><time>2022-10-10T18:19:43.465Z</time></trkpt><trkpt lat="51.08546833" lon="-115.355915"><ele>1312.0</ele><time>2022-10-10T18:19:44.464Z</time></trkpt><trkpt lat="51.085475" lon="-115.355935"><ele>1312.0</ele><time>2022-10-10T18:19:45.464Z</time></trkpt><trkpt lat="51.08548" lon="-115.35594833"><ele>1312.0</ele><time>2022-10-10T18:19:46.465Z</time></trkpt><trkpt lat="51.08548" lon="-115.35596667"><ele>1312.0</ele><time>2022-10-10T18:19:47.465Z</time></trkpt><trkpt lat="51.08548" lon="-115.35598167"><ele>1312.0</ele><time>2022-10-10T18:19:48.464Z</time></trkpt><trkpt lat="51.08546833" lon="-115.356"><ele>1313.0</ele><time>2022-10-10T18:19:49.464Z</time></trkpt><trkpt lat="51.085465" lon="-115.35601833"><ele>1313.0</ele><time>2022-10-10T18:19:50.465Z</time></trkpt><trkpt lat="51.08546333" lon="-115.35603667"><ele>1313.0</ele><time>2022-10-10T18:19:51.465Z</time></trkpt><trkpt lat="51.08546" lon="-115.35605333"><ele>1312.0</ele><time>2022-10-10T18:19:52.464Z</time></trkpt><trkpt lat="51.08545833" lon="-115.35607333"><ele>1312.0</ele><time>2022-10-10T18:19:53.465Z</time></trkpt><trkpt lat="51.08545667" lon="-115.35609667"><ele>1311.0</ele><time>2022-10-10T18:19:54.464Z</time></trkpt><trkpt lat="51.08546" lon="-115.35611333"><ele>1311.0</ele><time>2022-10-10T18:19:55.465Z</time></trkpt><trkpt lat="51.08546833" lon="-115.35613167"><ele>1311.0</ele><time>2022-10-10T18:19:56.465Z</time></trkpt><trkpt lat="51.085465" lon="-115.35614833"><ele>1311.0</ele><time>2022-10-10T18:19:57.465Z</time></trkpt><trkpt lat="51.08545667" lon="-115.35616333"><ele>1311.0</ele><time>2022-10-10T18:19:58.465Z</time></trkpt><trkpt lat="51.08545167" lon="-115.35617833"><ele>1312.0</ele><time>2022-10-10T18:19:59.465Z</time></trkpt><trkpt lat="51.085445" lon="-115.35619167"><ele>1312.0</ele><time>2022-10-10T18:20:00.464Z</time></trkpt><trkpt lat="51.08544667" lon="-115.35620833"><ele>1312.0</ele><time>2022-10-10T18:20:01.464Z</time></trkpt><trkpt lat="51.08544833" lon="-115.356225"><ele>1313.0</ele><time>2022-10-10T18:20:02.465Z</time></trkpt><trkpt lat="51.08545333" lon="-115.35624667"><ele>1313.0</ele><time>2022-10-10T18:20:03.465Z</time></trkpt><trkpt lat="51.08545667" lon="-115.35626333"><ele>1313.0</ele><time>2022-10-10T18:20:04.465Z</time></trkpt><trkpt lat="51.08545833" lon="-115.35628167"><ele>1313.0</ele><time>2022-10-10T18:20:05.464Z</time></trkpt><trkpt lat="51.08545833" lon="-115.35629833"><ele>1313.0</ele><time>2022-10-10T18:20:06.465Z</time></trkpt><trkpt lat="51.08545833" lon="-115.356315"><ele>1313.0</ele><time>2022-10-10T18:20:07.465Z</time></trkpt><trkpt lat="51.08545833" lon="-115.35633167"><ele>1313.0</ele><time>2022-10-10T18:20:08.464Z</time></trkpt><trkpt lat="51.08546167" lon="-115.35634833"><ele>1313.0</ele><time>2022-10-10T18:20:09.464Z</time></trkpt><trkpt lat="51.08546333" lon="-115.35636667"><ele>1312.0</ele><time>2022-10-10T18:20:10.464Z</time></trkpt><trkpt lat="51.085465" lon="-115.356385"><ele>1311.0</ele><time>2022-10-10T18:20:11.465Z</time></trkpt><trkpt lat="51.08546833" lon="-115.35640333"><ele>1311.0</ele><time>2022-10-10T18:20:12.465Z</time></trkpt><trkpt lat="51.08546833" lon="-115.35642"><ele>1310.0</ele><time>2022-10-10T18:20:13.464Z</time></trkpt><trkpt lat="51.08546667" lon="-115.35643667"><ele>1310.0</ele><time>2022-10-10T18:20:14.464Z</time></trkpt><trkpt lat="51.08546333" lon="-115.35645"><ele>1311.0</ele><time>2022-10-10T18:20:15.464Z</time></trkpt><trkpt lat="51.08545833" lon="-115.35646"><ele>1311.0</ele><time>2022-10-10T18:20:16.464Z</time></trkpt><trkpt lat="51.08545" lon="-115.35647333"><ele>1311.0</ele><time>2022-10-10T18:20:17.465Z</time></trkpt><trkpt lat="51.08544" lon="-115.35648667"><ele>1312.0</ele><time>2022-10-10T18:20:18.464Z</time></trkpt><trkpt lat="51.08543667" lon="-115.35650167"><ele>1312.0</ele><time>2022-10-10T18:20:19.464Z</time></trkpt><trkpt lat="51.085435" lon="-115.35652167"><ele>1312.0</ele><time>2022-10-10T18:20:20.464Z</time></trkpt><trkpt lat="51.08543333" lon="-115.35654"><ele>1312.0</ele><time>2022-10-10T18:20:21.465Z</time></trkpt><trkpt lat="51.08543167" lon="-115.35655833"><ele>1312.0</ele><time>2022-10-10T18:20:22.464Z</time></trkpt><trkpt lat="51.08543" lon="-115.35656667"><ele>1312.0</ele><time>2022-10-10T18:20:23.464Z</time></trkpt><trkpt lat="51.08542667" lon="-115.35657833"><ele>1312.0</ele><time>2022-10-10T18:20:24.465Z</time></trkpt><trkpt lat="51.08542833" lon="-115.35659333"><ele>1313.0</ele><time>2022-10-10T18:20:25.465Z</time></trkpt><trkpt lat="51.08542667" lon="-115.35661333"><ele>1313.0</ele><time>2022-10-10T18:20:26.464Z</time></trkpt><trkpt lat="51.085425" lon="-115.35663667"><ele>1314.0</ele><time>2022-10-10T18:20:27.465Z</time></trkpt><trkpt lat="51.08543" lon="-115.35665667"><ele>1314.0</ele><time>2022-10-10T18:20:28.465Z</time></trkpt><trkpt lat="51.08543667" lon="-115.35666833"><ele>1314.0</ele><time>2022-10-10T18:20:29.464Z</time></trkpt><trkpt lat="51.085445" lon="-115.35668333"><ele>1315.0</ele><time>2022-10-10T18:20:30.464Z</time></trkpt><trkpt lat="51.08545333" lon="-115.35670667"><ele>1315.0</ele><time>2022-10-10T18:20:31.464Z</time></trkpt><trkpt lat="51.085455" lon="-115.35672667"><ele>1316.0</ele><time>2022-10-10T18:20:32.465Z</time></trkpt><trkpt lat="51.08546167" lon="-115.35674333"><ele>1316.0</ele><time>2022-10-10T18:20:33.464Z</time></trkpt><trkpt lat="51.08545833" lon="-115.35676167"><ele>1317.0</ele><time>2022-10-10T18:20:34.464Z</time></trkpt><trkpt lat="51.08546" lon="-115.35677667"><ele>1317.0</ele><time>2022-10-10T18:20:35.464Z</time></trkpt><trkpt lat="51.085465" lon="-115.356795"><ele>1317.0</ele><time>2022-10-10T18:20:36.465Z</time></trkpt><trkpt lat="51.08547167" lon="-115.35681167"><ele>1317.0</ele><time>2022-10-10T18:20:37.465Z</time></trkpt><trkpt lat="51.08547667" lon="-115.35683"><ele>1317.0</ele><time>2022-10-10T18:20:38.464Z</time></trkpt><trkpt lat="51.08547833" lon="-115.35684833"><ele>1317.0</ele><time>2022-10-10T18:20:39.464Z</time></trkpt><trkpt lat="51.08547833" lon="-115.356865"><ele>1317.0</ele><time>2022-10-10T18:20:40.464Z</time></trkpt><trkpt lat="51.08547333" lon="-115.35688"><ele>1317.0</ele><time>2022-10-10T18:20:41.465Z</time></trkpt><trkpt lat="51.08547" lon="-115.35688667"><ele>1317.0</ele><time>2022-10-10T18:20:42.464Z</time></trkpt><trkpt lat="51.08547167" lon="-115.356895"><ele>1317.0</ele><time>2022-10-10T18:20:43.464Z</time></trkpt><trkpt lat="51.08547333" lon="-115.35691"><ele>1317.0</ele><time>2022-10-10T18:20:44.464Z</time></trkpt><trkpt lat="51.085475" lon="-115.35692833"><ele>1317.0</ele><time>2022-10-10T18:20:45.465Z</time></trkpt><trkpt lat="51.08546833" lon="-115.35694833"><ele>1317.0</ele><time>2022-10-10T18:20:46.465Z</time></trkpt><trkpt lat="51.08546667" lon="-115.35696667"><ele>1317.0</ele><time>2022-10-10T18:20:47.465Z</time></trkpt><trkpt lat="51.085465" lon="-115.35698667"><ele>1316.0</ele><time>2022-10-10T18:20:48.464Z</time></trkpt><trkpt lat="51.08546333" lon="-115.35700333"><ele>1316.0</ele><time>2022-10-10T18:20:49.464Z</time></trkpt><trkpt lat="51.08545833" lon="-115.35702333"><ele>1315.0</ele><time>2022-10-10T18:20:50.464Z</time></trkpt><trkpt lat="51.08546167" lon="-115.357045"><ele>1315.0</ele><time>2022-10-10T18:20:51.465Z</time></trkpt><trkpt lat="51.085465" lon="-115.357065"><ele>1314.0</ele><time>2022-10-10T18:20:52.465Z</time></trkpt><trkpt lat="51.08546667" lon="-115.357085"><ele>1314.0</ele><time>2022-10-10T18:20:53.464Z</time></trkpt><trkpt lat="51.08547167" lon="-115.3571"><ele>1315.0</ele><time>2022-10-10T18:20:54.464Z</time></trkpt><trkpt lat="51.08547" lon="-115.35711167"><ele>1315.0</ele><time>2022-10-10T18:20:55.464Z</time></trkpt><trkpt lat="51.08547167" lon="-115.35712667"><ele>1315.0</ele><time>2022-10-10T18:20:56.464Z</time></trkpt><trkpt lat="51.08547167" lon="-115.35714833"><ele>1315.0</ele><time>2022-10-10T18:20:57.464Z</time></trkpt><trkpt lat="51.08547167" lon="-115.35716333"><ele>1315.0</ele><time>2022-10-10T18:20:58.465Z</time></trkpt><trkpt lat="51.085475" lon="-115.35718167"><ele>1316.0</ele><time>2022-10-10T18:20:59.464Z</time></trkpt><trkpt lat="51.08547833" lon="-115.35720333"><ele>1315.0</ele><time>2022-10-10T18:21:00.464Z</time></trkpt><trkpt lat="51.08548167" lon="-115.35722333"><ele>1315.0</ele><time>2022-10-10T18:21:01.464Z</time></trkpt><trkpt lat="51.08548167" lon="-115.35724333"><ele>1315.0</ele><time>2022-10-10T18:21:02.465Z</time></trkpt><trkpt lat="51.08548167" lon="-115.35726167"><ele>1315.0</ele><time>2022-10-10T18:21:03.464Z</time></trkpt><trkpt lat="51.08548167" lon="-115.35727833"><ele>1314.0</ele><time>2022-10-10T18:21:04.464Z</time></trkpt><trkpt lat="51.08547833" lon="-115.35729167"><ele>1314.0</ele><time>2022-10-10T18:21:05.464Z</time></trkpt><trkpt lat="51.08548167" lon="-115.35730667"><ele>1314.0</ele><time>2022-10-10T18:21:06.465Z</time></trkpt><trkpt lat="51.085485" lon="-115.35733"><ele>1313.0</ele><time>2022-10-10T18:21:07.464Z</time></trkpt><trkpt lat="51.085485" lon="-115.35735167"><ele>1313.0</ele><time>2022-10-10T18:21:08.464Z</time></trkpt><trkpt lat="51.085485" lon="-115.35737"><ele>1313.0</ele><time>2022-10-10T18:21:09.464Z</time></trkpt><trkpt lat="51.08548667" lon="-115.35738833"><ele>1313.0</ele><time>2022-10-10T18:21:10.464Z</time></trkpt><trkpt lat="51.08548" lon="-115.35740667"><ele>1313.0</ele><time>2022-10-10T18:21:11.465Z</time></trkpt><trkpt lat="51.08548167" lon="-115.35742333"><ele>1313.0</ele><time>2022-10-10T18:21:12.465Z</time></trkpt><trkpt lat="51.08548333" lon="-115.35744333"><ele>1313.0</ele><time>2022-10-10T18:21:13.464Z</time></trkpt><trkpt lat="51.085485" lon="-115.35746167"><ele>1313.0</ele><time>2022-10-10T18:21:14.464Z</time></trkpt><trkpt lat="51.08548167" lon="-115.35748"><ele>1313.0</ele><time>2022-10-10T18:21:15.464Z</time></trkpt><trkpt lat="51.08547833" lon="-115.357495"><ele>1312.0</ele><time>2022-10-10T18:21:16.464Z</time></trkpt><trkpt lat="51.08547667" lon="-115.35751333"><ele>1313.0</ele><time>2022-10-10T18:21:17.464Z</time></trkpt><trkpt lat="51.08547833" lon="-115.35753167"><ele>1313.0</ele><time>2022-10-10T18:21:18.464Z</time></trkpt><trkpt lat="51.08548333" lon="-115.35754833"><ele>1313.0</ele><time>2022-10-10T18:21:19.464Z</time></trkpt><trkpt lat="51.085485" lon="-115.35756333"><ele>1314.0</ele><time>2022-10-10T18:21:20.464Z</time></trkpt><trkpt lat="51.08548667" lon="-115.35758"><ele>1314.0</ele><time>2022-10-10T18:21:21.464Z</time></trkpt><trkpt lat="51.08548667" lon="-115.35759333"><ele>1314.0</ele><time>2022-10-10T18:21:22.465Z</time></trkpt><trkpt lat="51.08548667" lon="-115.35761"><ele>1314.0</ele><time>2022-10-10T18:21:23.464Z</time></trkpt><trkpt lat="51.08548667" lon="-115.357625"><ele>1314.0</ele><time>2022-10-10T18:21:24.464Z</time></trkpt><trkpt lat="51.08548333" lon="-115.35764333"><ele>1314.0</ele><time>2022-10-10T18:21:25.465Z</time></trkpt><trkpt lat="51.08548333" lon="-115.357665"><ele>1314.0</ele><time>2022-10-10T18:21:26.464Z</time></trkpt><trkpt lat="51.08547833" lon="-115.35768833"><ele>1314.0</ele><time>2022-10-10T18:21:27.465Z</time></trkpt><trkpt lat="51.08547167" lon="-115.35770833"><ele>1314.0</ele><time>2022-10-10T18:21:28.465Z</time></trkpt><trkpt lat="51.08546667" lon="-115.35772833"><ele>1314.0</ele><time>2022-10-10T18:21:29.464Z</time></trkpt><trkpt lat="51.08546333" lon="-115.35774667"><ele>1314.0</ele><time>2022-10-10T18:21:30.464Z</time></trkpt><trkpt lat="51.085465" lon="-115.357765"><ele>1314.0</ele><time>2022-10-10T18:21:31.465Z</time></trkpt><trkpt lat="51.08546667" lon="-115.35778333"><ele>1314.0</ele><time>2022-10-10T18:21:32.465Z</time></trkpt><trkpt lat="51.08547167" lon="-115.35780333"><ele>1314.0</ele><time>2022-10-10T18:21:33.465Z</time></trkpt><trkpt lat="51.08548333" lon="-115.35782167"><ele>1314.0</ele><time>2022-10-10T18:21:34.464Z</time></trkpt><trkpt lat="51.08548833" lon="-115.35784"><ele>1314.0</ele><time>2022-10-10T18:21:35.465Z</time></trkpt><trkpt lat="51.08548833" lon="-115.357855"><ele>1314.0</ele><time>2022-10-10T18:21:36.465Z</time></trkpt><trkpt lat="51.08549167" lon="-115.35787167"><ele>1314.0</ele><time>2022-10-10T18:21:37.465Z</time></trkpt><trkpt lat="51.08549167" lon="-115.35788667"><ele>1314.0</ele><time>2022-10-10T18:21:38.465Z</time></trkpt><trkpt lat="51.08549333" lon="-115.35790167"><ele>1314.0</ele><time>2022-10-10T18:21:39.464Z</time></trkpt><trkpt lat="51.08549167" lon="-115.35792"><ele>1313.0</ele><time>2022-10-10T18:21:40.465Z</time></trkpt><trkpt lat="51.08549" lon="-115.35794333"><ele>1313.0</ele><time>2022-10-10T18:21:41.465Z</time></trkpt><trkpt lat="51.08549" lon="-115.357965"><ele>1313.0</ele><time>2022-10-10T18:21:42.465Z</time></trkpt><trkpt lat="51.08549" lon="-115.35798333"><ele>1312.0</ele><time>2022-10-10T18:21:43.464Z</time></trkpt><trkpt lat="51.08548833" lon="-115.35800167"><ele>1311.0</ele><time>2022-10-10T18:21:44.465Z</time></trkpt><trkpt lat="51.08548667" lon="-115.358015"><ele>1311.0</ele><time>2022-10-10T18:21:45.465Z</time></trkpt><trkpt lat="51.08548667" lon="-115.35803"><ele>1311.0</ele><time>2022-10-10T18:21:46.465Z</time></trkpt><trkpt lat="51.08548667" lon="-115.35804333"><ele>1310.0</ele><time>2022-10-10T18:21:47.465Z</time></trkpt><trkpt lat="51.08548833" lon="-115.35805833"><ele>1310.0</ele><time>2022-10-10T18:21:48.464Z</time></trkpt><trkpt lat="51.08549" lon="-115.35807167"><ele>1310.0</ele><time>2022-10-10T18:21:49.465Z</time></trkpt><trkpt lat="51.08549" lon="-115.358085"><ele>1310.0</ele><time>2022-10-10T18:21:50.465Z</time></trkpt><trkpt lat="51.08549" lon="-115.35809833"><ele>1310.0</ele><time>2022-10-10T18:21:51.465Z</time></trkpt><trkpt lat="51.08548667" lon="-115.35811"><ele>1310.0</ele><time>2022-10-10T18:21:52.464Z</time></trkpt><trkpt lat="51.08548333" lon="-115.35812333"><ele>1310.0</ele><time>2022-10-10T18:21:53.465Z</time></trkpt><trkpt lat="51.08548" lon="-115.35813667"><ele>1310.0</ele><time>2022-10-10T18:21:54.465Z</time></trkpt><trkpt lat="51.08547833" lon="-115.35815333"><ele>1310.0</ele><time>2022-10-10T18:21:55.465Z</time></trkpt><trkpt lat="51.08547333" lon="-115.35817"><ele>1310.0</ele><time>2022-10-10T18:21:56.465Z</time></trkpt><trkpt lat="51.08546667" lon="-115.35819"><ele>1310.0</ele><time>2022-10-10T18:21:57.464Z</time></trkpt><trkpt lat="51.08546" lon="-115.35820667"><ele>1309.0</ele><time>2022-10-10T18:21:58.465Z</time></trkpt><trkpt lat="51.08545667" lon="-115.358225"><ele>1309.0</ele><time>2022-10-10T18:21:59.465Z</time></trkpt><trkpt lat="51.085455" lon="-115.35824167"><ele>1308.0</ele><time>2022-10-10T18:22:00.465Z</time></trkpt><trkpt lat="51.08545833" lon="-115.35827333"><ele>1308.0</ele><time>2022-10-10T18:22:01.464Z</time></trkpt><trkpt lat="51.08546" lon="-115.3583"><ele>1308.0</ele><time>2022-10-10T18:22:02.465Z</time></trkpt><trkpt lat="51.085465" lon="-115.35831833"><ele>1308.0</ele><time>2022-10-10T18:22:03.465Z</time></trkpt><trkpt lat="51.08546833" lon="-115.35833167"><ele>1308.0</ele><time>2022-10-10T18:22:04.465Z</time></trkpt><trkpt lat="51.08547" lon="-115.35835167"><ele>1309.0</ele><time>2022-10-10T18:22:05.465Z</time></trkpt><trkpt lat="51.08546667" lon="-115.35837"><ele>1309.0</ele><time>2022-10-10T18:22:06.464Z</time></trkpt><trkpt lat="51.08546333" lon="-115.358385"><ele>1309.0</ele><time>2022-10-10T18:22:07.465Z</time></trkpt><trkpt lat="51.08545667" lon="-115.35840333"><ele>1309.0</ele><time>2022-10-10T18:22:08.465Z</time></trkpt><trkpt lat="51.08545333" lon="-115.35842333"><ele>1309.0</ele><time>2022-10-10T18:22:09.465Z</time></trkpt><trkpt lat="51.08545333" lon="-115.35844167"><ele>1309.0</ele><time>2022-10-10T18:22:10.465Z</time></trkpt><trkpt lat="51.085455" lon="-115.35845833"><ele>1309.0</ele><time>2022-10-10T18:22:11.464Z</time></trkpt><trkpt lat="51.08545667" lon="-115.35847667"><ele>1309.0</ele><time>2022-10-10T18:22:12.465Z</time></trkpt><trkpt lat="51.085455" lon="-115.35849"><ele>1310.0</ele><time>2022-10-10T18:22:13.464Z</time></trkpt><trkpt lat="51.08545333" lon="-115.35850833"><ele>1310.0</ele><time>2022-10-10T18:22:14.465Z</time></trkpt><trkpt lat="51.08545333" lon="-115.358525"><ele>1311.0</ele><time>2022-10-10T18:22:15.464Z</time></trkpt><trkpt lat="51.08545333" lon="-115.35854"><ele>1311.0</ele><time>2022-10-10T18:22:16.465Z</time></trkpt><trkpt lat="51.085455" lon="-115.358555"><ele>1312.0</ele><time>2022-10-10T18:22:17.465Z</time></trkpt><trkpt lat="51.08545333" lon="-115.35857"><ele>1312.0</ele><time>2022-10-10T18:22:18.465Z</time></trkpt><trkpt lat="51.08545167" lon="-115.358585"><ele>1312.0</ele><time>2022-10-10T18:22:19.465Z</time></trkpt><trkpt lat="51.08545" lon="-115.35860167"><ele>1313.0</ele><time>2022-10-10T18:22:20.464Z</time></trkpt><trkpt lat="51.08544833" lon="-115.35861833"><ele>1313.0</ele><time>2022-10-10T18:22:21.465Z</time></trkpt><trkpt lat="51.08545" lon="-115.358635"><ele>1313.0</ele><time>2022-10-10T18:22:22.465Z</time></trkpt><trkpt lat="51.08545167" lon="-115.358655"><ele>1312.0</ele><time>2022-10-10T18:22:23.465Z</time></trkpt><trkpt lat="51.08545167" lon="-115.35867667"><ele>1312.0</ele><time>2022-10-10T18:22:24.464Z</time></trkpt><trkpt lat="51.08545333" lon="-115.35869833"><ele>1312.0</ele><time>2022-10-10T18:22:25.464Z</time></trkpt><trkpt lat="51.08545667" lon="-115.35872167"><ele>1312.0</ele><time>2022-10-10T18:22:26.465Z</time></trkpt><trkpt lat="51.08545833" lon="-115.35874"><ele>1312.0</ele><time>2022-10-10T18:22:27.464Z</time></trkpt><trkpt lat="51.08545833" lon="-115.35875833"><ele>1312.0</ele><time>2022-10-10T18:22:28.464Z</time></trkpt><trkpt lat="51.085455" lon="-115.35877667"><ele>1312.0</ele><time>2022-10-10T18:22:29.464Z</time></trkpt><trkpt lat="51.085455" lon="-115.358795"><ele>1312.0</ele><time>2022-10-10T18:22:30.464Z</time></trkpt><trkpt lat="51.08545333" lon="-115.358815"><ele>1312.0</ele><time>2022-10-10T18:22:31.464Z</time></trkpt><trkpt lat="51.08545167" lon="-115.35883167"><ele>1312.0</ele><time>2022-10-10T18:22:32.464Z</time></trkpt><trkpt lat="51.08545167" lon="-115.35885"><ele>1312.0</ele><time>2022-10-10T18:22:33.464Z</time></trkpt><trkpt lat="51.08545333" lon="-115.35887"><ele>1312.0</ele><time>2022-10-10T18:22:34.464Z</time></trkpt><trkpt lat="51.08545333" lon="-115.35889"><ele>1312.0</ele><time>2022-10-10T18:22:35.465Z</time></trkpt><trkpt lat="51.08545" lon="-115.358905"><ele>1312.0</ele><time>2022-10-10T18:22:36.464Z</time></trkpt><trkpt lat="51.085445" lon="-115.358925"><ele>1311.0</ele><time>2022-10-10T18:22:37.465Z</time></trkpt><trkpt lat="51.08543833" lon="-115.35894333"><ele>1312.0</ele><time>2022-10-10T18:22:38.465Z</time></trkpt><trkpt lat="51.08543833" lon="-115.35896167"><ele>1312.0</ele><time>2022-10-10T18:22:39.465Z</time></trkpt><trkpt lat="51.08543833" lon="-115.35897833"><ele>1312.0</ele><time>2022-10-10T18:22:40.464Z</time></trkpt><trkpt lat="51.08543667" lon="-115.35899"><ele>1312.0</ele><time>2022-10-10T18:22:41.465Z</time></trkpt><trkpt lat="51.08543667" lon="-115.359005"><ele>1312.0</ele><time>2022-10-10T18:22:42.465Z</time></trkpt><trkpt lat="51.08544" lon="-115.35902"><ele>1313.0</ele><time>2022-10-10T18:22:43.465Z</time></trkpt><trkpt lat="51.08543667" lon="-115.35902833"><ele>1314.0</ele><time>2022-10-10T18:22:44.465Z</time></trkpt><trkpt lat="51.085435" lon="-115.35904167"><ele>1315.0</ele><time>2022-10-10T18:22:45.464Z</time></trkpt><trkpt lat="51.08543167" lon="-115.35905333"><ele>1315.0</ele><time>2022-10-10T18:22:46.465Z</time></trkpt><trkpt lat="51.08542833" lon="-115.35907333"><ele>1316.0</ele><time>2022-10-10T18:22:47.465Z</time></trkpt><trkpt lat="51.08542333" lon="-115.3591"><ele>1316.0</ele><time>2022-10-10T18:22:48.465Z</time></trkpt><trkpt lat="51.08542333" lon="-115.35912167"><ele>1316.0</ele><time>2022-10-10T18:22:49.464Z</time></trkpt><trkpt lat="51.08542167" lon="-115.35914167"><ele>1316.0</ele><time>2022-10-10T18:22:50.465Z</time></trkpt><trkpt lat="51.08542667" lon="-115.35915833"><ele>1316.0</ele><time>2022-10-10T18:22:51.465Z</time></trkpt><trkpt lat="51.08542833" lon="-115.35917"><ele>1317.0</ele><time>2022-10-10T18:22:52.465Z</time></trkpt><trkpt lat="51.08543" lon="-115.35918833"><ele>1317.0</ele><time>2022-10-10T18:22:53.465Z</time></trkpt><trkpt lat="51.08542833" lon="-115.359205"><ele>1317.0</ele><time>2022-10-10T18:22:54.464Z</time></trkpt><trkpt lat="51.08542667" lon="-115.35922"><ele>1316.0</ele><time>2022-10-10T18:22:55.465Z</time></trkpt><trkpt lat="51.08542833" lon="-115.35923667"><ele>1316.0</ele><time>2022-10-10T18:22:56.464Z</time></trkpt><trkpt lat="51.085425" lon="-115.35924833"><ele>1316.0</ele><time>2022-10-10T18:22:57.465Z</time></trkpt><trkpt lat="51.08542333" lon="-115.35926167"><ele>1316.0</ele><time>2022-10-10T18:22:58.465Z</time></trkpt><trkpt lat="51.08542167" lon="-115.35927667"><ele>1316.0</ele><time>2022-10-10T18:22:59.464Z</time></trkpt><trkpt lat="51.08541833" lon="-115.35929"><ele>1316.0</ele><time>2022-10-10T18:23:00.465Z</time></trkpt><trkpt lat="51.08542" lon="-115.35930333"><ele>1316.0</ele><time>2022-10-10T18:23:01.465Z</time></trkpt><trkpt lat="51.085425" lon="-115.35931833"><ele>1316.0</ele><time>2022-10-10T18:23:02.465Z</time></trkpt><trkpt lat="51.08542833" lon="-115.35933333"><ele>1316.0</ele><time>2022-10-10T18:23:03.464Z</time></trkpt><trkpt lat="51.08543" lon="-115.35934833"><ele>1316.0</ele><time>2022-10-10T18:23:04.465Z</time></trkpt><trkpt lat="51.08543333" lon="-115.35936333"><ele>1316.0</ele><time>2022-10-10T18:23:05.465Z</time></trkpt><trkpt lat="51.08543667" lon="-115.35938"><ele>1316.0</ele><time>2022-10-10T18:23:06.465Z</time></trkpt><trkpt lat="51.08544" lon="-115.359395"><ele>1316.0</ele><time>2022-10-10T18:23:07.465Z</time></trkpt><trkpt lat="51.08544167" lon="-115.35940833"><ele>1315.0</ele><time>2022-10-10T18:23:08.464Z</time></trkpt><trkpt lat="51.08544167" lon="-115.35942333"><ele>1314.0</ele><time>2022-10-10T18:23:09.465Z</time></trkpt><trkpt lat="51.08543833" lon="-115.35944"><ele>1314.0</ele><time>2022-10-10T18:23:10.465Z</time></trkpt><trkpt lat="51.085435" lon="-115.35945667"><ele>1313.0</ele><time>2022-10-10T18:23:11.465Z</time></trkpt><trkpt lat="51.08543" lon="-115.35947333"><ele>1313.0</ele><time>2022-10-10T18:23:12.464Z</time></trkpt><trkpt lat="51.08542667" lon="-115.35949167"><ele>1313.0</ele><time>2022-10-10T18:23:13.465Z</time></trkpt><trkpt lat="51.085425" lon="-115.35950833"><ele>1313.0</ele><time>2022-10-10T18:23:14.464Z</time></trkpt><trkpt lat="51.08542333" lon="-115.359525"><ele>1313.0</ele><time>2022-10-10T18:23:15.465Z</time></trkpt><trkpt lat="51.08542667" lon="-115.35954"><ele>1313.0</ele><time>2022-10-10T18:23:16.464Z</time></trkpt><trkpt lat="51.08542667" lon="-115.35956"><ele>1313.0</ele><time>2022-10-10T18:23:17.465Z</time></trkpt><trkpt lat="51.08542667" lon="-115.35957667"><ele>1312.0</ele><time>2022-10-10T18:23:18.465Z</time></trkpt><trkpt lat="51.08542667" lon="-115.35959333"><ele>1312.0</ele><time>2022-10-10T18:23:19.465Z</time></trkpt><trkpt lat="51.08542667" lon="-115.35961167"><ele>1312.0</ele><time>2022-10-10T18:23:20.465Z</time></trkpt><trkpt lat="51.08542333" lon="-115.35962167"><ele>1312.0</ele><time>2022-10-10T18:23:21.464Z</time></trkpt><trkpt lat="51.08541833" lon="-115.35963167"><ele>1312.0</ele><time>2022-10-10T18:23:22.465Z</time></trkpt><trkpt lat="51.08541333" lon="-115.35964167"><ele>1312.0</ele><time>2022-10-10T18:23:23.465Z</time></trkpt><trkpt lat="51.08540667" lon="-115.35965"><ele>1311.0</ele><time>2022-10-10T18:23:24.464Z</time></trkpt><trkpt lat="51.08539833" lon="-115.35966167"><ele>1311.0</ele><time>2022-10-10T18:23:25.465Z</time></trkpt><trkpt lat="51.08539" lon="-115.35967333"><ele>1310.0</ele><time>2022-10-10T18:23:26.465Z</time></trkpt><trkpt lat="51.08538167" lon="-115.35968333"><ele>1310.0</ele><time>2022-10-10T18:23:27.465Z</time></trkpt><trkpt lat="51.08537167" lon="-115.35968833"><ele>1310.0</ele><time>2022-10-10T18:23:28.464Z</time></trkpt><trkpt lat="51.08536" lon="-115.35969333"><ele>1310.0</ele><time>2022-10-10T18:23:29.465Z</time></trkpt><trkpt lat="51.08535167" lon="-115.35969833"><ele>1310.0</ele><time>2022-10-10T18:23:30.465Z</time></trkpt><trkpt lat="51.08533833" lon="-115.35969833"><ele>1309.0</ele><time>2022-10-10T18:23:31.465Z</time></trkpt><trkpt lat="51.08533" lon="-115.35969833"><ele>1309.0</ele><time>2022-10-10T18:23:32.465Z</time></trkpt><trkpt lat="51.08532167" lon="-115.35970333"><ele>1309.0</ele><time>2022-10-10T18:23:33.465Z</time></trkpt><trkpt lat="51.08531667" lon="-115.35970667"><ele>1310.0</ele><time>2022-10-10T18:23:34.464Z</time></trkpt><trkpt lat="51.08531333" lon="-115.35971"><ele>1310.0</ele><time>2022-10-10T18:23:35.465Z</time></trkpt><trkpt lat="51.08531167" lon="-115.35971333"><ele>1310.0</ele><time>2022-10-10T18:23:36.465Z</time></trkpt><trkpt lat="51.08531333" lon="-115.35972333"><ele>1311.0</ele><time>2022-10-10T18:23:37.464Z</time></trkpt><trkpt lat="51.085315" lon="-115.35973667"><ele>1311.0</ele><time>2022-10-10T18:23:38.464Z</time></trkpt><trkpt lat="51.08531667" lon="-115.35975167"><ele>1312.0</ele><time>2022-10-10T18:23:39.465Z</time></trkpt><trkpt lat="51.085315" lon="-115.35976833"><ele>1312.0</ele><time>2022-10-10T18:23:40.465Z</time></trkpt><trkpt lat="51.08531667" lon="-115.35978833"><ele>1312.0</ele><time>2022-10-10T18:23:41.464Z</time></trkpt><trkpt lat="51.085315" lon="-115.35980667"><ele>1312.0</ele><time>2022-10-10T18:23:42.465Z</time></trkpt><trkpt lat="51.08531167" lon="-115.35982333"><ele>1311.0</ele><time>2022-10-10T18:23:43.465Z</time></trkpt><trkpt lat="51.08530833" lon="-115.35983667"><ele>1311.0</ele><time>2022-10-10T18:23:44.465Z</time></trkpt><trkpt lat="51.08530833" lon="-115.35985167"><ele>1311.0</ele><time>2022-10-10T18:23:45.465Z</time></trkpt><trkpt lat="51.08531167" lon="-115.35986833"><ele>1311.0</ele><time>2022-10-10T18:23:46.464Z</time></trkpt><trkpt lat="51.08531333" lon="-115.35988667"><ele>1311.0</ele><time>2022-10-10T18:23:47.465Z</time></trkpt><trkpt lat="51.08531667" lon="-115.35991"><ele>1311.0</ele><time>2022-10-10T18:23:48.465Z</time></trkpt><trkpt lat="51.08531833" lon="-115.35993333"><ele>1311.0</ele><time>2022-10-10T18:23:49.465Z</time></trkpt><trkpt lat="51.08532167" lon="-115.35995333"><ele>1311.0</ele><time>2022-10-10T18:23:50.465Z</time></trkpt><trkpt lat="51.08532167" lon="-115.35997333"><ele>1311.0</ele><time>2022-10-10T18:23:51.465Z</time></trkpt><trkpt lat="51.08532333" lon="-115.35999333"><ele>1311.0</ele><time>2022-10-10T18:23:52.464Z</time></trkpt><trkpt lat="51.08532167" lon="-115.36001"><ele>1311.0</ele><time>2022-10-10T18:23:53.465Z</time></trkpt><trkpt lat="51.08532167" lon="-115.36002833"><ele>1312.0</ele><time>2022-10-10T18:23:54.465Z</time></trkpt><trkpt lat="51.085325" lon="-115.36004667"><ele>1312.0</ele><time>2022-10-10T18:23:55.465Z</time></trkpt><trkpt lat="51.08533167" lon="-115.36006333"><ele>1312.0</ele><time>2022-10-10T18:23:56.465Z</time></trkpt><trkpt lat="51.08533833" lon="-115.36008"><ele>1312.0</ele><time>2022-10-10T18:23:57.465Z</time></trkpt><trkpt lat="51.08534333" lon="-115.360095"><ele>1312.0</ele><time>2022-10-10T18:23:58.464Z</time></trkpt><trkpt lat="51.08534833" lon="-115.36010833"><ele>1313.0</ele><time>2022-10-10T18:23:59.465Z</time></trkpt><trkpt lat="51.08535167" lon="-115.36012333"><ele>1313.0</ele><time>2022-10-10T18:24:00.465Z</time></trkpt><trkpt lat="51.085355" lon="-115.36013833"><ele>1314.0</ele><time>2022-10-10T18:24:01.465Z</time></trkpt><trkpt lat="51.08535667" lon="-115.360155"><ele>1314.0</ele><time>2022-10-10T18:24:02.465Z</time></trkpt><trkpt lat="51.08535833" lon="-115.36017333"><ele>1314.0</ele><time>2022-10-10T18:24:03.464Z</time></trkpt><trkpt lat="51.085355" lon="-115.36018833"><ele>1315.0</ele><time>2022-10-10T18:24:04.464Z</time></trkpt><trkpt lat="51.085355" lon="-115.3602"><ele>1315.0</ele><time>2022-10-10T18:24:05.465Z</time></trkpt><trkpt lat="51.08535333" lon="-115.36021167"><ele>1316.0</ele><time>2022-10-10T18:24:06.465Z</time></trkpt><trkpt lat="51.08535" lon="-115.360225"><ele>1315.0</ele><time>2022-10-10T18:24:07.465Z</time></trkpt><trkpt lat="51.08535167" lon="-115.36024167"><ele>1315.0</ele><time>2022-10-10T18:24:08.465Z</time></trkpt><trkpt lat="51.08535333" lon="-115.36025667"><ele>1315.0</ele><time>2022-10-10T18:24:09.464Z</time></trkpt><trkpt lat="51.08535667" lon="-115.36027"><ele>1315.0</ele><time>2022-10-10T18:24:10.465Z</time></trkpt><trkpt lat="51.085355" lon="-115.36028"><ele>1315.0</ele><time>2022-10-10T18:24:11.465Z</time></trkpt><trkpt lat="51.08535" lon="-115.36029167"><ele>1315.0</ele><time>2022-10-10T18:24:12.464Z</time></trkpt><trkpt lat="51.08535" lon="-115.36031333"><ele>1315.0</ele><time>2022-10-10T18:24:13.465Z</time></trkpt><trkpt lat="51.085345" lon="-115.36033167"><ele>1315.0</ele><time>2022-10-10T18:24:14.464Z</time></trkpt><trkpt lat="51.08534167" lon="-115.36035167"><ele>1315.0</ele><time>2022-10-10T18:24:15.464Z</time></trkpt><trkpt lat="51.08532833" lon="-115.36036333"><ele>1314.0</ele><time>2022-10-10T18:24:16.465Z</time></trkpt><trkpt lat="51.08531667" lon="-115.36038167"><ele>1314.0</ele><time>2022-10-10T18:24:17.464Z</time></trkpt><trkpt lat="51.08531667" lon="-115.36040167"><ele>1313.0</ele><time>2022-10-10T18:24:18.465Z</time></trkpt><trkpt lat="51.08531833" lon="-115.36041833"><ele>1313.0</ele><time>2022-10-10T18:24:19.465Z</time></trkpt><trkpt lat="51.08531833" lon="-115.36043667"><ele>1313.0</ele><time>2022-10-10T18:24:20.465Z</time></trkpt><trkpt lat="51.08532" lon="-115.36045167"><ele>1313.0</ele><time>2022-10-10T18:24:21.464Z</time></trkpt><trkpt lat="51.08532333" lon="-115.36046833"><ele>1313.0</ele><time>2022-10-10T18:24:22.465Z</time></trkpt><trkpt lat="51.08533" lon="-115.36048667"><ele>1313.0</ele><time>2022-10-10T18:24:23.464Z</time></trkpt><trkpt lat="51.08533" lon="-115.36050333"><ele>1313.0</ele><time>2022-10-10T18:24:24.465Z</time></trkpt><trkpt lat="51.085335" lon="-115.36052"><ele>1313.0</ele><time>2022-10-10T18:24:25.464Z</time></trkpt><trkpt lat="51.08533833" lon="-115.36053667"><ele>1313.0</ele><time>2022-10-10T18:24:26.465Z</time></trkpt><trkpt lat="51.08533833" lon="-115.360555"><ele>1313.0</ele><time>2022-10-10T18:24:27.465Z</time></trkpt><trkpt lat="51.08534" lon="-115.36057333"><ele>1312.0</ele><time>2022-10-10T18:24:28.465Z</time></trkpt><trkpt lat="51.08534" lon="-115.36058833"><ele>1312.0</ele><time>2022-10-10T18:24:29.465Z</time></trkpt><trkpt lat="51.085335" lon="-115.36060833"><ele>1312.0</ele><time>2022-10-10T18:24:30.464Z</time></trkpt><trkpt lat="51.08533167" lon="-115.36062333"><ele>1312.0</ele><time>2022-10-10T18:24:31.464Z</time></trkpt><trkpt lat="51.08533" lon="-115.360635"><ele>1312.0</ele><time>2022-10-10T18:24:32.464Z</time></trkpt><trkpt lat="51.08533" lon="-115.360645"><ele>1312.0</ele><time>2022-10-10T18:24:33.465Z</time></trkpt><trkpt lat="51.08532833" lon="-115.360655"><ele>1312.0</ele><time>2022-10-10T18:24:34.465Z</time></trkpt><trkpt lat="51.08532667" lon="-115.36067"><ele>1311.0</ele><time>2022-10-10T18:24:35.465Z</time></trkpt><trkpt lat="51.08532833" lon="-115.36068667"><ele>1311.0</ele><time>2022-10-10T18:24:36.465Z</time></trkpt><trkpt lat="51.08532667" lon="-115.360705"><ele>1311.0</ele><time>2022-10-10T18:24:37.464Z</time></trkpt><trkpt lat="51.08532667" lon="-115.360725"><ele>1310.0</ele><time>2022-10-10T18:24:38.464Z</time></trkpt><trkpt lat="51.085325" lon="-115.360745"><ele>1309.0</ele><time>2022-10-10T18:24:39.465Z</time></trkpt><trkpt lat="51.08532333" lon="-115.36076167"><ele>1309.0</ele><time>2022-10-10T18:24:40.465Z</time></trkpt><trkpt lat="51.08532167" lon="-115.36078"><ele>1309.0</ele><time>2022-10-10T18:24:41.465Z</time></trkpt><trkpt lat="51.08532167" lon="-115.36079833"><ele>1309.0</ele><time>2022-10-10T18:24:42.465Z</time></trkpt><trkpt lat="51.08532" lon="-115.36081667"><ele>1309.0</ele><time>2022-10-10T18:24:43.465Z</time></trkpt><trkpt lat="51.08531833" lon="-115.360835"><ele>1309.0</ele><time>2022-10-10T18:24:44.464Z</time></trkpt><trkpt lat="51.08531667" lon="-115.36085333"><ele>1309.0</ele><time>2022-10-10T18:24:45.464Z</time></trkpt><trkpt lat="51.085315" lon="-115.36087333"><ele>1309.0</ele><time>2022-10-10T18:24:46.465Z</time></trkpt><trkpt lat="51.08531333" lon="-115.360895"><ele>1309.0</ele><time>2022-10-10T18:24:47.465Z</time></trkpt><trkpt lat="51.08531333" lon="-115.360915"><ele>1309.0</ele><time>2022-10-10T18:24:48.464Z</time></trkpt><trkpt lat="51.08531167" lon="-115.36093"><ele>1309.0</ele><time>2022-10-10T18:24:49.464Z</time></trkpt><trkpt lat="51.08531167" lon="-115.360945"><ele>1310.0</ele><time>2022-10-10T18:24:50.465Z</time></trkpt><trkpt lat="51.085315" lon="-115.36095833"><ele>1311.0</ele><time>2022-10-10T18:24:51.465Z</time></trkpt><trkpt lat="51.08531667" lon="-115.36097333"><ele>1312.0</ele><time>2022-10-10T18:24:52.464Z</time></trkpt><trkpt lat="51.08532167" lon="-115.36098833"><ele>1313.0</ele><time>2022-10-10T18:24:53.465Z</time></trkpt><trkpt lat="51.08532667" lon="-115.36100667"><ele>1313.0</ele><time>2022-10-10T18:24:54.465Z</time></trkpt><trkpt lat="51.085335" lon="-115.361025"><ele>1313.0</ele><time>2022-10-10T18:24:55.465Z</time></trkpt><trkpt lat="51.08534167" lon="-115.36105333"><ele>1314.0</ele><time>2022-10-10T18:24:56.465Z</time></trkpt><trkpt lat="51.085345" lon="-115.36108"><ele>1314.0</ele><time>2022-10-10T18:24:57.465Z</time></trkpt><trkpt lat="51.08534167" lon="-115.36109667"><ele>1313.0</ele><time>2022-10-10T18:24:58.464Z</time></trkpt><trkpt lat="51.08533833" lon="-115.36111833"><ele>1313.0</ele><time>2022-10-10T18:24:59.464Z</time></trkpt><trkpt lat="51.08534333" lon="-115.36114333"><ele>1313.0</ele><time>2022-10-10T18:25:00.465Z</time></trkpt><trkpt lat="51.08534" lon="-115.36116833"><ele>1313.0</ele><time>2022-10-10T18:25:01.465Z</time></trkpt><trkpt lat="51.08533833" lon="-115.36118833"><ele>1312.0</ele><time>2022-10-10T18:25:02.465Z</time></trkpt><trkpt lat="51.08534333" lon="-115.36120833"><ele>1312.0</ele><time>2022-10-10T18:25:03.465Z</time></trkpt><trkpt lat="51.08534333" lon="-115.36122667"><ele>1312.0</ele><time>2022-10-10T18:25:04.464Z</time></trkpt><trkpt lat="51.08533667" lon="-115.36125167"><ele>1313.0</ele><time>2022-10-10T18:25:05.464Z</time></trkpt><trkpt lat="51.08533333" lon="-115.36127333"><ele>1313.0</ele><time>2022-10-10T18:25:06.465Z</time></trkpt><trkpt lat="51.085335" lon="-115.361295"><ele>1314.0</ele><time>2022-10-10T18:25:07.465Z</time></trkpt><trkpt lat="51.08533333" lon="-115.36131167"><ele>1315.0</ele><time>2022-10-10T18:25:08.464Z</time></trkpt><trkpt lat="51.08533" lon="-115.36132667"><ele>1315.0</ele><time>2022-10-10T18:25:09.465Z</time></trkpt><trkpt lat="51.08532833" lon="-115.36134"><ele>1316.0</ele><time>2022-10-10T18:25:10.465Z</time></trkpt><trkpt lat="51.08533" lon="-115.36135333"><ele>1316.0</ele><time>2022-10-10T18:25:11.464Z</time></trkpt><trkpt lat="51.08533" lon="-115.36136833"><ele>1316.0</ele><time>2022-10-10T18:25:12.464Z</time></trkpt><trkpt lat="51.08533" lon="-115.36138167"><ele>1316.0</ele><time>2022-10-10T18:25:13.465Z</time></trkpt><trkpt lat="51.08532833" lon="-115.36139667"><ele>1316.0</ele><time>2022-10-10T18:25:14.465Z</time></trkpt><trkpt lat="51.08532667" lon="-115.36140833"><ele>1316.0</ele><time>2022-10-10T18:25:15.465Z</time></trkpt><trkpt lat="51.085325" lon="-115.36142167"><ele>1317.0</ele><time>2022-10-10T18:25:16.465Z</time></trkpt><trkpt lat="51.08532167" lon="-115.36143833"><ele>1317.0</ele><time>2022-10-10T18:25:17.465Z</time></trkpt><trkpt lat="51.08532167" lon="-115.36145667"><ele>1317.0</ele><time>2022-10-10T18:25:18.464Z</time></trkpt><trkpt lat="51.08532" lon="-115.36147667"><ele>1318.0</ele><time>2022-10-10T18:25:19.465Z</time></trkpt><trkpt lat="51.08532" lon="-115.36149833"><ele>1318.0</ele><time>2022-10-10T18:25:20.465Z</time></trkpt><trkpt lat="51.08532167" lon="-115.36151833"><ele>1319.0</ele><time>2022-10-10T18:25:21.464Z</time></trkpt><trkpt lat="51.08532" lon="-115.36153667"><ele>1319.0</ele><time>2022-10-10T18:25:22.465Z</time></trkpt><trkpt lat="51.08532" lon="-115.361555"><ele>1319.0</ele><time>2022-10-10T18:25:23.465Z</time></trkpt><trkpt lat="51.08531833" lon="-115.361575"><ele>1319.0</ele><time>2022-10-10T18:25:24.465Z</time></trkpt><trkpt lat="51.08531667" lon="-115.36159333"><ele>1319.0</ele><time>2022-10-10T18:25:25.464Z</time></trkpt><trkpt lat="51.08531833" lon="-115.36161"><ele>1319.0</ele><time>2022-10-10T18:25:26.464Z</time></trkpt><trkpt lat="51.085315" lon="-115.36162833"><ele>1319.0</ele><time>2022-10-10T18:25:27.464Z</time></trkpt><trkpt lat="51.08531667" lon="-115.36164667"><ele>1319.0</ele><time>2022-10-10T18:25:28.464Z</time></trkpt><trkpt lat="51.08531667" lon="-115.36166167"><ele>1319.0</ele><time>2022-10-10T18:25:29.464Z</time></trkpt><trkpt lat="51.08532" lon="-115.36168"><ele>1318.0</ele><time>2022-10-10T18:25:30.464Z</time></trkpt><trkpt lat="51.08532167" lon="-115.36169667"><ele>1318.0</ele><time>2022-10-10T18:25:31.464Z</time></trkpt><trkpt lat="51.08532333" lon="-115.36171333"><ele>1318.0</ele><time>2022-10-10T18:25:32.464Z</time></trkpt><trkpt lat="51.085325" lon="-115.36173167"><ele>1318.0</ele><time>2022-10-10T18:25:33.465Z</time></trkpt><trkpt lat="51.085325" lon="-115.36175167"><ele>1317.0</ele><time>2022-10-10T18:25:34.464Z</time></trkpt><trkpt lat="51.08532667" lon="-115.36177"><ele>1317.0</ele><time>2022-10-10T18:25:35.465Z</time></trkpt><trkpt lat="51.085325" lon="-115.36179"><ele>1316.0</ele><time>2022-10-10T18:25:36.465Z</time></trkpt><trkpt lat="51.08532167" lon="-115.36180667"><ele>1316.0</ele><time>2022-10-10T18:25:37.465Z</time></trkpt><trkpt lat="51.08531833" lon="-115.36182167"><ele>1316.0</ele><time>2022-10-10T18:25:38.465Z</time></trkpt><trkpt lat="51.08531833" lon="-115.36183667"><ele>1316.0</ele><time>2022-10-10T18:25:39.465Z</time></trkpt><trkpt lat="51.085315" lon="-115.36186"><ele>1317.0</ele><time>2022-10-10T18:25:40.465Z</time></trkpt><trkpt lat="51.08531167" lon="-115.36187833"><ele>1317.0</ele><time>2022-10-10T18:25:41.465Z</time></trkpt><trkpt lat="51.08531167" lon="-115.36190167"><ele>1317.0</ele><time>2022-10-10T18:25:42.464Z</time></trkpt><trkpt lat="51.08531667" lon="-115.36192"><ele>1317.0</ele><time>2022-10-10T18:25:43.464Z</time></trkpt><trkpt lat="51.08532" lon="-115.361935"><ele>1317.0</ele><time>2022-10-10T18:25:44.465Z</time></trkpt><trkpt lat="51.085325" lon="-115.36194833"><ele>1316.0</ele><time>2022-10-10T18:25:45.465Z</time></trkpt><trkpt lat="51.08532667" lon="-115.36196"><ele>1316.0</ele><time>2022-10-10T18:25:46.464Z</time></trkpt><trkpt lat="51.085325" lon="-115.36197333"><ele>1316.0</ele><time>2022-10-10T18:25:47.464Z</time></trkpt><trkpt lat="51.08531833" lon="-115.36199"><ele>1316.0</ele><time>2022-10-10T18:25:48.464Z</time></trkpt><trkpt lat="51.08531333" lon="-115.36200833"><ele>1316.0</ele><time>2022-10-10T18:25:49.465Z</time></trkpt><trkpt lat="51.08531667" lon="-115.36202667"><ele>1315.0</ele><time>2022-10-10T18:25:50.465Z</time></trkpt><trkpt lat="51.08532" lon="-115.36204667"><ele>1315.0</ele><time>2022-10-10T18:25:51.465Z</time></trkpt><trkpt lat="51.08532" lon="-115.36206333"><ele>1315.0</ele><time>2022-10-10T18:25:52.465Z</time></trkpt><trkpt lat="51.08532167" lon="-115.36208333"><ele>1314.0</ele><time>2022-10-10T18:25:53.464Z</time></trkpt><trkpt lat="51.08532333" lon="-115.36210167"><ele>1315.0</ele><time>2022-10-10T18:25:54.464Z</time></trkpt><trkpt lat="51.08532" lon="-115.36212167"><ele>1315.0</ele><time>2022-10-10T18:25:55.465Z</time></trkpt><trkpt lat="51.08531667" lon="-115.36213833"><ele>1315.0</ele><time>2022-10-10T18:25:56.464Z</time></trkpt><trkpt lat="51.08531333" lon="-115.36215167"><ele>1315.0</ele><time>2022-10-10T18:25:57.464Z</time></trkpt><trkpt lat="51.08531333" lon="-115.36216667"><ele>1315.0</ele><time>2022-10-10T18:25:58.465Z</time></trkpt><trkpt lat="51.08531333" lon="-115.36218333"><ele>1315.0</ele><time>2022-10-10T18:25:59.465Z</time></trkpt><trkpt lat="51.08531" lon="-115.36219833"><ele>1315.0</ele><time>2022-10-10T18:26:00.465Z</time></trkpt><trkpt lat="51.08531" lon="-115.36221333"><ele>1315.0</ele><time>2022-10-10T18:26:01.465Z</time></trkpt><trkpt lat="51.08531333" lon="-115.36223"><ele>1314.0</ele><time>2022-10-10T18:26:02.465Z</time></trkpt><trkpt lat="51.08531333" lon="-115.362245"><ele>1314.0</ele><time>2022-10-10T18:26:03.464Z</time></trkpt><trkpt lat="51.08531667" lon="-115.36225833"><ele>1314.0</ele><time>2022-10-10T18:26:04.465Z</time></trkpt><trkpt lat="51.08531833" lon="-115.36227333"><ele>1314.0</ele><time>2022-10-10T18:26:05.465Z</time></trkpt><trkpt lat="51.085315" lon="-115.36228833"><ele>1314.0</ele><time>2022-10-10T18:26:06.465Z</time></trkpt><trkpt lat="51.08531333" lon="-115.36230833"><ele>1315.0</ele><time>2022-10-10T18:26:07.465Z</time></trkpt><trkpt lat="51.08531167" lon="-115.36232667"><ele>1315.0</ele><time>2022-10-10T18:26:08.465Z</time></trkpt><trkpt lat="51.08531" lon="-115.36234667"><ele>1315.0</ele><time>2022-10-10T18:26:09.465Z</time></trkpt><trkpt lat="51.08530833" lon="-115.36236667"><ele>1314.0</ele><time>2022-10-10T18:26:10.464Z</time></trkpt><trkpt lat="51.08530833" lon="-115.36238667"><ele>1314.0</ele><time>2022-10-10T18:26:11.465Z</time></trkpt><trkpt lat="51.08530833" lon="-115.36240833"><ele>1314.0</ele><time>2022-10-10T18:26:12.464Z</time></trkpt><trkpt lat="51.08530833" lon="-115.36242833"><ele>1314.0</ele><time>2022-10-10T18:26:13.464Z</time></trkpt><trkpt lat="51.08530333" lon="-115.36244833"><ele>1314.0</ele><time>2022-10-10T18:26:14.464Z</time></trkpt><trkpt lat="51.08529833" lon="-115.36246667"><ele>1314.0</ele><time>2022-10-10T18:26:15.464Z</time></trkpt><trkpt lat="51.085295" lon="-115.36248333"><ele>1314.0</ele><time>2022-10-10T18:26:16.465Z</time></trkpt><trkpt lat="51.08529333" lon="-115.3625"><ele>1314.0</ele><time>2022-10-10T18:26:17.465Z</time></trkpt><trkpt lat="51.08529333" lon="-115.36251833"><ele>1314.0</ele><time>2022-10-10T18:26:18.465Z</time></trkpt><trkpt lat="51.08529667" lon="-115.36253667"><ele>1314.0</ele><time>2022-10-10T18:26:19.465Z</time></trkpt><trkpt lat="51.0853" lon="-115.362555"><ele>1314.0</ele><time>2022-10-10T18:26:20.464Z</time></trkpt><trkpt lat="51.08530167" lon="-115.36257167"><ele>1314.0</ele><time>2022-10-10T18:26:21.465Z</time></trkpt><trkpt lat="51.085305" lon="-115.36258833"><ele>1314.0</ele><time>2022-10-10T18:26:22.465Z</time></trkpt><trkpt lat="51.08530667" lon="-115.362605"><ele>1314.0</ele><time>2022-10-10T18:26:23.465Z</time></trkpt><trkpt lat="51.08530833" lon="-115.36262333"><ele>1315.0</ele><time>2022-10-10T18:26:24.465Z</time></trkpt><trkpt lat="51.08531" lon="-115.36264167"><ele>1315.0</ele><time>2022-10-10T18:26:25.464Z</time></trkpt><trkpt lat="51.08531167" lon="-115.36266"><ele>1315.0</ele><time>2022-10-10T18:26:26.464Z</time></trkpt><trkpt lat="51.08531667" lon="-115.36268"><ele>1316.0</ele><time>2022-10-10T18:26:27.465Z</time></trkpt><trkpt lat="51.08531333" lon="-115.36269667"><ele>1316.0</ele><time>2022-10-10T18:26:28.465Z</time></trkpt><trkpt lat="51.08531" lon="-115.36271167"><ele>1317.0</ele><time>2022-10-10T18:26:29.464Z</time></trkpt><trkpt lat="51.08531167" lon="-115.362725"><ele>1317.0</ele><time>2022-10-10T18:26:30.465Z</time></trkpt><trkpt lat="51.085315" lon="-115.36274"><ele>1317.0</ele><time>2022-10-10T18:26:31.465Z</time></trkpt><trkpt lat="51.08532" lon="-115.362755"><ele>1317.0</ele><time>2022-10-10T18:26:32.465Z</time></trkpt><trkpt lat="51.08532833" lon="-115.36276833"><ele>1317.0</ele><time>2022-10-10T18:26:33.464Z</time></trkpt><trkpt lat="51.08533667" lon="-115.36278"><ele>1317.0</ele><time>2022-10-10T18:26:34.464Z</time></trkpt><trkpt lat="51.08534333" lon="-115.36279333"><ele>1318.0</ele><time>2022-10-10T18:26:35.464Z</time></trkpt><trkpt lat="51.085345" lon="-115.36280833"><ele>1318.0</ele><time>2022-10-10T18:26:36.465Z</time></trkpt><trkpt lat="51.08534333" lon="-115.36282667"><ele>1318.0</ele><time>2022-10-10T18:26:37.465Z</time></trkpt><trkpt lat="51.08534167" lon="-115.362845"><ele>1317.0</ele><time>2022-10-10T18:26:38.465Z</time></trkpt><trkpt lat="51.085335" lon="-115.36286333"><ele>1317.0</ele><time>2022-10-10T18:26:39.465Z</time></trkpt><trkpt lat="51.085335" lon="-115.36288833"><ele>1316.0</ele><time>2022-10-10T18:26:40.464Z</time></trkpt><trkpt lat="51.08534" lon="-115.36291333"><ele>1316.0</ele><time>2022-10-10T18:26:41.465Z</time></trkpt><trkpt lat="51.085345" lon="-115.36292833"><ele>1316.0</ele><time>2022-10-10T18:26:42.465Z</time></trkpt><trkpt lat="51.08534833" lon="-115.36294833"><ele>1315.0</ele><time>2022-10-10T18:26:43.464Z</time></trkpt><trkpt lat="51.08535" lon="-115.36296333"><ele>1315.0</ele><time>2022-10-10T18:26:44.465Z</time></trkpt><trkpt lat="51.085355" lon="-115.36297833"><ele>1314.0</ele><time>2022-10-10T18:26:45.464Z</time></trkpt><trkpt lat="51.08535667" lon="-115.36299333"><ele>1314.0</ele><time>2022-10-10T18:26:46.465Z</time></trkpt><trkpt lat="51.085355" lon="-115.36300833"><ele>1314.0</ele><time>2022-10-10T18:26:47.465Z</time></trkpt><trkpt lat="51.08535667" lon="-115.36302833"><ele>1315.0</ele><time>2022-10-10T18:26:48.465Z</time></trkpt><trkpt lat="51.08535833" lon="-115.363045"><ele>1315.0</ele><time>2022-10-10T18:26:49.465Z</time></trkpt><trkpt lat="51.08535167" lon="-115.36306"><ele>1315.0</ele><time>2022-10-10T18:26:50.465Z</time></trkpt><trkpt lat="51.08535333" lon="-115.36307833"><ele>1315.0</ele><time>2022-10-10T18:26:51.464Z</time></trkpt><trkpt lat="51.085355" lon="-115.36309333"><ele>1314.0</ele><time>2022-10-10T18:26:52.464Z</time></trkpt><trkpt lat="51.08535667" lon="-115.36311"><ele>1314.0</ele><time>2022-10-10T18:26:53.465Z</time></trkpt><trkpt lat="51.085355" lon="-115.363125"><ele>1314.0</ele><time>2022-10-10T18:26:54.465Z</time></trkpt><trkpt lat="51.08535667" lon="-115.36314333"><ele>1314.0</ele><time>2022-10-10T18:26:55.465Z</time></trkpt><trkpt lat="51.08536167" lon="-115.36316167"><ele>1314.0</ele><time>2022-10-10T18:26:56.465Z</time></trkpt><trkpt lat="51.08537167" lon="-115.36318"><ele>1314.0</ele><time>2022-10-10T18:26:57.465Z</time></trkpt><trkpt lat="51.085385" lon="-115.36319333"><ele>1314.0</ele><time>2022-10-10T18:26:58.464Z</time></trkpt><trkpt lat="51.08539667" lon="-115.36319833"><ele>1315.0</ele><time>2022-10-10T18:26:59.465Z</time></trkpt><trkpt lat="51.08541" lon="-115.36320167"><ele>1316.0</ele><time>2022-10-10T18:27:00.465Z</time></trkpt><trkpt lat="51.08542" lon="-115.363205"><ele>1316.0</ele><time>2022-10-10T18:27:01.465Z</time></trkpt><trkpt lat="51.08543" lon="-115.36321"><ele>1317.0</ele><time>2022-10-10T18:27:02.465Z</time></trkpt><trkpt lat="51.085445" lon="-115.36321667"><ele>1317.0</ele><time>2022-10-10T18:27:03.464Z</time></trkpt><trkpt lat="51.08545667" lon="-115.36322167"><ele>1318.0</ele><time>2022-10-10T18:27:04.465Z</time></trkpt><trkpt lat="51.08546667" lon="-115.363225"><ele>1318.0</ele><time>2022-10-10T18:27:05.465Z</time></trkpt><trkpt lat="51.08547667" lon="-115.363225"><ele>1318.0</ele><time>2022-10-10T18:27:06.465Z</time></trkpt><trkpt lat="51.085485" lon="-115.363225"><ele>1317.0</ele><time>2022-10-10T18:27:07.465Z</time></trkpt><trkpt lat="51.08547833" lon="-115.36322833"><ele>1317.0</ele><time>2022-10-10T18:27:08.464Z</time></trkpt><trkpt lat="51.08548" lon="-115.36323"><ele>1317.0</ele><time>2022-10-10T18:27:09.464Z</time></trkpt><trkpt lat="51.08549" lon="-115.36323167"><ele>1317.0</ele><time>2022-10-10T18:27:10.465Z</time></trkpt><trkpt lat="51.08550167" lon="-115.36323167"><ele>1318.0</ele><time>2022-10-10T18:27:11.465Z</time></trkpt><trkpt lat="51.08550833" lon="-115.36323667"><ele>1318.0</ele><time>2022-10-10T18:27:12.464Z</time></trkpt><trkpt lat="51.08551833" lon="-115.36324167"><ele>1318.0</ele><time>2022-10-10T18:27:13.465Z</time></trkpt><trkpt lat="51.08552833" lon="-115.36324833"><ele>1318.0</ele><time>2022-10-10T18:27:14.464Z</time></trkpt><trkpt lat="51.08553333" lon="-115.36326167"><ele>1319.0</ele><time>2022-10-10T18:27:15.465Z</time></trkpt><trkpt lat="51.08553667" lon="-115.36326833"><ele>1319.0</ele><time>2022-10-10T18:27:16.465Z</time></trkpt><trkpt lat="51.08554333" lon="-115.36327333"><ele>1320.0</ele><time>2022-10-10T18:27:17.465Z</time></trkpt><trkpt lat="51.08554667" lon="-115.36328333"><ele>1321.0</ele><time>2022-10-10T18:27:18.464Z</time></trkpt><trkpt lat="51.08555167" lon="-115.36329667"><ele>1321.0</ele><time>2022-10-10T18:27:19.464Z</time></trkpt><trkpt lat="51.085555" lon="-115.36331833"><ele>1322.0</ele><time>2022-10-10T18:27:20.464Z</time></trkpt><trkpt lat="51.085555" lon="-115.36332333"><ele>1323.0</ele><time>2022-10-10T18:27:21.465Z</time></trkpt><trkpt lat="51.08556333" lon="-115.36332667"><ele>1324.0</ele><time>2022-10-10T18:27:22.465Z</time></trkpt><trkpt lat="51.085575" lon="-115.36333167"><ele>1324.0</ele><time>2022-10-10T18:27:23.465Z</time></trkpt><trkpt lat="51.08558" lon="-115.36332333"><ele>1325.0</ele><time>2022-10-10T18:27:24.465Z</time></trkpt><trkpt lat="51.08558667" lon="-115.36333"><ele>1325.0</ele><time>2022-10-10T18:27:25.465Z</time></trkpt><trkpt lat="51.08560167" lon="-115.36335167"><ele>1326.0</ele><time>2022-10-10T18:27:26.465Z</time></trkpt><trkpt lat="51.08562333" lon="-115.36335667"><ele>1327.0</ele><time>2022-10-10T18:27:27.465Z</time></trkpt><trkpt lat="51.08563833" lon="-115.36335833"><ele>1328.0</ele><time>2022-10-10T18:27:28.464Z</time></trkpt><trkpt lat="51.08565167" lon="-115.36336667"><ele>1329.0</ele><time>2022-10-10T18:27:29.464Z</time></trkpt><trkpt lat="51.085665" lon="-115.36337333"><ele>1330.0</ele><time>2022-10-10T18:27:30.465Z</time></trkpt><trkpt lat="51.08567833" lon="-115.36337667"><ele>1331.0</ele><time>2022-10-10T18:27:31.465Z</time></trkpt><trkpt lat="51.08569167" lon="-115.36338167"><ele>1332.0</ele><time>2022-10-10T18:27:32.464Z</time></trkpt><trkpt lat="51.085705" lon="-115.36338833"><ele>1334.0</ele><time>2022-10-10T18:27:33.465Z</time></trkpt><trkpt lat="51.085715" lon="-115.36339833"><ele>1335.0</ele><time>2022-10-10T18:27:34.464Z</time></trkpt><trkpt lat="51.08573" lon="-115.36339833"><ele>1336.0</ele><time>2022-10-10T18:27:35.465Z</time></trkpt><trkpt lat="51.08575167" lon="-115.36339333"><ele>1336.0</ele><time>2022-10-10T18:27:36.465Z</time></trkpt><trkpt lat="51.08577167" lon="-115.36338833"><ele>1336.0</ele><time>2022-10-10T18:27:37.464Z</time></trkpt><trkpt lat="51.08579167" lon="-115.36337333"><ele>1336.0</ele><time>2022-10-10T18:27:38.465Z</time></trkpt><trkpt lat="51.0858" lon="-115.36336833"><ele>1336.0</ele><time>2022-10-10T18:27:39.464Z</time></trkpt><trkpt lat="51.08581" lon="-115.363355"><ele>1336.0</ele><time>2022-10-10T18:27:40.464Z</time></trkpt><trkpt lat="51.08582167" lon="-115.363345"><ele>1335.0</ele><time>2022-10-10T18:27:41.465Z</time></trkpt><trkpt lat="51.08582833" lon="-115.36334"><ele>1334.0</ele><time>2022-10-10T18:27:42.465Z</time></trkpt><trkpt lat="51.085835" lon="-115.36333167"><ele>1333.0</ele><time>2022-10-10T18:27:43.465Z</time></trkpt><trkpt lat="51.08584333" lon="-115.36332667"><ele>1332.0</ele><time>2022-10-10T18:27:44.464Z</time></trkpt><trkpt lat="51.085855" lon="-115.363325"><ele>1331.0</ele><time>2022-10-10T18:27:45.465Z</time></trkpt><trkpt lat="51.08586167" lon="-115.36332167"><ele>1330.0</ele><time>2022-10-10T18:27:46.465Z</time></trkpt><trkpt lat="51.08586833" lon="-115.36331667"><ele>1329.0</ele><time>2022-10-10T18:27:47.465Z</time></trkpt><trkpt lat="51.08587833" lon="-115.363315"><ele>1329.0</ele><time>2022-10-10T18:27:48.464Z</time></trkpt><trkpt lat="51.08588667" lon="-115.363315"><ele>1329.0</ele><time>2022-10-10T18:27:49.464Z</time></trkpt><trkpt lat="51.085895" lon="-115.36331333"><ele>1328.0</ele><time>2022-10-10T18:27:50.465Z</time></trkpt><trkpt lat="51.0859" lon="-115.36331667"><ele>1327.0</ele><time>2022-10-10T18:27:51.465Z</time></trkpt><trkpt lat="51.08591" lon="-115.36331333"><ele>1327.0</ele><time>2022-10-10T18:27:52.465Z</time></trkpt><trkpt lat="51.08592167" lon="-115.36331167"><ele>1327.0</ele><time>2022-10-10T18:27:53.465Z</time></trkpt><trkpt lat="51.085935" lon="-115.36331167"><ele>1327.0</ele><time>2022-10-10T18:27:54.464Z</time></trkpt><trkpt lat="51.08594167" lon="-115.36331"><ele>1327.0</ele><time>2022-10-10T18:27:55.464Z</time></trkpt><trkpt lat="51.08595333" lon="-115.363315"><ele>1327.0</ele><time>2022-10-10T18:27:56.465Z</time></trkpt><trkpt lat="51.08596167" lon="-115.36332167"><ele>1328.0</ele><time>2022-10-10T18:27:57.465Z</time></trkpt><trkpt lat="51.08597167" lon="-115.36333167"><ele>1328.0</ele><time>2022-10-10T18:27:58.465Z</time></trkpt><trkpt lat="51.08598167" lon="-115.36333833"><ele>1329.0</ele><time>2022-10-10T18:27:59.464Z</time></trkpt><trkpt lat="51.08598833" lon="-115.36334667"><ele>1330.0</ele><time>2022-10-10T18:28:00.464Z</time></trkpt><trkpt lat="51.086" lon="-115.36335667"><ele>1330.0</ele><time>2022-10-10T18:28:01.465Z</time></trkpt><trkpt lat="51.08601" lon="-115.36335833"><ele>1331.0</ele><time>2022-10-10T18:28:02.465Z</time></trkpt><trkpt lat="51.08602167" lon="-115.36336333"><ele>1332.0</ele><time>2022-10-10T18:28:03.465Z</time></trkpt><trkpt lat="51.08603333" lon="-115.36337"><ele>1333.0</ele><time>2022-10-10T18:28:04.465Z</time></trkpt><trkpt lat="51.08604667" lon="-115.36337667"><ele>1334.0</ele><time>2022-10-10T18:28:05.465Z</time></trkpt><trkpt lat="51.08606" lon="-115.36338167"><ele>1335.0</ele><time>2022-10-10T18:28:06.465Z</time></trkpt><trkpt lat="51.08608" lon="-115.36338833"><ele>1336.0</ele><time>2022-10-10T18:28:07.464Z</time></trkpt><trkpt lat="51.086095" lon="-115.36339833"><ele>1337.0</ele><time>2022-10-10T18:28:08.464Z</time></trkpt><trkpt lat="51.086105" lon="-115.363405"><ele>1338.0</ele><time>2022-10-10T18:28:09.465Z</time></trkpt><trkpt lat="51.08611667" lon="-115.3634"><ele>1338.0</ele><time>2022-10-10T18:28:10.465Z</time></trkpt><trkpt lat="51.08613" lon="-115.3634"><ele>1339.0</ele><time>2022-10-10T18:28:11.464Z</time></trkpt><trkpt lat="51.08613833" lon="-115.36339667"><ele>1340.0</ele><time>2022-10-10T18:28:12.465Z</time></trkpt><trkpt lat="51.08615" lon="-115.363395"><ele>1340.0</ele><time>2022-10-10T18:28:13.465Z</time></trkpt><trkpt lat="51.08615667" lon="-115.36339333"><ele>1341.0</ele><time>2022-10-10T18:28:14.465Z</time></trkpt><trkpt lat="51.086165" lon="-115.36339167"><ele>1342.0</ele><time>2022-10-10T18:28:15.464Z</time></trkpt><trkpt lat="51.086175" lon="-115.36338667"><ele>1342.0</ele><time>2022-10-10T18:28:16.465Z</time></trkpt><trkpt lat="51.086185" lon="-115.36338167"><ele>1342.0</ele><time>2022-10-10T18:28:17.465Z</time></trkpt><trkpt lat="51.08619667" lon="-115.36337833"><ele>1342.0</ele><time>2022-10-10T18:28:18.465Z</time></trkpt><trkpt lat="51.08621" lon="-115.36338"><ele>1342.0</ele><time>2022-10-10T18:28:19.465Z</time></trkpt><trkpt lat="51.08622167" lon="-115.36338833"><ele>1341.0</ele><time>2022-10-10T18:28:20.465Z</time></trkpt><trkpt lat="51.08623333" lon="-115.36338667"><ele>1340.0</ele><time>2022-10-10T18:28:21.464Z</time></trkpt><trkpt lat="51.08624667" lon="-115.36337333"><ele>1339.0</ele><time>2022-10-10T18:28:22.465Z</time></trkpt><trkpt lat="51.086255" lon="-115.36336167"><ele>1338.0</ele><time>2022-10-10T18:28:23.465Z</time></trkpt><trkpt lat="51.08625833" lon="-115.36334"><ele>1337.0</ele><time>2022-10-10T18:28:24.465Z</time></trkpt><trkpt lat="51.08626167" lon="-115.36332833"><ele>1336.0</ele><time>2022-10-10T18:28:25.465Z</time></trkpt><trkpt lat="51.08627" lon="-115.36332333"><ele>1335.0</ele><time>2022-10-10T18:28:26.464Z</time></trkpt><trkpt lat="51.086275" lon="-115.36331833"><ele>1333.0</ele><time>2022-10-10T18:28:27.464Z</time></trkpt><trkpt lat="51.08628333" lon="-115.363315"><ele>1332.0</ele><time>2022-10-10T18:28:28.465Z</time></trkpt><trkpt lat="51.08629167" lon="-115.36330667"><ele>1331.0</ele><time>2022-10-10T18:28:29.465Z</time></trkpt><trkpt lat="51.08629667" lon="-115.363295"><ele>1331.0</ele><time>2022-10-10T18:28:30.465Z</time></trkpt><trkpt lat="51.08630333" lon="-115.36328333"><ele>1330.0</ele><time>2022-10-10T18:28:31.464Z</time></trkpt><trkpt lat="51.08630667" lon="-115.36327667"><ele>1328.0</ele><time>2022-10-10T18:28:32.465Z</time></trkpt><trkpt lat="51.08631667" lon="-115.36327"><ele>1327.0</ele><time>2022-10-10T18:28:33.464Z</time></trkpt><trkpt lat="51.08633167" lon="-115.36326333"><ele>1326.0</ele><time>2022-10-10T18:28:34.465Z</time></trkpt><trkpt lat="51.08635" lon="-115.36326167"><ele>1325.0</ele><time>2022-10-10T18:28:35.465Z</time></trkpt><trkpt lat="51.08636333" lon="-115.363265"><ele>1325.0</ele><time>2022-10-10T18:28:36.465Z</time></trkpt><trkpt lat="51.08637833" lon="-115.363265"><ele>1324.0</ele><time>2022-10-10T18:28:37.465Z</time></trkpt><trkpt lat="51.08639333" lon="-115.36326833"><ele>1324.0</ele><time>2022-10-10T18:28:38.464Z</time></trkpt><trkpt lat="51.08640167" lon="-115.36327167"><ele>1324.0</ele><time>2022-10-10T18:28:39.464Z</time></trkpt><trkpt lat="51.08641" lon="-115.363275"><ele>1323.0</ele><time>2022-10-10T18:28:40.465Z</time></trkpt><trkpt lat="51.08642167" lon="-115.363285"><ele>1323.0</ele><time>2022-10-10T18:28:41.465Z</time></trkpt><trkpt lat="51.086435" lon="-115.3633"><ele>1323.0</ele><time>2022-10-10T18:28:42.465Z</time></trkpt><trkpt lat="51.08645" lon="-115.36331833"><ele>1323.0</ele><time>2022-10-10T18:28:43.465Z</time></trkpt><trkpt lat="51.08646167" lon="-115.363335"><ele>1323.0</ele><time>2022-10-10T18:28:44.464Z</time></trkpt><trkpt lat="51.08646833" lon="-115.36334"><ele>1324.0</ele><time>2022-10-10T18:28:45.465Z</time></trkpt><trkpt lat="51.08647833" lon="-115.36333833"><ele>1323.0</ele><time>2022-10-10T18:28:46.465Z</time></trkpt><trkpt lat="51.08648833" lon="-115.36333667"><ele>1323.0</ele><time>2022-10-10T18:28:47.465Z</time></trkpt><trkpt lat="51.08649667" lon="-115.36334167"><ele>1323.0</ele><time>2022-10-10T18:28:48.465Z</time></trkpt><trkpt lat="51.08650833" lon="-115.363355"><ele>1323.0</ele><time>2022-10-10T18:28:49.464Z</time></trkpt><trkpt lat="51.08651667" lon="-115.36336333"><ele>1324.0</ele><time>2022-10-10T18:28:50.465Z</time></trkpt><trkpt lat="51.08652833" lon="-115.36337167"><ele>1324.0</ele><time>2022-10-10T18:28:51.465Z</time></trkpt><trkpt lat="51.08653333" lon="-115.36338167"><ele>1324.0</ele><time>2022-10-10T18:28:52.464Z</time></trkpt><trkpt lat="51.086545" lon="-115.36338833"><ele>1323.0</ele><time>2022-10-10T18:28:53.465Z</time></trkpt><trkpt lat="51.08656" lon="-115.36339"><ele>1323.0</ele><time>2022-10-10T18:28:54.464Z</time></trkpt><trkpt lat="51.08657333" lon="-115.36338833"><ele>1323.0</ele><time>2022-10-10T18:28:55.464Z</time></trkpt><trkpt lat="51.08659" lon="-115.363385"><ele>1323.0</ele><time>2022-10-10T18:28:56.465Z</time></trkpt><trkpt lat="51.08660333" lon="-115.36338667"><ele>1323.0</ele><time>2022-10-10T18:28:57.465Z</time></trkpt><trkpt lat="51.08661833" lon="-115.36339667"><ele>1323.0</ele><time>2022-10-10T18:28:58.465Z</time></trkpt><trkpt lat="51.08662667" lon="-115.363395"><ele>1323.0</ele><time>2022-10-10T18:28:59.465Z</time></trkpt><trkpt lat="51.08663333" lon="-115.363395"><ele>1323.0</ele><time>2022-10-10T18:29:00.464Z</time></trkpt><trkpt lat="51.08664167" lon="-115.3634"><ele>1323.0</ele><time>2022-10-10T18:29:01.465Z</time></trkpt><trkpt lat="51.08665" lon="-115.36340333"><ele>1323.0</ele><time>2022-10-10T18:29:02.465Z</time></trkpt><trkpt lat="51.08666167" lon="-115.36341333"><ele>1324.0</ele><time>2022-10-10T18:29:03.464Z</time></trkpt><trkpt lat="51.086675" lon="-115.36342333"><ele>1324.0</ele><time>2022-10-10T18:29:04.464Z</time></trkpt><trkpt lat="51.086685" lon="-115.36343167"><ele>1324.0</ele><time>2022-10-10T18:29:05.465Z</time></trkpt><trkpt lat="51.08669333" lon="-115.36344333"><ele>1324.0</ele><time>2022-10-10T18:29:06.464Z</time></trkpt><trkpt lat="51.086705" lon="-115.36345667"><ele>1324.0</ele><time>2022-10-10T18:29:07.464Z</time></trkpt><trkpt lat="51.08671667" lon="-115.36347167"><ele>1323.0</ele><time>2022-10-10T18:29:08.465Z</time></trkpt><trkpt lat="51.08672667" lon="-115.363485"><ele>1323.0</ele><time>2022-10-10T18:29:09.465Z</time></trkpt><trkpt lat="51.08673167" lon="-115.36349833"><ele>1322.0</ele><time>2022-10-10T18:29:10.465Z</time></trkpt><trkpt lat="51.08673667" lon="-115.36351333"><ele>1322.0</ele><time>2022-10-10T18:29:11.464Z</time></trkpt><trkpt lat="51.08674167" lon="-115.36352667"><ele>1322.0</ele><time>2022-10-10T18:29:12.464Z</time></trkpt><trkpt lat="51.08674667" lon="-115.363545"><ele>1322.0</ele><time>2022-10-10T18:29:13.464Z</time></trkpt><trkpt lat="51.08675333" lon="-115.36356333"><ele>1321.0</ele><time>2022-10-10T18:29:14.465Z</time></trkpt><trkpt lat="51.08675667" lon="-115.36358167"><ele>1321.0</ele><time>2022-10-10T18:29:15.465Z</time></trkpt><trkpt lat="51.08675833" lon="-115.3636"><ele>1320.0</ele><time>2022-10-10T18:29:16.465Z</time></trkpt><trkpt lat="51.08675833" lon="-115.363615"><ele>1320.0</ele><time>2022-10-10T18:29:17.465Z</time></trkpt><trkpt lat="51.08676" lon="-115.36363167"><ele>1319.0</ele><time>2022-10-10T18:29:18.464Z</time></trkpt><trkpt lat="51.08675833" lon="-115.363645"><ele>1319.0</ele><time>2022-10-10T18:29:19.465Z</time></trkpt><trkpt lat="51.086755" lon="-115.36365833"><ele>1319.0</ele><time>2022-10-10T18:29:20.465Z</time></trkpt><trkpt lat="51.08674833" lon="-115.36366833"><ele>1318.0</ele><time>2022-10-10T18:29:21.465Z</time></trkpt><trkpt lat="51.08674167" lon="-115.36367833"><ele>1318.0</ele><time>2022-10-10T18:29:22.465Z</time></trkpt><trkpt lat="51.08673833" lon="-115.363695"><ele>1318.0</ele><time>2022-10-10T18:29:23.464Z</time></trkpt><trkpt lat="51.086735" lon="-115.36371333"><ele>1319.0</ele><time>2022-10-10T18:29:24.465Z</time></trkpt><trkpt lat="51.08672833" lon="-115.36373"><ele>1319.0</ele><time>2022-10-10T18:29:25.465Z</time></trkpt><trkpt lat="51.08672" lon="-115.363745"><ele>1319.0</ele><time>2022-10-10T18:29:26.465Z</time></trkpt><trkpt lat="51.08671" lon="-115.363755"><ele>1319.0</ele><time>2022-10-10T18:29:27.465Z</time></trkpt><trkpt lat="51.08669833" lon="-115.36376333"><ele>1319.0</ele><time>2022-10-10T18:29:28.464Z</time></trkpt><trkpt lat="51.08668667" lon="-115.36377167"><ele>1319.0</ele><time>2022-10-10T18:29:29.464Z</time></trkpt><trkpt lat="51.086685" lon="-115.36378"><ele>1319.0</ele><time>2022-10-10T18:29:30.464Z</time></trkpt><trkpt lat="51.08668667" lon="-115.363785"><ele>1319.0</ele><time>2022-10-10T18:29:31.465Z</time></trkpt><trkpt lat="51.08669" lon="-115.36379167"><ele>1319.0</ele><time>2022-10-10T18:29:32.465Z</time></trkpt><trkpt lat="51.08669" lon="-115.36379333"><ele>1320.0</ele><time>2022-10-10T18:29:33.465Z</time></trkpt><trkpt lat="51.086695" lon="-115.36379667"><ele>1320.0</ele><time>2022-10-10T18:29:34.465Z</time></trkpt><trkpt lat="51.08669" lon="-115.363795"><ele>1319.0</ele><time>2022-10-10T18:29:35.465Z</time></trkpt><trkpt lat="51.086685" lon="-115.36379667"><ele>1319.0</ele><time>2022-10-10T18:29:36.464Z</time></trkpt><trkpt lat="51.08668" lon="-115.36380333"><ele>1319.0</ele><time>2022-10-10T18:29:37.465Z</time></trkpt><trkpt lat="51.08667667" lon="-115.36380833"><ele>1319.0</ele><time>2022-10-10T18:29:38.465Z</time></trkpt><trkpt lat="51.08667167" lon="-115.36381667"><ele>1319.0</ele><time>2022-10-10T18:29:39.465Z</time></trkpt><trkpt lat="51.08666667" lon="-115.363825"><ele>1319.0</ele><time>2022-10-10T18:29:40.465Z</time></trkpt><trkpt lat="51.08666" lon="-115.36383333"><ele>1319.0</ele><time>2022-10-10T18:29:41.465Z</time></trkpt><trkpt lat="51.08665333" lon="-115.36384167"><ele>1319.0</ele><time>2022-10-10T18:29:42.465Z</time></trkpt><trkpt lat="51.08664333" lon="-115.36385167"><ele>1318.0</ele><time>2022-10-10T18:29:43.465Z</time></trkpt><trkpt lat="51.08663" lon="-115.36386167"><ele>1318.0</ele><time>2022-10-10T18:29:44.465Z</time></trkpt><trkpt lat="51.08661667" lon="-115.36387167"><ele>1317.0</ele><time>2022-10-10T18:29:45.465Z</time></trkpt><trkpt lat="51.08660833" lon="-115.363885"><ele>1317.0</ele><time>2022-10-10T18:29:46.464Z</time></trkpt><trkpt lat="51.086595" lon="-115.3639"><ele>1316.0</ele><time>2022-10-10T18:29:47.465Z</time></trkpt><trkpt lat="51.08658333" lon="-115.36392"><ele>1315.0</ele><time>2022-10-10T18:29:48.465Z</time></trkpt><trkpt lat="51.086575" lon="-115.36394"><ele>1315.0</ele><time>2022-10-10T18:29:49.465Z</time></trkpt><trkpt lat="51.08657333" lon="-115.36395333"><ele>1314.0</ele><time>2022-10-10T18:29:50.464Z</time></trkpt><trkpt lat="51.08656667" lon="-115.36396"><ele>1314.0</ele><time>2022-10-10T18:29:51.465Z</time></trkpt><trkpt lat="51.08655667" lon="-115.36396667"><ele>1313.0</ele><time>2022-10-10T18:29:52.464Z</time></trkpt><trkpt lat="51.08655" lon="-115.363975"><ele>1313.0</ele><time>2022-10-10T18:29:53.465Z</time></trkpt><trkpt lat="51.08653667" lon="-115.36398667"><ele>1313.0</ele><time>2022-10-10T18:29:54.465Z</time></trkpt><trkpt lat="51.08652333" lon="-115.36399167"><ele>1313.0</ele><time>2022-10-10T18:29:55.465Z</time></trkpt><trkpt lat="51.086515" lon="-115.36399833"><ele>1313.0</ele><time>2022-10-10T18:29:56.465Z</time></trkpt><trkpt lat="51.08650833" lon="-115.36400833"><ele>1313.0</ele><time>2022-10-10T18:29:57.464Z</time></trkpt><trkpt lat="51.0865" lon="-115.36401333"><ele>1312.0</ele><time>2022-10-10T18:29:58.465Z</time></trkpt><trkpt lat="51.08649333" lon="-115.36402333"><ele>1312.0</ele><time>2022-10-10T18:29:59.465Z</time></trkpt><trkpt lat="51.08649167" lon="-115.36403333"><ele>1312.0</ele><time>2022-10-10T18:30:00.465Z</time></trkpt><trkpt lat="51.08649333" lon="-115.36404167"><ele>1312.0</ele><time>2022-10-10T18:30:01.465Z</time></trkpt><trkpt lat="51.08648667" lon="-115.36404833"><ele>1313.0</ele><time>2022-10-10T18:30:02.464Z</time></trkpt><trkpt lat="51.08648" lon="-115.36405833"><ele>1313.0</ele><time>2022-10-10T18:30:03.465Z</time></trkpt><trkpt lat="51.08647667" lon="-115.36406667"><ele>1313.0</ele><time>2022-10-10T18:30:04.465Z</time></trkpt><trkpt lat="51.08647" lon="-115.36407833"><ele>1313.0</ele><time>2022-10-10T18:30:05.465Z</time></trkpt><trkpt lat="51.08646167" lon="-115.36409"><ele>1313.0</ele><time>2022-10-10T18:30:06.465Z</time></trkpt><trkpt lat="51.086455" lon="-115.36410167"><ele>1313.0</ele><time>2022-10-10T18:30:07.464Z</time></trkpt><trkpt lat="51.08644833" lon="-115.36411167"><ele>1313.0</ele><time>2022-10-10T18:30:08.465Z</time></trkpt><trkpt lat="51.086445" lon="-115.36412333"><ele>1313.0</ele><time>2022-10-10T18:30:09.465Z</time></trkpt><trkpt lat="51.08644" lon="-115.36413667"><ele>1313.0</ele><time>2022-10-10T18:30:10.465Z</time></trkpt><trkpt lat="51.086435" lon="-115.36415167"><ele>1313.0</ele><time>2022-10-10T18:30:11.465Z</time></trkpt><trkpt lat="51.08642833" lon="-115.364165"><ele>1313.0</ele><time>2022-10-10T18:30:12.464Z</time></trkpt><trkpt lat="51.08642333" lon="-115.36418"><ele>1312.0</ele><time>2022-10-10T18:30:13.465Z</time></trkpt><trkpt lat="51.08641833" lon="-115.364195"><ele>1311.0</ele><time>2022-10-10T18:30:14.465Z</time></trkpt><trkpt lat="51.08641333" lon="-115.36421"><ele>1311.0</ele><time>2022-10-10T18:30:15.465Z</time></trkpt><trkpt lat="51.086405" lon="-115.36422333"><ele>1310.0</ele><time>2022-10-10T18:30:16.465Z</time></trkpt><trkpt lat="51.0864" lon="-115.36423333"><ele>1310.0</ele><time>2022-10-10T18:30:17.464Z</time></trkpt><trkpt lat="51.08639333" lon="-115.364245"><ele>1309.0</ele><time>2022-10-10T18:30:18.465Z</time></trkpt><trkpt lat="51.08638667" lon="-115.364255"><ele>1309.0</ele><time>2022-10-10T18:30:19.465Z</time></trkpt><trkpt lat="51.08637667" lon="-115.36426833"><ele>1308.0</ele><time>2022-10-10T18:30:20.465Z</time></trkpt><trkpt lat="51.08636333" lon="-115.36428167"><ele>1308.0</ele><time>2022-10-10T18:30:21.465Z</time></trkpt><trkpt lat="51.08635333" lon="-115.36429833"><ele>1307.0</ele><time>2022-10-10T18:30:22.464Z</time></trkpt><trkpt lat="51.086335" lon="-115.36432"><ele>1307.0</ele><time>2022-10-10T18:30:23.464Z</time></trkpt><trkpt lat="51.08632833" lon="-115.36434333"><ele>1306.0</ele><time>2022-10-10T18:30:24.465Z</time></trkpt><trkpt lat="51.08632167" lon="-115.36436"><ele>1306.0</ele><time>2022-10-10T18:30:25.465Z</time></trkpt><trkpt lat="51.08631667" lon="-115.36437667"><ele>1307.0</ele><time>2022-10-10T18:30:26.465Z</time></trkpt><trkpt lat="51.08630667" lon="-115.36439167"><ele>1307.0</ele><time>2022-10-10T18:30:27.465Z</time></trkpt><trkpt lat="51.08629833" lon="-115.36440667"><ele>1308.0</ele><time>2022-10-10T18:30:28.465Z</time></trkpt><trkpt lat="51.08628667" lon="-115.36441833"><ele>1308.0</ele><time>2022-10-10T18:30:29.464Z</time></trkpt><trkpt lat="51.08627667" lon="-115.36443"><ele>1309.0</ele><time>2022-10-10T18:30:30.464Z</time></trkpt><trkpt lat="51.08626667" lon="-115.36444"><ele>1309.0</ele><time>2022-10-10T18:30:31.464Z</time></trkpt><trkpt lat="51.08625667" lon="-115.36444833"><ele>1309.0</ele><time>2022-10-10T18:30:32.464Z</time></trkpt><trkpt lat="51.08625" lon="-115.36446"><ele>1309.0</ele><time>2022-10-10T18:30:33.464Z</time></trkpt><trkpt lat="51.086245" lon="-115.36447333"><ele>1310.0</ele><time>2022-10-10T18:30:34.465Z</time></trkpt><trkpt lat="51.08624167" lon="-115.36448667"><ele>1311.0</ele><time>2022-10-10T18:30:35.465Z</time></trkpt><trkpt lat="51.08623167" lon="-115.364495"><ele>1311.0</ele><time>2022-10-10T18:30:36.464Z</time></trkpt><trkpt lat="51.08622667" lon="-115.36450333"><ele>1311.0</ele><time>2022-10-10T18:30:37.465Z</time></trkpt><trkpt lat="51.08621667" lon="-115.36451667"><ele>1311.0</ele><time>2022-10-10T18:30:38.465Z</time></trkpt><trkpt lat="51.08620833" lon="-115.36452667"><ele>1312.0</ele><time>2022-10-10T18:30:39.465Z</time></trkpt><trkpt lat="51.08620167" lon="-115.36453833"><ele>1312.0</ele><time>2022-10-10T18:30:40.465Z</time></trkpt><trkpt lat="51.08619333" lon="-115.36455"><ele>1312.0</ele><time>2022-10-10T18:30:41.464Z</time></trkpt><trkpt lat="51.08618667" lon="-115.36456667"><ele>1313.0</ele><time>2022-10-10T18:30:42.465Z</time></trkpt><trkpt lat="51.08617833" lon="-115.36457667"><ele>1313.0</ele><time>2022-10-10T18:30:43.464Z</time></trkpt><trkpt lat="51.08617333" lon="-115.36458667"><ele>1313.0</ele><time>2022-10-10T18:30:44.465Z</time></trkpt><trkpt lat="51.08617" lon="-115.36459333"><ele>1314.0</ele><time>2022-10-10T18:30:45.465Z</time></trkpt><trkpt lat="51.08617" lon="-115.36459833"><ele>1314.0</ele><time>2022-10-10T18:30:46.464Z</time></trkpt><trkpt lat="51.08617167" lon="-115.3646"><ele>1314.0</ele><time>2022-10-10T18:30:47.464Z</time></trkpt><trkpt lat="51.08617167" lon="-115.36459833"><ele>1315.0</ele><time>2022-10-10T18:30:48.465Z</time></trkpt><trkpt lat="51.08617167" lon="-115.36459833"><ele>1315.0</ele><time>2022-10-10T18:30:49.464Z</time></trkpt><trkpt lat="51.086175" lon="-115.36459667"><ele>1316.0</ele><time>2022-10-10T18:30:50.465Z</time></trkpt><trkpt lat="51.08617833" lon="-115.3646"><ele>1317.0</ele><time>2022-10-10T18:30:51.464Z</time></trkpt><trkpt lat="51.08617833" lon="-115.364605"><ele>1317.0</ele><time>2022-10-10T18:30:52.465Z</time></trkpt><trkpt lat="51.08618" lon="-115.36461167"><ele>1318.0</ele><time>2022-10-10T18:30:53.465Z</time></trkpt><trkpt lat="51.08618" lon="-115.36461667"><ele>1318.0</ele><time>2022-10-10T18:30:54.465Z</time></trkpt><trkpt lat="51.08618167" lon="-115.36461833"><ele>1318.0</ele><time>2022-10-10T18:30:55.465Z</time></trkpt><trkpt lat="51.08618667" lon="-115.36462167"><ele>1318.0</ele><time>2022-10-10T18:30:56.464Z</time></trkpt><trkpt lat="51.086195" lon="-115.36463167"><ele>1318.0</ele><time>2022-10-10T18:30:57.465Z</time></trkpt><trkpt lat="51.0862" lon="-115.36464167"><ele>1319.0</ele><time>2022-10-10T18:30:58.465Z</time></trkpt><trkpt lat="51.08620167" lon="-115.36464"><ele>1319.0</ele><time>2022-10-10T18:30:59.465Z</time></trkpt><trkpt lat="51.0862" lon="-115.36463667"><ele>1319.0</ele><time>2022-10-10T18:31:00.464Z</time></trkpt><trkpt lat="51.08620167" lon="-115.36463333"><ele>1319.0</ele><time>2022-10-10T18:31:01.465Z</time></trkpt><trkpt lat="51.08620333" lon="-115.36463333"><ele>1320.0</ele><time>2022-10-10T18:31:02.464Z</time></trkpt><trkpt lat="51.08620333" lon="-115.36463333"><ele>1320.0</ele><time>2022-10-10T18:31:03.465Z</time></trkpt><trkpt lat="51.086205" lon="-115.36463"><ele>1321.0</ele><time>2022-10-10T18:31:04.465Z</time></trkpt><trkpt lat="51.08620667" lon="-115.36462833"><ele>1322.0</ele><time>2022-10-10T18:31:05.465Z</time></trkpt><trkpt lat="51.08620833" lon="-115.36463167"><ele>1322.0</ele><time>2022-10-10T18:31:06.465Z</time></trkpt><trkpt lat="51.08621167" lon="-115.36463667"><ele>1323.0</ele><time>2022-10-10T18:31:07.465Z</time></trkpt><trkpt lat="51.08621333" lon="-115.364635"><ele>1324.0</ele><time>2022-10-10T18:31:08.465Z</time></trkpt><trkpt lat="51.08621333" lon="-115.36463667"><ele>1324.0</ele><time>2022-10-10T18:31:09.465Z</time></trkpt><trkpt lat="51.086215" lon="-115.36464"><ele>1324.0</ele><time>2022-10-10T18:31:10.464Z</time></trkpt><trkpt lat="51.08621333" lon="-115.36464"><ele>1323.0</ele><time>2022-10-10T18:31:11.465Z</time></trkpt><trkpt lat="51.08621" lon="-115.364645"><ele>1323.0</ele><time>2022-10-10T18:31:12.464Z</time></trkpt><trkpt lat="51.08621" lon="-115.36465"><ele>1324.0</ele><time>2022-10-10T18:31:13.465Z</time></trkpt><trkpt lat="51.08621167" lon="-115.36465"><ele>1324.0</ele><time>2022-10-10T18:31:14.465Z</time></trkpt><trkpt lat="51.08621" lon="-115.36465"><ele>1324.0</ele><time>2022-10-10T18:31:15.465Z</time></trkpt><trkpt lat="51.08620833" lon="-115.36465333"><ele>1324.0</ele><time>2022-10-10T18:31:16.465Z</time></trkpt><trkpt lat="51.08620667" lon="-115.36465667"><ele>1323.0</ele><time>2022-10-10T18:31:17.465Z</time></trkpt><trkpt lat="51.08620667" lon="-115.36465833"><ele>1323.0</ele><time>2022-10-10T18:31:18.465Z</time></trkpt><trkpt lat="51.08620333" lon="-115.36465833"><ele>1323.0</ele><time>2022-10-10T18:31:19.465Z</time></trkpt><trkpt lat="51.08620333" lon="-115.36466167"><ele>1323.0</ele><time>2022-10-10T18:31:20.464Z</time></trkpt><trkpt lat="51.08620333" lon="-115.364665"><ele>1323.0</ele><time>2022-10-10T18:31:21.465Z</time></trkpt><trkpt lat="51.086205" lon="-115.364665"><ele>1323.0</ele><time>2022-10-10T18:31:22.465Z</time></trkpt><trkpt lat="51.08620667" lon="-115.36466667"><ele>1324.0</ele><time>2022-10-10T18:31:23.465Z</time></trkpt><trkpt lat="51.08620667" lon="-115.36466833"><ele>1324.0</ele><time>2022-10-10T18:31:24.465Z</time></trkpt><trkpt lat="51.08620667" lon="-115.36467333"><ele>1324.0</ele><time>2022-10-10T18:31:25.464Z</time></trkpt><trkpt lat="51.08620833" lon="-115.36467667"><ele>1324.0</ele><time>2022-10-10T18:31:26.464Z</time></trkpt><trkpt lat="51.08620833" lon="-115.36468"><ele>1324.0</ele><time>2022-10-10T18:31:27.464Z</time></trkpt><trkpt lat="51.08620833" lon="-115.36468167"><ele>1323.0</ele><time>2022-10-10T18:31:28.465Z</time></trkpt><trkpt lat="51.08620667" lon="-115.36468167"><ele>1322.0</ele><time>2022-10-10T18:31:29.464Z</time></trkpt><trkpt lat="51.08620667" lon="-115.36468167"><ele>1321.0</ele><time>2022-10-10T18:31:30.464Z</time></trkpt><trkpt lat="51.086205" lon="-115.36468333"><ele>1320.0</ele><time>2022-10-10T18:31:31.465Z</time></trkpt><trkpt lat="51.08620167" lon="-115.364685"><ele>1320.0</ele><time>2022-10-10T18:31:32.465Z</time></trkpt><trkpt lat="51.08619667" lon="-115.36468167"><ele>1320.0</ele><time>2022-10-10T18:31:33.465Z</time></trkpt><trkpt lat="51.08619167" lon="-115.36467833"><ele>1320.0</ele><time>2022-10-10T18:31:34.464Z</time></trkpt><trkpt lat="51.086185" lon="-115.36467167"><ele>1320.0</ele><time>2022-10-10T18:31:35.464Z</time></trkpt><trkpt lat="51.08617667" lon="-115.36466667"><ele>1321.0</ele><time>2022-10-10T18:31:36.465Z</time></trkpt><trkpt lat="51.08617167" lon="-115.36466167"><ele>1321.0</ele><time>2022-10-10T18:31:37.464Z</time></trkpt><trkpt lat="51.08616167" lon="-115.36465833"><ele>1321.0</ele><time>2022-10-10T18:31:38.465Z</time></trkpt><trkpt lat="51.08613833" lon="-115.36464667"><ele>1321.0</ele><time>2022-10-10T18:31:39.465Z</time></trkpt><trkpt lat="51.08613333" lon="-115.364655"><ele>1321.0</ele><time>2022-10-10T18:31:40.464Z</time></trkpt><trkpt lat="51.08612833" lon="-115.36466"><ele>1321.0</ele><time>2022-10-10T18:31:41.465Z</time></trkpt><trkpt lat="51.086125" lon="-115.36467"><ele>1321.0</ele><time>2022-10-10T18:31:42.464Z</time></trkpt><trkpt lat="51.08612167" lon="-115.36468333"><ele>1321.0</ele><time>2022-10-10T18:31:43.465Z</time></trkpt><trkpt lat="51.08611833" lon="-115.36469167"><ele>1320.0</ele><time>2022-10-10T18:31:44.465Z</time></trkpt><trkpt lat="51.08611167" lon="-115.364695"><ele>1320.0</ele><time>2022-10-10T18:31:45.465Z</time></trkpt><trkpt lat="51.086105" lon="-115.3647"><ele>1319.0</ele><time>2022-10-10T18:31:46.465Z</time></trkpt><trkpt lat="51.08609167" lon="-115.36470667"><ele>1318.0</ele><time>2022-10-10T18:31:47.464Z</time></trkpt><trkpt lat="51.08609" lon="-115.36470833"><ele>1317.0</ele><time>2022-10-10T18:31:48.465Z</time></trkpt><trkpt lat="51.08609333" lon="-115.364715"><ele>1317.0</ele><time>2022-10-10T18:31:49.464Z</time></trkpt><trkpt lat="51.08609667" lon="-115.36472167"><ele>1316.0</ele><time>2022-10-10T18:31:50.465Z</time></trkpt><trkpt lat="51.08609667" lon="-115.36473167"><ele>1315.0</ele><time>2022-10-10T18:31:51.465Z</time></trkpt><trkpt lat="51.086095" lon="-115.36473833"><ele>1315.0</ele><time>2022-10-10T18:31:52.465Z</time></trkpt><trkpt lat="51.08608833" lon="-115.36474333"><ele>1315.0</ele><time>2022-10-10T18:31:53.465Z</time></trkpt><trkpt lat="51.08608667" lon="-115.36475"><ele>1315.0</ele><time>2022-10-10T18:31:54.464Z</time></trkpt><trkpt lat="51.08608667" lon="-115.36475"><ele>1315.0</ele><time>2022-10-10T18:31:55.464Z</time></trkpt><trkpt lat="51.086085" lon="-115.36475"><ele>1315.0</ele><time>2022-10-10T18:31:56.465Z</time></trkpt><trkpt lat="51.08609" lon="-115.36474"><ele>1315.0</ele><time>2022-10-10T18:31:57.465Z</time></trkpt><trkpt lat="51.08610333" lon="-115.36474667"><ele>1314.0</ele><time>2022-10-10T18:31:58.464Z</time></trkpt><trkpt lat="51.08610667" lon="-115.36475"><ele>1314.0</ele><time>2022-10-10T18:31:59.465Z</time></trkpt><trkpt lat="51.08611" lon="-115.36475833"><ele>1314.0</ele><time>2022-10-10T18:32:00.465Z</time></trkpt><trkpt lat="51.08611833" lon="-115.36475833"><ele>1314.0</ele><time>2022-10-10T18:32:01.465Z</time></trkpt><trkpt lat="51.08612333" lon="-115.36476"><ele>1314.0</ele><time>2022-10-10T18:32:02.464Z</time></trkpt><trkpt lat="51.08612333" lon="-115.36476667"><ele>1314.0</ele><time>2022-10-10T18:32:03.465Z</time></trkpt><trkpt lat="51.08612167" lon="-115.36477"><ele>1315.0</ele><time>2022-10-10T18:32:04.465Z</time></trkpt><trkpt lat="51.08612333" lon="-115.36477667"><ele>1316.0</ele><time>2022-10-10T18:32:05.465Z</time></trkpt><trkpt lat="51.08612667" lon="-115.36478"><ele>1317.0</ele><time>2022-10-10T18:32:06.465Z</time></trkpt><trkpt lat="51.08613167" lon="-115.36478"><ele>1318.0</ele><time>2022-10-10T18:32:07.465Z</time></trkpt><trkpt lat="51.08613" lon="-115.36478"><ele>1318.0</ele><time>2022-10-10T18:32:08.465Z</time></trkpt><trkpt lat="51.08613167" lon="-115.36478"><ele>1319.0</ele><time>2022-10-10T18:32:09.465Z</time></trkpt><trkpt lat="51.08613333" lon="-115.36477667"><ele>1319.0</ele><time>2022-10-10T18:32:10.465Z</time></trkpt><trkpt lat="51.08613667" lon="-115.36477667"><ele>1320.0</ele><time>2022-10-10T18:32:11.464Z</time></trkpt><trkpt lat="51.08613833" lon="-115.36477667"><ele>1320.0</ele><time>2022-10-10T18:32:12.465Z</time></trkpt><trkpt lat="51.08613833" lon="-115.36477333"><ele>1320.0</ele><time>2022-10-10T18:32:13.465Z</time></trkpt><trkpt lat="51.08613833" lon="-115.36477333"><ele>1320.0</ele><time>2022-10-10T18:32:14.465Z</time></trkpt><trkpt lat="51.08613667" lon="-115.36477"><ele>1320.0</ele><time>2022-10-10T18:32:15.465Z</time></trkpt><trkpt lat="51.08613333" lon="-115.36476833"><ele>1321.0</ele><time>2022-10-10T18:32:16.465Z</time></trkpt><trkpt lat="51.08613333" lon="-115.36476667"><ele>1321.0</ele><time>2022-10-10T18:32:17.464Z</time></trkpt><trkpt lat="51.08613167" lon="-115.36476333"><ele>1321.0</ele><time>2022-10-10T18:32:18.465Z</time></trkpt><trkpt lat="51.08613167" lon="-115.36476333"><ele>1321.0</ele><time>2022-10-10T18:32:19.465Z</time></trkpt><trkpt lat="51.08613667" lon="-115.36477167"><ele>1321.0</ele><time>2022-10-10T18:32:20.465Z</time></trkpt><trkpt lat="51.08613833" lon="-115.36477167"><ele>1321.0</ele><time>2022-10-10T18:32:21.465Z</time></trkpt><trkpt lat="51.08613667" lon="-115.364775"><ele>1321.0</ele><time>2022-10-10T18:32:22.465Z</time></trkpt><trkpt lat="51.08613833" lon="-115.36477833"><ele>1321.0</ele><time>2022-10-10T18:32:23.464Z</time></trkpt><trkpt lat="51.08613833" lon="-115.36477833"><ele>1321.0</ele><time>2022-10-10T18:32:24.465Z</time></trkpt><trkpt lat="51.08613667" lon="-115.364775"><ele>1321.0</ele><time>2022-10-10T18:32:25.465Z</time></trkpt><trkpt lat="51.08613667" lon="-115.36477667"><ele>1321.0</ele><time>2022-10-10T18:32:26.465Z</time></trkpt><trkpt lat="51.08613833" lon="-115.36477833"><ele>1322.0</ele><time>2022-10-10T18:32:27.465Z</time></trkpt><trkpt lat="51.086135" lon="-115.36478"><ele>1322.0</ele><time>2022-10-10T18:32:28.465Z</time></trkpt><trkpt lat="51.08613" lon="-115.36478333"><ele>1321.0</ele><time>2022-10-10T18:32:29.464Z</time></trkpt><trkpt lat="51.08613" lon="-115.36478333"><ele>1321.0</ele><time>2022-10-10T18:32:30.465Z</time></trkpt><trkpt lat="51.08613333" lon="-115.36477667"><ele>1320.0</ele><time>2022-10-10T18:32:31.464Z</time></trkpt><trkpt lat="51.08613333" lon="-115.36478"><ele>1320.0</ele><time>2022-10-10T18:32:32.464Z</time></trkpt><trkpt lat="51.08613333" lon="-115.36478"><ele>1320.0</ele><time>2022-10-10T18:32:33.465Z</time></trkpt><trkpt lat="51.086135" lon="-115.36478333"><ele>1319.0</ele><time>2022-10-10T18:32:34.465Z</time></trkpt><trkpt lat="51.086135" lon="-115.36478167"><ele>1319.0</ele><time>2022-10-10T18:32:35.464Z</time></trkpt><trkpt lat="51.08613667" lon="-115.36477833"><ele>1319.0</ele><time>2022-10-10T18:32:36.464Z</time></trkpt><trkpt lat="51.08613667" lon="-115.36477667"><ele>1319.0</ele><time>2022-10-10T18:32:37.465Z</time></trkpt><trkpt lat="51.086135" lon="-115.364775"><ele>1320.0</ele><time>2022-10-10T18:32:38.465Z</time></trkpt><trkpt lat="51.086135" lon="-115.36477"><ele>1320.0</ele><time>2022-10-10T18:32:39.465Z</time></trkpt><trkpt lat="51.08613167" lon="-115.36477"><ele>1320.0</ele><time>2022-10-10T18:32:40.465Z</time></trkpt><trkpt lat="51.08613333" lon="-115.36476833"><ele>1321.0</ele><time>2022-10-10T18:32:41.464Z</time></trkpt><trkpt lat="51.08613667" lon="-115.36476667"><ele>1322.0</ele><time>2022-10-10T18:32:42.464Z</time></trkpt><trkpt lat="51.08614167" lon="-115.364765"><ele>1323.0</ele><time>2022-10-10T18:32:43.465Z</time></trkpt><trkpt lat="51.08614667" lon="-115.36475167"><ele>1324.0</ele><time>2022-10-10T18:32:44.465Z</time></trkpt><trkpt lat="51.08614333" lon="-115.364755"><ele>1325.0</ele><time>2022-10-10T18:32:45.465Z</time></trkpt><trkpt lat="51.086135" lon="-115.364765"><ele>1325.0</ele><time>2022-10-10T18:32:46.465Z</time></trkpt><trkpt lat="51.08612833" lon="-115.36477333"><ele>1325.0</ele><time>2022-10-10T18:32:47.465Z</time></trkpt><trkpt lat="51.08612333" lon="-115.36478"><ele>1326.0</ele><time>2022-10-10T18:32:48.465Z</time></trkpt><trkpt lat="51.086125" lon="-115.36478333"><ele>1326.0</ele><time>2022-10-10T18:32:49.465Z</time></trkpt><trkpt lat="51.086125" lon="-115.364785"><ele>1326.0</ele><time>2022-10-10T18:32:50.464Z</time></trkpt><trkpt lat="51.08612667" lon="-115.36478667"><ele>1326.0</ele><time>2022-10-10T18:32:51.464Z</time></trkpt><trkpt lat="51.08612667" lon="-115.36479"><ele>1326.0</ele><time>2022-10-10T18:32:52.465Z</time></trkpt><trkpt lat="51.08613" lon="-115.36479"><ele>1326.0</ele><time>2022-10-10T18:32:53.465Z</time></trkpt><trkpt lat="51.08613167" lon="-115.36479"><ele>1325.0</ele><time>2022-10-10T18:32:54.465Z</time></trkpt><trkpt lat="51.08613333" lon="-115.36479"><ele>1325.0</ele><time>2022-10-10T18:32:55.464Z</time></trkpt><trkpt lat="51.08613333" lon="-115.36478833"><ele>1325.0</ele><time>2022-10-10T18:32:56.464Z</time></trkpt><trkpt lat="51.08613333" lon="-115.36478667"><ele>1324.0</ele><time>2022-10-10T18:32:57.465Z</time></trkpt><trkpt lat="51.08613333" lon="-115.36478833"><ele>1324.0</ele><time>2022-10-10T18:32:58.464Z</time></trkpt><trkpt lat="51.08613" lon="-115.36479"><ele>1324.0</ele><time>2022-10-10T18:32:59.464Z</time></trkpt><trkpt lat="51.08612333" lon="-115.36479"><ele>1323.0</ele><time>2022-10-10T18:33:00.464Z</time></trkpt><trkpt lat="51.08611167" lon="-115.36479"><ele>1323.0</ele><time>2022-10-10T18:33:01.464Z</time></trkpt><trkpt lat="51.08609667" lon="-115.36479167"><ele>1322.0</ele><time>2022-10-10T18:33:02.465Z</time></trkpt><trkpt lat="51.08609" lon="-115.36479667"><ele>1321.0</ele><time>2022-10-10T18:33:03.465Z</time></trkpt><trkpt lat="51.08609" lon="-115.36480167"><ele>1320.0</ele><time>2022-10-10T18:33:04.464Z</time></trkpt><trkpt lat="51.08608667" lon="-115.36480167"><ele>1319.0</ele><time>2022-10-10T18:33:05.464Z</time></trkpt><trkpt lat="51.086085" lon="-115.36479833"><ele>1318.0</ele><time>2022-10-10T18:33:06.465Z</time></trkpt><trkpt lat="51.08608167" lon="-115.36479667"><ele>1317.0</ele><time>2022-10-10T18:33:07.465Z</time></trkpt><trkpt lat="51.08607833" lon="-115.36479667"><ele>1316.0</ele><time>2022-10-10T18:33:08.465Z</time></trkpt><trkpt lat="51.08607667" lon="-115.36479833"><ele>1315.0</ele><time>2022-10-10T18:33:09.465Z</time></trkpt><trkpt lat="51.08607667" lon="-115.36480167"><ele>1313.0</ele><time>2022-10-10T18:33:10.465Z</time></trkpt><trkpt lat="51.08607333" lon="-115.36480333"><ele>1312.0</ele><time>2022-10-10T18:33:11.464Z</time></trkpt><trkpt lat="51.08607" lon="-115.36480333"><ele>1311.0</ele><time>2022-10-10T18:33:12.465Z</time></trkpt><trkpt lat="51.08606833" lon="-115.36479667"><ele>1310.0</ele><time>2022-10-10T18:33:13.464Z</time></trkpt><trkpt lat="51.08607" lon="-115.36479833"><ele>1310.0</ele><time>2022-10-10T18:33:14.464Z</time></trkpt><trkpt lat="51.08607333" lon="-115.36480333"><ele>1309.0</ele><time>2022-10-10T18:33:15.465Z</time></trkpt><trkpt lat="51.08607667" lon="-115.364805"><ele>1309.0</ele><time>2022-10-10T18:33:16.464Z</time></trkpt><trkpt lat="51.08607" lon="-115.364805"><ele>1308.0</ele><time>2022-10-10T18:33:17.465Z</time></trkpt><trkpt lat="51.086065" lon="-115.3648"><ele>1308.0</ele><time>2022-10-10T18:33:18.464Z</time></trkpt><trkpt lat="51.086065" lon="-115.36479667"><ele>1308.0</ele><time>2022-10-10T18:33:19.464Z</time></trkpt><trkpt lat="51.086065" lon="-115.364795"><ele>1309.0</ele><time>2022-10-10T18:33:20.465Z</time></trkpt><trkpt lat="51.08606" lon="-115.36479333"><ele>1309.0</ele><time>2022-10-10T18:33:21.465Z</time></trkpt><trkpt lat="51.08605833" lon="-115.3648"><ele>1309.0</ele><time>2022-10-10T18:33:22.464Z</time></trkpt><trkpt lat="51.08605667" lon="-115.36481833"><ele>1310.0</ele><time>2022-10-10T18:33:23.465Z</time></trkpt><trkpt lat="51.08606" lon="-115.36483"><ele>1311.0</ele><time>2022-10-10T18:33:24.465Z</time></trkpt><trkpt lat="51.08605667" lon="-115.36483"><ele>1311.0</ele><time>2022-10-10T18:33:25.465Z</time></trkpt><trkpt lat="51.08605833" lon="-115.36483167"><ele>1312.0</ele><time>2022-10-10T18:33:26.465Z</time></trkpt><trkpt lat="51.08606" lon="-115.36482833"><ele>1313.0</ele><time>2022-10-10T18:33:27.465Z</time></trkpt><trkpt lat="51.08606167" lon="-115.364825"><ele>1313.0</ele><time>2022-10-10T18:33:28.465Z</time></trkpt><trkpt lat="51.08606167" lon="-115.36482167"><ele>1314.0</ele><time>2022-10-10T18:33:29.464Z</time></trkpt><trkpt lat="51.08606333" lon="-115.36482"><ele>1315.0</ele><time>2022-10-10T18:33:30.464Z</time></trkpt><trkpt lat="51.08606333" lon="-115.36482"><ele>1315.0</ele><time>2022-10-10T18:33:31.465Z</time></trkpt><trkpt lat="51.08606167" lon="-115.36481833"><ele>1316.0</ele><time>2022-10-10T18:33:32.465Z</time></trkpt><trkpt lat="51.086065" lon="-115.364815"><ele>1317.0</ele><time>2022-10-10T18:33:33.465Z</time></trkpt><trkpt lat="51.08607333" lon="-115.364805"><ele>1318.0</ele><time>2022-10-10T18:33:34.465Z</time></trkpt><trkpt lat="51.08607667" lon="-115.3648"><ele>1319.0</ele><time>2022-10-10T18:33:35.465Z</time></trkpt><trkpt lat="51.08608167" lon="-115.364795"><ele>1320.0</ele><time>2022-10-10T18:33:36.465Z</time></trkpt><trkpt lat="51.08608333" lon="-115.36479167"><ele>1321.0</ele><time>2022-10-10T18:33:37.464Z</time></trkpt><trkpt lat="51.08608833" lon="-115.36478833"><ele>1322.0</ele><time>2022-10-10T18:33:38.465Z</time></trkpt><trkpt lat="51.086095" lon="-115.36478833"><ele>1323.0</ele><time>2022-10-10T18:33:39.465Z</time></trkpt><trkpt lat="51.0861" lon="-115.36479333"><ele>1324.0</ele><time>2022-10-10T18:33:40.465Z</time></trkpt><trkpt lat="51.08610167" lon="-115.3648"><ele>1325.0</ele><time>2022-10-10T18:33:41.465Z</time></trkpt><trkpt lat="51.08610333" lon="-115.36480167"><ele>1325.0</ele><time>2022-10-10T18:33:42.465Z</time></trkpt><trkpt lat="51.08610667" lon="-115.36479667"><ele>1325.0</ele><time>2022-10-10T18:33:43.465Z</time></trkpt><trkpt lat="51.08610667" lon="-115.36479167"><ele>1326.0</ele><time>2022-10-10T18:33:44.465Z</time></trkpt><trkpt lat="51.08610667" lon="-115.36478333"><ele>1326.0</ele><time>2022-10-10T18:33:45.465Z</time></trkpt><trkpt lat="51.08610667" lon="-115.36477667"><ele>1326.0</ele><time>2022-10-10T18:33:46.465Z</time></trkpt><trkpt lat="51.08611167" lon="-115.364765"><ele>1327.0</ele><time>2022-10-10T18:33:47.465Z</time></trkpt><trkpt lat="51.08612167" lon="-115.36475167"><ele>1327.0</ele><time>2022-10-10T18:33:48.465Z</time></trkpt><trkpt lat="51.08613" lon="-115.36474167"><ele>1327.0</ele><time>2022-10-10T18:33:49.465Z</time></trkpt><trkpt lat="51.08613667" lon="-115.36473333"><ele>1327.0</ele><time>2022-10-10T18:33:50.464Z</time></trkpt><trkpt lat="51.08614" lon="-115.364725"><ele>1327.0</ele><time>2022-10-10T18:33:51.464Z</time></trkpt><trkpt lat="51.08614333" lon="-115.36472"><ele>1327.0</ele><time>2022-10-10T18:33:52.464Z</time></trkpt><trkpt lat="51.08614667" lon="-115.36472"><ele>1327.0</ele><time>2022-10-10T18:33:53.464Z</time></trkpt><trkpt lat="51.08615333" lon="-115.36471833"><ele>1327.0</ele><time>2022-10-10T18:33:54.464Z</time></trkpt><trkpt lat="51.08616167" lon="-115.36471667"><ele>1328.0</ele><time>2022-10-10T18:33:55.464Z</time></trkpt><trkpt lat="51.08616833" lon="-115.36471667"><ele>1328.0</ele><time>2022-10-10T18:33:56.464Z</time></trkpt><trkpt lat="51.08617667" lon="-115.36472333"><ele>1328.0</ele><time>2022-10-10T18:33:57.465Z</time></trkpt><trkpt lat="51.086175" lon="-115.36472"><ele>1327.0</ele><time>2022-10-10T18:33:58.464Z</time></trkpt><trkpt lat="51.08617167" lon="-115.36472667"><ele>1327.0</ele><time>2022-10-10T18:33:59.464Z</time></trkpt><trkpt lat="51.08618333" lon="-115.36473167"><ele>1327.0</ele><time>2022-10-10T18:34:00.465Z</time></trkpt><trkpt lat="51.08618167" lon="-115.36473"><ele>1327.0</ele><time>2022-10-10T18:34:01.464Z</time></trkpt><trkpt lat="51.08619" lon="-115.36473667"><ele>1326.0</ele><time>2022-10-10T18:34:02.464Z</time></trkpt><trkpt lat="51.08619" lon="-115.36473667"><ele>1325.0</ele><time>2022-10-10T18:34:03.464Z</time></trkpt><trkpt lat="51.08619167" lon="-115.36473833"><ele>1325.0</ele><time>2022-10-10T18:34:04.465Z</time></trkpt><trkpt lat="51.08619333" lon="-115.36474"><ele>1324.0</ele><time>2022-10-10T18:34:05.464Z</time></trkpt><trkpt lat="51.08619333" lon="-115.36474"><ele>1323.0</ele><time>2022-10-10T18:34:06.465Z</time></trkpt><trkpt lat="51.086195" lon="-115.36473833"><ele>1323.0</ele><time>2022-10-10T18:34:07.464Z</time></trkpt><trkpt lat="51.08619667" lon="-115.36474"><ele>1322.0</ele><time>2022-10-10T18:34:08.465Z</time></trkpt><trkpt lat="51.08618667" lon="-115.36474"><ele>1321.0</ele><time>2022-10-10T18:34:09.465Z</time></trkpt><trkpt lat="51.08617667" lon="-115.36474833"><ele>1321.0</ele><time>2022-10-10T18:34:10.464Z</time></trkpt><trkpt lat="51.08617167" lon="-115.36475667"><ele>1320.0</ele><time>2022-10-10T18:34:11.464Z</time></trkpt><trkpt lat="51.08617" lon="-115.36476667"><ele>1319.0</ele><time>2022-10-10T18:34:12.464Z</time></trkpt><trkpt lat="51.08616833" lon="-115.36477667"><ele>1318.0</ele><time>2022-10-10T18:34:13.465Z</time></trkpt><trkpt lat="51.08617" lon="-115.364785"><ele>1317.0</ele><time>2022-10-10T18:34:14.464Z</time></trkpt><trkpt lat="51.08616667" lon="-115.36478833"><ele>1316.0</ele><time>2022-10-10T18:34:15.465Z</time></trkpt><trkpt lat="51.086165" lon="-115.36478833"><ele>1315.0</ele><time>2022-10-10T18:34:16.465Z</time></trkpt><trkpt lat="51.08616" lon="-115.36479"><ele>1314.0</ele><time>2022-10-10T18:34:17.464Z</time></trkpt><trkpt lat="51.08615667" lon="-115.36479"><ele>1313.0</ele><time>2022-10-10T18:34:18.465Z</time></trkpt><trkpt lat="51.08615167" lon="-115.36479333"><ele>1312.0</ele><time>2022-10-10T18:34:19.465Z</time></trkpt><trkpt lat="51.08615" lon="-115.36479833"><ele>1311.0</ele><time>2022-10-10T18:34:20.465Z</time></trkpt><trkpt lat="51.08614333" lon="-115.36480333"><ele>1310.0</ele><time>2022-10-10T18:34:21.465Z</time></trkpt><trkpt lat="51.08614167" lon="-115.36480667"><ele>1309.0</ele><time>2022-10-10T18:34:22.465Z</time></trkpt><trkpt lat="51.08614" lon="-115.36481167"><ele>1309.0</ele><time>2022-10-10T18:34:23.465Z</time></trkpt><trkpt lat="51.08613667" lon="-115.36481333"><ele>1308.0</ele><time>2022-10-10T18:34:24.465Z</time></trkpt><trkpt lat="51.08613333" lon="-115.36481667"><ele>1307.0</ele><time>2022-10-10T18:34:25.465Z</time></trkpt><trkpt lat="51.08613167" lon="-115.364815"><ele>1307.0</ele><time>2022-10-10T18:34:26.464Z</time></trkpt><trkpt lat="51.08613167" lon="-115.364815"><ele>1307.0</ele><time>2022-10-10T18:34:27.465Z</time></trkpt><trkpt lat="51.08613167" lon="-115.36481"><ele>1307.0</ele><time>2022-10-10T18:34:28.465Z</time></trkpt><trkpt lat="51.08612833" lon="-115.364805"><ele>1306.0</ele><time>2022-10-10T18:34:29.465Z</time></trkpt><trkpt lat="51.086125" lon="-115.3648"><ele>1306.0</ele><time>2022-10-10T18:34:30.465Z</time></trkpt><trkpt lat="51.08612167" lon="-115.364795"><ele>1306.0</ele><time>2022-10-10T18:34:31.464Z</time></trkpt><trkpt lat="51.08611833" lon="-115.36479"><ele>1306.0</ele><time>2022-10-10T18:34:32.464Z</time></trkpt><trkpt lat="51.08611" lon="-115.364785"><ele>1307.0</ele><time>2022-10-10T18:34:33.465Z</time></trkpt><trkpt lat="51.08610667" lon="-115.36478333"><ele>1307.0</ele><time>2022-10-10T18:34:34.465Z</time></trkpt><trkpt lat="51.08611" lon="-115.36478333"><ele>1307.0</ele><time>2022-10-10T18:34:35.465Z</time></trkpt><trkpt lat="51.08610333" lon="-115.36478833"><ele>1308.0</ele><time>2022-10-10T18:34:36.464Z</time></trkpt><trkpt lat="51.08610167" lon="-115.364795"><ele>1308.0</ele><time>2022-10-10T18:34:37.464Z</time></trkpt><trkpt lat="51.08609667" lon="-115.36480167"><ele>1308.0</ele><time>2022-10-10T18:34:38.465Z</time></trkpt><trkpt lat="51.08609" lon="-115.36480667"><ele>1307.0</ele><time>2022-10-10T18:34:39.465Z</time></trkpt><trkpt lat="51.08608667" lon="-115.364805"><ele>1307.0</ele><time>2022-10-10T18:34:40.464Z</time></trkpt><trkpt lat="51.08607667" lon="-115.36480167"><ele>1308.0</ele><time>2022-10-10T18:34:41.465Z</time></trkpt><trkpt lat="51.086075" lon="-115.364805"><ele>1308.0</ele><time>2022-10-10T18:34:42.464Z</time></trkpt><trkpt lat="51.08608167" lon="-115.36480833"><ele>1308.0</ele><time>2022-10-10T18:34:43.465Z</time></trkpt><trkpt lat="51.08607833" lon="-115.364805"><ele>1308.0</ele><time>2022-10-10T18:34:44.464Z</time></trkpt><trkpt lat="51.08607667" lon="-115.36480333"><ele>1308.0</ele><time>2022-10-10T18:34:45.464Z</time></trkpt><trkpt lat="51.08607333" lon="-115.36480833"><ele>1307.0</ele><time>2022-10-10T18:34:46.464Z</time></trkpt><trkpt lat="51.08606833" lon="-115.36481"><ele>1305.0</ele><time>2022-10-10T18:34:47.464Z</time></trkpt><trkpt lat="51.08606333" lon="-115.36481167"><ele>1304.0</ele><time>2022-10-10T18:34:48.465Z</time></trkpt><trkpt lat="51.08605833" lon="-115.36481333"><ele>1302.0</ele><time>2022-10-10T18:34:49.464Z</time></trkpt><trkpt lat="51.08606" lon="-115.36481667"><ele>1301.0</ele><time>2022-10-10T18:34:50.464Z</time></trkpt><trkpt lat="51.08606" lon="-115.36481667"><ele>1300.0</ele><time>2022-10-10T18:34:51.464Z</time></trkpt><trkpt lat="51.08606333" lon="-115.36482833"><ele>1299.0</ele><time>2022-10-10T18:34:52.465Z</time></trkpt><trkpt lat="51.08606" lon="-115.36483667"><ele>1298.0</ele><time>2022-10-10T18:34:53.464Z</time></trkpt><trkpt lat="51.08605" lon="-115.36484333"><ele>1298.0</ele><time>2022-10-10T18:34:54.464Z</time></trkpt><trkpt lat="51.08604667" lon="-115.36485667"><ele>1298.0</ele><time>2022-10-10T18:34:55.464Z</time></trkpt><trkpt lat="51.08604667" lon="-115.36486667"><ele>1298.0</ele><time>2022-10-10T18:34:56.464Z</time></trkpt><trkpt lat="51.08605167" lon="-115.36488333"><ele>1299.0</ele><time>2022-10-10T18:34:57.464Z</time></trkpt><trkpt lat="51.08605" lon="-115.36489167"><ele>1301.0</ele><time>2022-10-10T18:34:58.464Z</time></trkpt><trkpt lat="51.08604833" lon="-115.36490333"><ele>1302.0</ele><time>2022-10-10T18:34:59.464Z</time></trkpt><trkpt lat="51.08604667" lon="-115.36491667"><ele>1304.0</ele><time>2022-10-10T18:35:00.464Z</time></trkpt><trkpt lat="51.086045" lon="-115.36493333"><ele>1306.0</ele><time>2022-10-10T18:35:01.464Z</time></trkpt><trkpt lat="51.086045" lon="-115.36494667"><ele>1307.0</ele><time>2022-10-10T18:35:02.464Z</time></trkpt><trkpt lat="51.08604333" lon="-115.36496"><ele>1308.0</ele><time>2022-10-10T18:35:03.464Z</time></trkpt><trkpt lat="51.08603833" lon="-115.36497333"><ele>1309.0</ele><time>2022-10-10T18:35:04.464Z</time></trkpt><trkpt lat="51.086035" lon="-115.36498833"><ele>1310.0</ele><time>2022-10-10T18:35:05.464Z</time></trkpt><trkpt lat="51.08603" lon="-115.36500167"><ele>1310.0</ele><time>2022-10-10T18:35:06.464Z</time></trkpt><trkpt lat="51.08602167" lon="-115.365015"><ele>1311.0</ele><time>2022-10-10T18:35:07.464Z</time></trkpt><trkpt lat="51.08601667" lon="-115.36502667"><ele>1311.0</ele><time>2022-10-10T18:35:08.464Z</time></trkpt><trkpt lat="51.08601333" lon="-115.36504"><ele>1312.0</ele><time>2022-10-10T18:35:09.464Z</time></trkpt><trkpt lat="51.08601167" lon="-115.36505167"><ele>1313.0</ele><time>2022-10-10T18:35:10.464Z</time></trkpt><trkpt lat="51.08601" lon="-115.365065"><ele>1313.0</ele><time>2022-10-10T18:35:11.465Z</time></trkpt><trkpt lat="51.08600667" lon="-115.36507833"><ele>1314.0</ele><time>2022-10-10T18:35:12.464Z</time></trkpt><trkpt lat="51.086005" lon="-115.36509167"><ele>1315.0</ele><time>2022-10-10T18:35:13.464Z</time></trkpt><trkpt lat="51.08600333" lon="-115.365105"><ele>1316.0</ele><time>2022-10-10T18:35:14.464Z</time></trkpt><trkpt lat="51.086" lon="-115.36512"><ele>1316.0</ele><time>2022-10-10T18:35:15.464Z</time></trkpt><trkpt lat="51.08599667" lon="-115.36513333"><ele>1317.0</ele><time>2022-10-10T18:35:16.465Z</time></trkpt><trkpt lat="51.08599333" lon="-115.36514667"><ele>1317.0</ele><time>2022-10-10T18:35:17.464Z</time></trkpt><trkpt lat="51.08599167" lon="-115.36516167"><ele>1318.0</ele><time>2022-10-10T18:35:18.464Z</time></trkpt><trkpt lat="51.08599" lon="-115.365175"><ele>1318.0</ele><time>2022-10-10T18:35:19.464Z</time></trkpt><trkpt lat="51.08599" lon="-115.36519167"><ele>1319.0</ele><time>2022-10-10T18:35:20.464Z</time></trkpt><trkpt lat="51.08598833" lon="-115.36520667"><ele>1319.0</ele><time>2022-10-10T18:35:21.465Z</time></trkpt><trkpt lat="51.08598667" lon="-115.36522167"><ele>1318.0</ele><time>2022-10-10T18:35:22.464Z</time></trkpt><trkpt lat="51.085985" lon="-115.36523833"><ele>1318.0</ele><time>2022-10-10T18:35:23.464Z</time></trkpt><trkpt lat="51.08598333" lon="-115.36525667"><ele>1318.0</ele><time>2022-10-10T18:35:24.465Z</time></trkpt><trkpt lat="51.08598" lon="-115.36527"><ele>1318.0</ele><time>2022-10-10T18:35:25.465Z</time></trkpt><trkpt lat="51.08597667" lon="-115.36528667"><ele>1318.0</ele><time>2022-10-10T18:35:26.464Z</time></trkpt><trkpt lat="51.08597333" lon="-115.36530167"><ele>1318.0</ele><time>2022-10-10T18:35:27.465Z</time></trkpt><trkpt lat="51.08597" lon="-115.36531667"><ele>1318.0</ele><time>2022-10-10T18:35:28.465Z</time></trkpt><trkpt lat="51.085965" lon="-115.36532833"><ele>1318.0</ele><time>2022-10-10T18:35:29.465Z</time></trkpt><trkpt lat="51.08596167" lon="-115.36534167"><ele>1318.0</ele><time>2022-10-10T18:35:30.464Z</time></trkpt><trkpt lat="51.08595667" lon="-115.36535333"><ele>1318.0</ele><time>2022-10-10T18:35:31.465Z</time></trkpt><trkpt lat="51.08595333" lon="-115.36536667"><ele>1318.0</ele><time>2022-10-10T18:35:32.465Z</time></trkpt><trkpt lat="51.08595" lon="-115.36537833"><ele>1318.0</ele><time>2022-10-10T18:35:33.465Z</time></trkpt><trkpt lat="51.085945" lon="-115.36539167"><ele>1318.0</ele><time>2022-10-10T18:35:34.464Z</time></trkpt><trkpt lat="51.08594333" lon="-115.36540833"><ele>1318.0</ele><time>2022-10-10T18:35:35.465Z</time></trkpt><trkpt lat="51.08594" lon="-115.36542667"><ele>1318.0</ele><time>2022-10-10T18:35:36.465Z</time></trkpt><trkpt lat="51.08593667" lon="-115.36544333"><ele>1318.0</ele><time>2022-10-10T18:35:37.465Z</time></trkpt><trkpt lat="51.08593333" lon="-115.36546"><ele>1319.0</ele><time>2022-10-10T18:35:38.464Z</time></trkpt><trkpt lat="51.08592667" lon="-115.365475"><ele>1319.0</ele><time>2022-10-10T18:35:39.465Z</time></trkpt><trkpt lat="51.08592167" lon="-115.36549"><ele>1319.0</ele><time>2022-10-10T18:35:40.465Z</time></trkpt><trkpt lat="51.08591667" lon="-115.36550667"><ele>1320.0</ele><time>2022-10-10T18:35:41.464Z</time></trkpt><trkpt lat="51.08591333" lon="-115.36552"><ele>1320.0</ele><time>2022-10-10T18:35:42.465Z</time></trkpt><trkpt lat="51.08591167" lon="-115.36553167"><ele>1320.0</ele><time>2022-10-10T18:35:43.465Z</time></trkpt><trkpt lat="51.08590833" lon="-115.36554333"><ele>1319.0</ele><time>2022-10-10T18:35:44.464Z</time></trkpt><trkpt lat="51.08590667" lon="-115.365555"><ele>1319.0</ele><time>2022-10-10T18:35:45.465Z</time></trkpt><trkpt lat="51.08590333" lon="-115.36557"><ele>1319.0</ele><time>2022-10-10T18:35:46.465Z</time></trkpt><trkpt lat="51.08590167" lon="-115.36558667"><ele>1319.0</ele><time>2022-10-10T18:35:47.465Z</time></trkpt><trkpt lat="51.08589667" lon="-115.3656"><ele>1319.0</ele><time>2022-10-10T18:35:48.464Z</time></trkpt><trkpt lat="51.08589167" lon="-115.36561667"><ele>1319.0</ele><time>2022-10-10T18:35:49.465Z</time></trkpt><trkpt lat="51.085885" lon="-115.36563167"><ele>1318.0</ele><time>2022-10-10T18:35:50.465Z</time></trkpt><trkpt lat="51.08588" lon="-115.36564667"><ele>1318.0</ele><time>2022-10-10T18:35:51.465Z</time></trkpt><trkpt lat="51.08587333" lon="-115.36566167"><ele>1318.0</ele><time>2022-10-10T18:35:52.465Z</time></trkpt><trkpt lat="51.08586333" lon="-115.36567833"><ele>1318.0</ele><time>2022-10-10T18:35:53.465Z</time></trkpt><trkpt lat="51.08585667" lon="-115.365695"><ele>1318.0</ele><time>2022-10-10T18:35:54.464Z</time></trkpt><trkpt lat="51.08585" lon="-115.36571333"><ele>1319.0</ele><time>2022-10-10T18:35:55.465Z</time></trkpt><trkpt lat="51.08584333" lon="-115.36573"><ele>1319.0</ele><time>2022-10-10T18:35:56.465Z</time></trkpt><trkpt lat="51.08583667" lon="-115.36574667"><ele>1319.0</ele><time>2022-10-10T18:35:57.464Z</time></trkpt><trkpt lat="51.08582833" lon="-115.36576333"><ele>1319.0</ele><time>2022-10-10T18:35:58.465Z</time></trkpt><trkpt lat="51.08582167" lon="-115.36578333"><ele>1319.0</ele><time>2022-10-10T18:35:59.465Z</time></trkpt><trkpt lat="51.08581667" lon="-115.36579833"><ele>1319.0</ele><time>2022-10-10T18:36:00.465Z</time></trkpt><trkpt lat="51.08581" lon="-115.36581167"><ele>1319.0</ele><time>2022-10-10T18:36:01.464Z</time></trkpt><trkpt lat="51.08580667" lon="-115.36582667"><ele>1318.0</ele><time>2022-10-10T18:36:02.464Z</time></trkpt><trkpt lat="51.0858" lon="-115.36584"><ele>1318.0</ele><time>2022-10-10T18:36:03.465Z</time></trkpt><trkpt lat="51.08579667" lon="-115.365855"><ele>1318.0</ele><time>2022-10-10T18:36:04.465Z</time></trkpt><trkpt lat="51.08579167" lon="-115.36587"><ele>1318.0</ele><time>2022-10-10T18:36:05.465Z</time></trkpt><trkpt lat="51.08578833" lon="-115.36588167"><ele>1318.0</ele><time>2022-10-10T18:36:06.465Z</time></trkpt><trkpt lat="51.08578667" lon="-115.36589667"><ele>1318.0</ele><time>2022-10-10T18:36:07.465Z</time></trkpt><trkpt lat="51.085785" lon="-115.36590833"><ele>1318.0</ele><time>2022-10-10T18:36:08.464Z</time></trkpt><trkpt lat="51.08578167" lon="-115.36591833"><ele>1318.0</ele><time>2022-10-10T18:36:09.465Z</time></trkpt><trkpt lat="51.08577833" lon="-115.36592833"><ele>1318.0</ele><time>2022-10-10T18:36:10.465Z</time></trkpt><trkpt lat="51.08577333" lon="-115.36593667"><ele>1319.0</ele><time>2022-10-10T18:36:11.464Z</time></trkpt><trkpt lat="51.08576667" lon="-115.36594"><ele>1319.0</ele><time>2022-10-10T18:36:12.465Z</time></trkpt><trkpt lat="51.08576167" lon="-115.36594167"><ele>1319.0</ele><time>2022-10-10T18:36:13.465Z</time></trkpt><trkpt lat="51.08575" lon="-115.36594167"><ele>1319.0</ele><time>2022-10-10T18:36:14.465Z</time></trkpt><trkpt lat="51.08574167" lon="-115.36594167"><ele>1319.0</ele><time>2022-10-10T18:36:15.465Z</time></trkpt><trkpt lat="51.08573" lon="-115.36594"><ele>1319.0</ele><time>2022-10-10T18:36:16.465Z</time></trkpt><trkpt lat="51.08572167" lon="-115.36593833"><ele>1319.0</ele><time>2022-10-10T18:36:17.465Z</time></trkpt><trkpt lat="51.08571167" lon="-115.36593333"><ele>1320.0</ele><time>2022-10-10T18:36:18.464Z</time></trkpt><trkpt lat="51.08570167" lon="-115.36592667"><ele>1320.0</ele><time>2022-10-10T18:36:19.464Z</time></trkpt><trkpt lat="51.085695" lon="-115.36591833"><ele>1320.0</ele><time>2022-10-10T18:36:20.465Z</time></trkpt><trkpt lat="51.08568833" lon="-115.36591333"><ele>1320.0</ele><time>2022-10-10T18:36:21.464Z</time></trkpt><trkpt lat="51.08568333" lon="-115.36590833"><ele>1320.0</ele><time>2022-10-10T18:36:22.465Z</time></trkpt><trkpt lat="51.08567667" lon="-115.3659"><ele>1320.0</ele><time>2022-10-10T18:36:23.465Z</time></trkpt><trkpt lat="51.085675" lon="-115.36589"><ele>1320.0</ele><time>2022-10-10T18:36:24.465Z</time></trkpt><trkpt lat="51.085675" lon="-115.365885"><ele>1319.0</ele><time>2022-10-10T18:36:25.465Z</time></trkpt><trkpt lat="51.085675" lon="-115.36588333"><ele>1318.0</ele><time>2022-10-10T18:36:26.465Z</time></trkpt><trkpt lat="51.08568333" lon="-115.36587167"><ele>1318.0</ele><time>2022-10-10T18:36:27.465Z</time></trkpt><trkpt lat="51.08568333" lon="-115.365875"><ele>1318.0</ele><time>2022-10-10T18:36:28.465Z</time></trkpt><trkpt lat="51.08568167" lon="-115.36587667"><ele>1317.0</ele><time>2022-10-10T18:36:29.465Z</time></trkpt><trkpt lat="51.085675" lon="-115.36587333"><ele>1317.0</ele><time>2022-10-10T18:36:30.465Z</time></trkpt><trkpt lat="51.08568167" lon="-115.36587333"><ele>1316.0</ele><time>2022-10-10T18:36:31.464Z</time></trkpt><trkpt lat="51.08568833" lon="-115.365875"><ele>1316.0</ele><time>2022-10-10T18:36:32.464Z</time></trkpt><trkpt lat="51.08569" lon="-115.365875"><ele>1316.0</ele><time>2022-10-10T18:36:33.465Z</time></trkpt><trkpt lat="51.08569" lon="-115.36587167"><ele>1316.0</ele><time>2022-10-10T18:36:34.465Z</time></trkpt><trkpt lat="51.08569167" lon="-115.36587167"><ele>1316.0</ele><time>2022-10-10T18:36:35.465Z</time></trkpt><trkpt lat="51.08569333" lon="-115.365875"><ele>1316.0</ele><time>2022-10-10T18:36:36.465Z</time></trkpt><trkpt lat="51.085695" lon="-115.36587"><ele>1316.0</ele><time>2022-10-10T18:36:37.465Z</time></trkpt><trkpt lat="51.08569667" lon="-115.36586667"><ele>1316.0</ele><time>2022-10-10T18:36:38.465Z</time></trkpt><trkpt lat="51.08569833" lon="-115.36586667"><ele>1316.0</ele><time>2022-10-10T18:36:39.464Z</time></trkpt><trkpt lat="51.08569833" lon="-115.365865"><ele>1315.0</ele><time>2022-10-10T18:36:40.465Z</time></trkpt><trkpt lat="51.0857" lon="-115.36586333"><ele>1315.0</ele><time>2022-10-10T18:36:41.465Z</time></trkpt><trkpt lat="51.08570333" lon="-115.36586167"><ele>1315.0</ele><time>2022-10-10T18:36:42.465Z</time></trkpt><trkpt lat="51.085705" lon="-115.36586167"><ele>1315.0</ele><time>2022-10-10T18:36:43.464Z</time></trkpt><trkpt lat="51.08570833" lon="-115.36586333"><ele>1316.0</ele><time>2022-10-10T18:36:44.465Z</time></trkpt><trkpt lat="51.08571" lon="-115.365865"><ele>1316.0</ele><time>2022-10-10T18:36:45.465Z</time></trkpt><trkpt lat="51.08571167" lon="-115.36586667"><ele>1316.0</ele><time>2022-10-10T18:36:46.464Z</time></trkpt><trkpt lat="51.08571" lon="-115.36586667"><ele>1317.0</ele><time>2022-10-10T18:36:47.465Z</time></trkpt><trkpt lat="51.08571167" lon="-115.36586667"><ele>1317.0</ele><time>2022-10-10T18:36:48.465Z</time></trkpt><trkpt lat="51.08571333" lon="-115.36586333"><ele>1317.0</ele><time>2022-10-10T18:36:49.464Z</time></trkpt><trkpt lat="51.08571333" lon="-115.36586167"><ele>1318.0</ele><time>2022-10-10T18:36:50.465Z</time></trkpt><trkpt lat="51.085715" lon="-115.36586"><ele>1318.0</ele><time>2022-10-10T18:36:51.465Z</time></trkpt><trkpt lat="51.08571667" lon="-115.36586"><ele>1318.0</ele><time>2022-10-10T18:36:52.464Z</time></trkpt><trkpt lat="51.085715" lon="-115.36585667"><ele>1318.0</ele><time>2022-10-10T18:36:53.465Z</time></trkpt><trkpt lat="51.08571" lon="-115.36585833"><ele>1318.0</ele><time>2022-10-10T18:36:54.465Z</time></trkpt><trkpt lat="51.08570833" lon="-115.36586333"><ele>1318.0</ele><time>2022-10-10T18:36:55.465Z</time></trkpt><trkpt lat="51.08570667" lon="-115.36586667"><ele>1318.0</ele><time>2022-10-10T18:36:56.465Z</time></trkpt><trkpt lat="51.08570667" lon="-115.36587"><ele>1319.0</ele><time>2022-10-10T18:36:57.465Z</time></trkpt><trkpt lat="51.08571" lon="-115.36586833"><ele>1318.0</ele><time>2022-10-10T18:36:58.465Z</time></trkpt><trkpt lat="51.08571167" lon="-115.36586833"><ele>1318.0</ele><time>2022-10-10T18:36:59.465Z</time></trkpt><trkpt lat="51.08571333" lon="-115.36586833"><ele>1317.0</ele><time>2022-10-10T18:37:00.465Z</time></trkpt><trkpt lat="51.085715" lon="-115.36586833"><ele>1317.0</ele><time>2022-10-10T18:37:01.465Z</time></trkpt><trkpt lat="51.085715" lon="-115.36586667"><ele>1317.0</ele><time>2022-10-10T18:37:02.464Z</time></trkpt><trkpt lat="51.085715" lon="-115.36586833"><ele>1317.0</ele><time>2022-10-10T18:37:03.465Z</time></trkpt><trkpt lat="51.085715" lon="-115.365865"><ele>1317.0</ele><time>2022-10-10T18:37:04.465Z</time></trkpt><trkpt lat="51.085715" lon="-115.36586333"><ele>1316.0</ele><time>2022-10-10T18:37:05.464Z</time></trkpt><trkpt lat="51.08571667" lon="-115.36586667"><ele>1316.0</ele><time>2022-10-10T18:37:06.465Z</time></trkpt><trkpt lat="51.08571667" lon="-115.36586667"><ele>1315.0</ele><time>2022-10-10T18:37:07.465Z</time></trkpt><trkpt lat="51.08571833" lon="-115.36586833"><ele>1314.0</ele><time>2022-10-10T18:37:08.465Z</time></trkpt><trkpt lat="51.08571833" lon="-115.36587333"><ele>1314.0</ele><time>2022-10-10T18:37:09.465Z</time></trkpt><trkpt lat="51.08571833" lon="-115.36587667"><ele>1313.0</ele><time>2022-10-10T18:37:10.465Z</time></trkpt><trkpt lat="51.08572" lon="-115.36588167"><ele>1313.0</ele><time>2022-10-10T18:37:11.465Z</time></trkpt><trkpt lat="51.08572" lon="-115.36588333"><ele>1313.0</ele><time>2022-10-10T18:37:12.464Z</time></trkpt><trkpt lat="51.08572" lon="-115.365885"><ele>1314.0</ele><time>2022-10-10T18:37:13.464Z</time></trkpt><trkpt lat="51.08572" lon="-115.36588667"><ele>1314.0</ele><time>2022-10-10T18:37:14.465Z</time></trkpt><trkpt lat="51.08571667" lon="-115.36589167"><ele>1314.0</ele><time>2022-10-10T18:37:15.464Z</time></trkpt><trkpt lat="51.085715" lon="-115.365895"><ele>1314.0</ele><time>2022-10-10T18:37:16.465Z</time></trkpt><trkpt lat="51.08571667" lon="-115.365895"><ele>1314.0</ele><time>2022-10-10T18:37:17.465Z</time></trkpt><trkpt lat="51.08571833" lon="-115.365895"><ele>1315.0</ele><time>2022-10-10T18:37:18.464Z</time></trkpt><trkpt lat="51.08572" lon="-115.36589833"><ele>1315.0</ele><time>2022-10-10T18:37:19.465Z</time></trkpt><trkpt lat="51.08572167" lon="-115.36590333"><ele>1315.0</ele><time>2022-10-10T18:37:20.465Z</time></trkpt><trkpt lat="51.08572167" lon="-115.36590833"><ele>1315.0</ele><time>2022-10-10T18:37:21.464Z</time></trkpt><trkpt lat="51.08572167" lon="-115.36590667"><ele>1316.0</ele><time>2022-10-10T18:37:22.465Z</time></trkpt><trkpt lat="51.08572167" lon="-115.36590667"><ele>1316.0</ele><time>2022-10-10T18:37:23.465Z</time></trkpt><trkpt lat="51.08572167" lon="-115.3659"><ele>1316.0</ele><time>2022-10-10T18:37:24.465Z</time></trkpt><trkpt lat="51.08572667" lon="-115.365895"><ele>1317.0</ele><time>2022-10-10T18:37:25.465Z</time></trkpt><trkpt lat="51.08573" lon="-115.36587833"><ele>1317.0</ele><time>2022-10-10T18:37:26.465Z</time></trkpt><trkpt lat="51.08573" lon="-115.36587"><ele>1317.0</ele><time>2022-10-10T18:37:27.464Z</time></trkpt><trkpt lat="51.08573333" lon="-115.36586667"><ele>1317.0</ele><time>2022-10-10T18:37:28.464Z</time></trkpt><trkpt lat="51.08573333" lon="-115.36587"><ele>1317.0</ele><time>2022-10-10T18:37:29.465Z</time></trkpt><trkpt lat="51.08573333" lon="-115.36587333"><ele>1317.0</ele><time>2022-10-10T18:37:30.465Z</time></trkpt><trkpt lat="51.08573167" lon="-115.36587"><ele>1317.0</ele><time>2022-10-10T18:37:31.465Z</time></trkpt><trkpt lat="51.08573333" lon="-115.36586"><ele>1316.0</ele><time>2022-10-10T18:37:32.465Z</time></trkpt><trkpt lat="51.085735" lon="-115.36585333"><ele>1316.0</ele><time>2022-10-10T18:37:33.465Z</time></trkpt><trkpt lat="51.08573667" lon="-115.365855"><ele>1315.0</ele><time>2022-10-10T18:37:34.464Z</time></trkpt><trkpt lat="51.08573667" lon="-115.36586"><ele>1315.0</ele><time>2022-10-10T18:37:35.465Z</time></trkpt><trkpt lat="51.08573667" lon="-115.36586"><ele>1314.0</ele><time>2022-10-10T18:37:36.465Z</time></trkpt><trkpt lat="51.085735" lon="-115.36586167"><ele>1314.0</ele><time>2022-10-10T18:37:37.465Z</time></trkpt><trkpt lat="51.085735" lon="-115.36586667"><ele>1314.0</ele><time>2022-10-10T18:37:38.465Z</time></trkpt><trkpt lat="51.08573" lon="-115.36587"><ele>1314.0</ele><time>2022-10-10T18:37:39.465Z</time></trkpt><trkpt lat="51.08572833" lon="-115.36586833"><ele>1313.0</ele><time>2022-10-10T18:37:40.464Z</time></trkpt><trkpt lat="51.08572833" lon="-115.36586667"><ele>1313.0</ele><time>2022-10-10T18:37:41.465Z</time></trkpt><trkpt lat="51.08572667" lon="-115.36586833"><ele>1312.0</ele><time>2022-10-10T18:37:42.465Z</time></trkpt><trkpt lat="51.08572667" lon="-115.36587167"><ele>1311.0</ele><time>2022-10-10T18:37:43.464Z</time></trkpt><trkpt lat="51.085725" lon="-115.365875"><ele>1310.0</ele><time>2022-10-10T18:37:44.465Z</time></trkpt><trkpt lat="51.08572667" lon="-115.365875"><ele>1310.0</ele><time>2022-10-10T18:37:45.464Z</time></trkpt><trkpt lat="51.08572333" lon="-115.36587833"><ele>1310.0</ele><time>2022-10-10T18:37:46.465Z</time></trkpt><trkpt lat="51.08572167" lon="-115.36588167"><ele>1310.0</ele><time>2022-10-10T18:37:47.465Z</time></trkpt><trkpt lat="51.08572167" lon="-115.36588333"><ele>1310.0</ele><time>2022-10-10T18:37:48.464Z</time></trkpt><trkpt lat="51.08572167" lon="-115.36588333"><ele>1310.0</ele><time>2022-10-10T18:37:49.465Z</time></trkpt><trkpt lat="51.08572333" lon="-115.365885"><ele>1311.0</ele><time>2022-10-10T18:37:50.465Z</time></trkpt><trkpt lat="51.08572" lon="-115.36588833"><ele>1311.0</ele><time>2022-10-10T18:37:51.464Z</time></trkpt><trkpt lat="51.08571167" lon="-115.365885"><ele>1312.0</ele><time>2022-10-10T18:37:52.465Z</time></trkpt><trkpt lat="51.085705" lon="-115.36588167"><ele>1312.0</ele><time>2022-10-10T18:37:53.465Z</time></trkpt><trkpt lat="51.08569667" lon="-115.36587667"><ele>1312.0</ele><time>2022-10-10T18:37:54.464Z</time></trkpt><trkpt lat="51.08569167" lon="-115.36587333"><ele>1312.0</ele><time>2022-10-10T18:37:55.465Z</time></trkpt><trkpt lat="51.085685" lon="-115.36586"><ele>1313.0</ele><time>2022-10-10T18:37:56.465Z</time></trkpt><trkpt lat="51.08567833" lon="-115.365855"><ele>1313.0</ele><time>2022-10-10T18:37:57.464Z</time></trkpt><trkpt lat="51.08567167" lon="-115.36585333"><ele>1314.0</ele><time>2022-10-10T18:37:58.465Z</time></trkpt><trkpt lat="51.085665" lon="-115.36585"><ele>1315.0</ele><time>2022-10-10T18:37:59.465Z</time></trkpt><trkpt lat="51.08566" lon="-115.365845"><ele>1316.0</ele><time>2022-10-10T18:38:00.465Z</time></trkpt><trkpt lat="51.08565333" lon="-115.36583833"><ele>1316.0</ele><time>2022-10-10T18:38:01.465Z</time></trkpt><trkpt lat="51.08564333" lon="-115.36583"><ele>1317.0</ele><time>2022-10-10T18:38:02.465Z</time></trkpt><trkpt lat="51.085635" lon="-115.36582"><ele>1317.0</ele><time>2022-10-10T18:38:03.465Z</time></trkpt><trkpt lat="51.08562833" lon="-115.36581333"><ele>1317.0</ele><time>2022-10-10T18:38:04.464Z</time></trkpt><trkpt lat="51.085625" lon="-115.36580333"><ele>1318.0</ele><time>2022-10-10T18:38:05.465Z</time></trkpt><trkpt lat="51.08561833" lon="-115.36579167"><ele>1318.0</ele><time>2022-10-10T18:38:06.465Z</time></trkpt><trkpt lat="51.08560333" lon="-115.36578167"><ele>1318.0</ele><time>2022-10-10T18:38:07.464Z</time></trkpt><trkpt lat="51.08558667" lon="-115.365775"><ele>1318.0</ele><time>2022-10-10T18:38:08.465Z</time></trkpt><trkpt lat="51.08557667" lon="-115.36577167"><ele>1319.0</ele><time>2022-10-10T18:38:09.465Z</time></trkpt><trkpt lat="51.08557" lon="-115.365765"><ele>1319.0</ele><time>2022-10-10T18:38:10.465Z</time></trkpt><trkpt lat="51.085565" lon="-115.36575833"><ele>1320.0</ele><time>2022-10-10T18:38:11.464Z</time></trkpt><trkpt lat="51.08556" lon="-115.36575167"><ele>1320.0</ele><time>2022-10-10T18:38:12.465Z</time></trkpt><trkpt lat="51.08555167" lon="-115.36572667"><ele>1321.0</ele><time>2022-10-10T18:38:13.465Z</time></trkpt><trkpt lat="51.08553667" lon="-115.36571"><ele>1321.0</ele><time>2022-10-10T18:38:14.464Z</time></trkpt><trkpt lat="51.08552833" lon="-115.36569667"><ele>1321.0</ele><time>2022-10-10T18:38:15.465Z</time></trkpt><trkpt lat="51.08551833" lon="-115.36568167"><ele>1321.0</ele><time>2022-10-10T18:38:16.465Z</time></trkpt><trkpt lat="51.085515" lon="-115.36567333"><ele>1321.0</ele><time>2022-10-10T18:38:17.465Z</time></trkpt><trkpt lat="51.08551" lon="-115.36566667"><ele>1321.0</ele><time>2022-10-10T18:38:18.464Z</time></trkpt><trkpt lat="51.085505" lon="-115.36565667"><ele>1321.0</ele><time>2022-10-10T18:38:19.465Z</time></trkpt><trkpt lat="51.08549333" lon="-115.36564333"><ele>1321.0</ele><time>2022-10-10T18:38:20.465Z</time></trkpt><trkpt lat="51.08548333" lon="-115.36563333"><ele>1321.0</ele><time>2022-10-10T18:38:21.465Z</time></trkpt><trkpt lat="51.08547167" lon="-115.36562667"><ele>1322.0</ele><time>2022-10-10T18:38:22.464Z</time></trkpt><trkpt lat="51.08546167" lon="-115.365625"><ele>1322.0</ele><time>2022-10-10T18:38:23.465Z</time></trkpt><trkpt lat="51.08545167" lon="-115.36562833"><ele>1322.0</ele><time>2022-10-10T18:38:24.465Z</time></trkpt><trkpt lat="51.085445" lon="-115.365635"><ele>1322.0</ele><time>2022-10-10T18:38:25.465Z</time></trkpt><trkpt lat="51.08543833" lon="-115.36564"><ele>1322.0</ele><time>2022-10-10T18:38:26.465Z</time></trkpt><trkpt lat="51.08543333" lon="-115.36564"><ele>1322.0</ele><time>2022-10-10T18:38:27.464Z</time></trkpt><trkpt lat="51.08542833" lon="-115.36564333"><ele>1322.0</ele><time>2022-10-10T18:38:28.465Z</time></trkpt><trkpt lat="51.085425" lon="-115.36564"><ele>1321.0</ele><time>2022-10-10T18:38:29.465Z</time></trkpt><trkpt lat="51.085425" lon="-115.36563333"><ele>1321.0</ele><time>2022-10-10T18:38:30.465Z</time></trkpt><trkpt lat="51.08542333" lon="-115.36563833"><ele>1322.0</ele><time>2022-10-10T18:38:31.465Z</time></trkpt><trkpt lat="51.08542" lon="-115.36563667"><ele>1322.0</ele><time>2022-10-10T18:38:32.464Z</time></trkpt><trkpt lat="51.08541333" lon="-115.36563167"><ele>1322.0</ele><time>2022-10-10T18:38:33.465Z</time></trkpt><trkpt lat="51.08540333" lon="-115.365625"><ele>1322.0</ele><time>2022-10-10T18:38:34.465Z</time></trkpt><trkpt lat="51.08539167" lon="-115.36562167"><ele>1322.0</ele><time>2022-10-10T18:38:35.465Z</time></trkpt><trkpt lat="51.08538" lon="-115.36561667"><ele>1322.0</ele><time>2022-10-10T18:38:36.465Z</time></trkpt><trkpt lat="51.08536667" lon="-115.36561333"><ele>1322.0</ele><time>2022-10-10T18:38:37.464Z</time></trkpt><trkpt lat="51.08535167" lon="-115.36561333"><ele>1321.0</ele><time>2022-10-10T18:38:38.465Z</time></trkpt><trkpt lat="51.08533667" lon="-115.36561167"><ele>1321.0</ele><time>2022-10-10T18:38:39.465Z</time></trkpt><trkpt lat="51.08532833" lon="-115.36561333"><ele>1321.0</ele><time>2022-10-10T18:38:40.465Z</time></trkpt><trkpt lat="51.08532" lon="-115.36561333"><ele>1321.0</ele><time>2022-10-10T18:38:41.464Z</time></trkpt><trkpt lat="51.08531333" lon="-115.36561833"><ele>1321.0</ele><time>2022-10-10T18:38:42.464Z</time></trkpt><trkpt lat="51.085305" lon="-115.36561833"><ele>1320.0</ele><time>2022-10-10T18:38:43.465Z</time></trkpt><trkpt lat="51.08529333" lon="-115.36561833"><ele>1320.0</ele><time>2022-10-10T18:38:44.465Z</time></trkpt><trkpt lat="51.08528667" lon="-115.36561667"><ele>1320.0</ele><time>2022-10-10T18:38:45.465Z</time></trkpt><trkpt lat="51.085275" lon="-115.36561833"><ele>1320.0</ele><time>2022-10-10T18:38:46.465Z</time></trkpt><trkpt lat="51.08526333" lon="-115.36561667"><ele>1320.0</ele><time>2022-10-10T18:38:47.465Z</time></trkpt><trkpt lat="51.08525" lon="-115.365615"><ele>1320.0</ele><time>2022-10-10T18:38:48.464Z</time></trkpt><trkpt lat="51.08523667" lon="-115.36561333"><ele>1320.0</ele><time>2022-10-10T18:38:49.464Z</time></trkpt><trkpt lat="51.08522667" lon="-115.36562333"><ele>1320.0</ele><time>2022-10-10T18:38:50.465Z</time></trkpt><trkpt lat="51.08522" lon="-115.36562667"><ele>1320.0</ele><time>2022-10-10T18:38:51.465Z</time></trkpt><trkpt lat="51.08522" lon="-115.36563833"><ele>1320.0</ele><time>2022-10-10T18:38:52.465Z</time></trkpt><trkpt lat="51.08521167" lon="-115.36564833"><ele>1321.0</ele><time>2022-10-10T18:38:53.465Z</time></trkpt><trkpt lat="51.08520333" lon="-115.36565833"><ele>1321.0</ele><time>2022-10-10T18:38:54.464Z</time></trkpt><trkpt lat="51.0852" lon="-115.36566667"><ele>1321.0</ele><time>2022-10-10T18:38:55.465Z</time></trkpt><trkpt lat="51.0852" lon="-115.36567667"><ele>1321.0</ele><time>2022-10-10T18:38:56.465Z</time></trkpt><trkpt lat="51.08519833" lon="-115.36568667"><ele>1321.0</ele><time>2022-10-10T18:38:57.465Z</time></trkpt><trkpt lat="51.0852" lon="-115.36569667"><ele>1321.0</ele><time>2022-10-10T18:38:58.464Z</time></trkpt><trkpt lat="51.08519833" lon="-115.36570333"><ele>1320.0</ele><time>2022-10-10T18:38:59.464Z</time></trkpt><trkpt lat="51.08519667" lon="-115.36570833"><ele>1319.0</ele><time>2022-10-10T18:39:00.464Z</time></trkpt><trkpt lat="51.08519667" lon="-115.36571"><ele>1318.0</ele><time>2022-10-10T18:39:01.464Z</time></trkpt><trkpt lat="51.08519833" lon="-115.36571167"><ele>1316.0</ele><time>2022-10-10T18:39:02.464Z</time></trkpt><trkpt lat="51.08520167" lon="-115.36571"><ele>1315.0</ele><time>2022-10-10T18:39:03.464Z</time></trkpt><trkpt lat="51.08520333" lon="-115.36570833"><ele>1313.0</ele><time>2022-10-10T18:39:04.465Z</time></trkpt><trkpt lat="51.085205" lon="-115.36570667"><ele>1313.0</ele><time>2022-10-10T18:39:05.464Z</time></trkpt><trkpt lat="51.08521" lon="-115.36569"><ele>1312.0</ele><time>2022-10-10T18:39:06.465Z</time></trkpt><trkpt lat="51.08520667" lon="-115.36569167"><ele>1311.0</ele><time>2022-10-10T18:39:07.464Z</time></trkpt><trkpt lat="51.08520667" lon="-115.365695"><ele>1311.0</ele><time>2022-10-10T18:39:08.464Z</time></trkpt><trkpt lat="51.08520167" lon="-115.36570167"><ele>1310.0</ele><time>2022-10-10T18:39:09.465Z</time></trkpt><trkpt lat="51.08520167" lon="-115.365705"><ele>1309.0</ele><time>2022-10-10T18:39:10.465Z</time></trkpt><trkpt lat="51.08520333" lon="-115.36571333"><ele>1308.0</ele><time>2022-10-10T18:39:11.465Z</time></trkpt><trkpt lat="51.08520667" lon="-115.365715"><ele>1308.0</ele><time>2022-10-10T18:39:12.465Z</time></trkpt><trkpt lat="51.08521167" lon="-115.36571667"><ele>1308.0</ele><time>2022-10-10T18:39:13.465Z</time></trkpt><trkpt lat="51.085215" lon="-115.36572"><ele>1309.0</ele><time>2022-10-10T18:39:14.465Z</time></trkpt><trkpt lat="51.08521833" lon="-115.36572333"><ele>1309.0</ele><time>2022-10-10T18:39:15.465Z</time></trkpt><trkpt lat="51.08522333" lon="-115.36572333"><ele>1309.0</ele><time>2022-10-10T18:39:16.465Z</time></trkpt><trkpt lat="51.08523" lon="-115.36572167"><ele>1310.0</ele><time>2022-10-10T18:39:17.465Z</time></trkpt><trkpt lat="51.08524" lon="-115.365725"><ele>1310.0</ele><time>2022-10-10T18:39:18.465Z</time></trkpt><trkpt lat="51.08524" lon="-115.36572833"><ele>1310.0</ele><time>2022-10-10T18:39:19.464Z</time></trkpt><trkpt lat="51.08523167" lon="-115.36573"><ele>1310.0</ele><time>2022-10-10T18:39:20.465Z</time></trkpt><trkpt lat="51.08523167" lon="-115.365725"><ele>1310.0</ele><time>2022-10-10T18:39:21.465Z</time></trkpt><trkpt lat="51.08523" lon="-115.36572333"><ele>1310.0</ele><time>2022-10-10T18:39:22.465Z</time></trkpt><trkpt lat="51.08522833" lon="-115.36572167"><ele>1310.0</ele><time>2022-10-10T18:39:23.464Z</time></trkpt><trkpt lat="51.08523" lon="-115.36572167"><ele>1310.0</ele><time>2022-10-10T18:39:24.464Z</time></trkpt><trkpt lat="51.08523" lon="-115.365725"><ele>1310.0</ele><time>2022-10-10T18:39:25.465Z</time></trkpt><trkpt lat="51.08522833" lon="-115.36572833"><ele>1310.0</ele><time>2022-10-10T18:39:26.464Z</time></trkpt><trkpt lat="51.08523" lon="-115.36573167"><ele>1310.0</ele><time>2022-10-10T18:39:27.465Z</time></trkpt><trkpt lat="51.08523167" lon="-115.365735"><ele>1310.0</ele><time>2022-10-10T18:39:28.465Z</time></trkpt><trkpt lat="51.08523" lon="-115.36573833"><ele>1310.0</ele><time>2022-10-10T18:39:29.465Z</time></trkpt><trkpt lat="51.08523167" lon="-115.36574"><ele>1311.0</ele><time>2022-10-10T18:39:30.465Z</time></trkpt><trkpt lat="51.08523167" lon="-115.36573833"><ele>1311.0</ele><time>2022-10-10T18:39:31.465Z</time></trkpt><trkpt lat="51.08523167" lon="-115.36573833"><ele>1311.0</ele><time>2022-10-10T18:39:32.465Z</time></trkpt><trkpt lat="51.08523167" lon="-115.36574"><ele>1311.0</ele><time>2022-10-10T18:39:33.464Z</time></trkpt><trkpt lat="51.08523167" lon="-115.36574333"><ele>1312.0</ele><time>2022-10-10T18:39:34.465Z</time></trkpt><trkpt lat="51.08523" lon="-115.365745"><ele>1312.0</ele><time>2022-10-10T18:39:35.465Z</time></trkpt><trkpt lat="51.085235" lon="-115.36575"><ele>1312.0</ele><time>2022-10-10T18:39:36.465Z</time></trkpt><trkpt lat="51.08523833" lon="-115.365755"><ele>1312.0</ele><time>2022-10-10T18:39:37.465Z</time></trkpt><trkpt lat="51.08524333" lon="-115.36575833"><ele>1312.0</ele><time>2022-10-10T18:39:38.465Z</time></trkpt><trkpt lat="51.08524333" lon="-115.36576167"><ele>1312.0</ele><time>2022-10-10T18:39:39.465Z</time></trkpt><trkpt lat="51.08523833" lon="-115.36576"><ele>1313.0</ele><time>2022-10-10T18:39:40.465Z</time></trkpt><trkpt lat="51.08523333" lon="-115.36575667"><ele>1313.0</ele><time>2022-10-10T18:39:41.465Z</time></trkpt><trkpt lat="51.085225" lon="-115.36573667"><ele>1313.0</ele><time>2022-10-10T18:39:42.464Z</time></trkpt><trkpt lat="51.085225" lon="-115.36573333"><ele>1313.0</ele><time>2022-10-10T18:39:43.465Z</time></trkpt><trkpt lat="51.08522667" lon="-115.36573167"><ele>1313.0</ele><time>2022-10-10T18:39:44.465Z</time></trkpt><trkpt lat="51.085225" lon="-115.36573167"><ele>1314.0</ele><time>2022-10-10T18:39:45.465Z</time></trkpt><trkpt lat="51.08522167" lon="-115.36573"><ele>1314.0</ele><time>2022-10-10T18:39:46.465Z</time></trkpt><trkpt lat="51.08522" lon="-115.36572833"><ele>1313.0</ele><time>2022-10-10T18:39:47.465Z</time></trkpt><trkpt lat="51.08521667" lon="-115.36572167"><ele>1313.0</ele><time>2022-10-10T18:39:48.465Z</time></trkpt><trkpt lat="51.085215" lon="-115.36571167"><ele>1313.0</ele><time>2022-10-10T18:39:49.465Z</time></trkpt><trkpt lat="51.085215" lon="-115.36570833"><ele>1313.0</ele><time>2022-10-10T18:39:50.464Z</time></trkpt><trkpt lat="51.085215" lon="-115.36570833"><ele>1313.0</ele><time>2022-10-10T18:39:51.464Z</time></trkpt><trkpt lat="51.08521667" lon="-115.36570833"><ele>1313.0</ele><time>2022-10-10T18:39:52.465Z</time></trkpt><trkpt lat="51.08522167" lon="-115.36571"><ele>1313.0</ele><time>2022-10-10T18:39:53.464Z</time></trkpt><trkpt lat="51.08522667" lon="-115.365715"><ele>1313.0</ele><time>2022-10-10T18:39:54.465Z</time></trkpt><trkpt lat="51.08523" lon="-115.365715"><ele>1313.0</ele><time>2022-10-10T18:39:55.465Z</time></trkpt><trkpt lat="51.085235" lon="-115.36571333"><ele>1312.0</ele><time>2022-10-10T18:39:56.465Z</time></trkpt><trkpt lat="51.085235" lon="-115.365715"><ele>1312.0</ele><time>2022-10-10T18:39:57.465Z</time></trkpt><trkpt lat="51.08523167" lon="-115.36571833"><ele>1311.0</ele><time>2022-10-10T18:39:58.465Z</time></trkpt><trkpt lat="51.08522667" lon="-115.36572"><ele>1311.0</ele><time>2022-10-10T18:39:59.465Z</time></trkpt><trkpt lat="51.08522167" lon="-115.36572167"><ele>1311.0</ele><time>2022-10-10T18:40:00.465Z</time></trkpt><trkpt lat="51.08521833" lon="-115.36572333"><ele>1311.0</ele><time>2022-10-10T18:40:01.464Z</time></trkpt><trkpt lat="51.08521833" lon="-115.36572333"><ele>1310.0</ele><time>2022-10-10T18:40:02.464Z</time></trkpt><trkpt lat="51.08522" lon="-115.36572333"><ele>1310.0</ele><time>2022-10-10T18:40:03.465Z</time></trkpt><trkpt lat="51.08522167" lon="-115.36572333"><ele>1310.0</ele><time>2022-10-10T18:40:04.464Z</time></trkpt><trkpt lat="51.08522167" lon="-115.365725"><ele>1309.0</ele><time>2022-10-10T18:40:05.465Z</time></trkpt><trkpt lat="51.08522" lon="-115.365725"><ele>1308.0</ele><time>2022-10-10T18:40:06.464Z</time></trkpt><trkpt lat="51.08522" lon="-115.36572667"><ele>1308.0</ele><time>2022-10-10T18:40:07.464Z</time></trkpt><trkpt lat="51.08522" lon="-115.36573"><ele>1308.0</ele><time>2022-10-10T18:40:08.465Z</time></trkpt><trkpt lat="51.08522" lon="-115.36573"><ele>1307.0</ele><time>2022-10-10T18:40:09.465Z</time></trkpt><trkpt lat="51.08522333" lon="-115.36573"><ele>1307.0</ele><time>2022-10-10T18:40:10.465Z</time></trkpt><trkpt lat="51.085225" lon="-115.36572333"><ele>1307.0</ele><time>2022-10-10T18:40:11.465Z</time></trkpt><trkpt lat="51.08522667" lon="-115.36571833"><ele>1307.0</ele><time>2022-10-10T18:40:12.464Z</time></trkpt><trkpt lat="51.08523333" lon="-115.36570667"><ele>1308.0</ele><time>2022-10-10T18:40:13.465Z</time></trkpt><trkpt lat="51.08523833" lon="-115.365705"><ele>1308.0</ele><time>2022-10-10T18:40:14.465Z</time></trkpt><trkpt lat="51.085245" lon="-115.3657"><ele>1308.0</ele><time>2022-10-10T18:40:15.464Z</time></trkpt><trkpt lat="51.08525167" lon="-115.36569833"><ele>1309.0</ele><time>2022-10-10T18:40:16.464Z</time></trkpt><trkpt lat="51.08525667" lon="-115.36569667"><ele>1309.0</ele><time>2022-10-10T18:40:17.465Z</time></trkpt><trkpt lat="51.08525667" lon="-115.36569"><ele>1309.0</ele><time>2022-10-10T18:40:18.464Z</time></trkpt><trkpt lat="51.08524667" lon="-115.365695"><ele>1309.0</ele><time>2022-10-10T18:40:19.465Z</time></trkpt><trkpt lat="51.08525333" lon="-115.36568333"><ele>1309.0</ele><time>2022-10-10T18:40:20.465Z</time></trkpt><trkpt lat="51.08527333" lon="-115.365665"><ele>1310.0</ele><time>2022-10-10T18:40:21.465Z</time></trkpt><trkpt lat="51.08528" lon="-115.36565833"><ele>1311.0</ele><time>2022-10-10T18:40:22.465Z</time></trkpt><trkpt lat="51.085275" lon="-115.36566667"><ele>1312.0</ele><time>2022-10-10T18:40:23.465Z</time></trkpt><trkpt lat="51.08527667" lon="-115.36567833"><ele>1313.0</ele><time>2022-10-10T18:40:24.465Z</time></trkpt><trkpt lat="51.085275" lon="-115.36568833"><ele>1313.0</ele><time>2022-10-10T18:40:25.465Z</time></trkpt><trkpt lat="51.08527" lon="-115.36569"><ele>1315.0</ele><time>2022-10-10T18:40:26.465Z</time></trkpt><trkpt lat="51.085275" lon="-115.36568333"><ele>1316.0</ele><time>2022-10-10T18:40:27.465Z</time></trkpt><trkpt lat="51.08527167" lon="-115.36568667"><ele>1318.0</ele><time>2022-10-10T18:40:28.464Z</time></trkpt><trkpt lat="51.08526833" lon="-115.365695"><ele>1320.0</ele><time>2022-10-10T18:40:29.464Z</time></trkpt><trkpt lat="51.085265" lon="-115.36570167"><ele>1321.0</ele><time>2022-10-10T18:40:30.465Z</time></trkpt><trkpt lat="51.085265" lon="-115.36570167"><ele>1322.0</ele><time>2022-10-10T18:40:31.465Z</time></trkpt><trkpt lat="51.085265" lon="-115.365705"><ele>1324.0</ele><time>2022-10-10T18:40:32.465Z</time></trkpt><trkpt lat="51.085265" lon="-115.36571"><ele>1325.0</ele><time>2022-10-10T18:40:33.465Z</time></trkpt><trkpt lat="51.08526667" lon="-115.36571"><ele>1327.0</ele><time>2022-10-10T18:40:34.464Z</time></trkpt><trkpt lat="51.08526833" lon="-115.36571"><ele>1328.0</ele><time>2022-10-10T18:40:35.464Z</time></trkpt><trkpt lat="51.08527167" lon="-115.36571"><ele>1330.0</ele><time>2022-10-10T18:40:36.464Z</time></trkpt><trkpt lat="51.08527167" lon="-115.36571167"><ele>1331.0</ele><time>2022-10-10T18:40:37.464Z</time></trkpt><trkpt lat="51.08527333" lon="-115.36571333"><ele>1333.0</ele><time>2022-10-10T18:40:38.465Z</time></trkpt><trkpt lat="51.08527167" lon="-115.36571833"><ele>1334.0</ele><time>2022-10-10T18:40:39.465Z</time></trkpt><trkpt lat="51.085265" lon="-115.365725"><ele>1334.0</ele><time>2022-10-10T18:40:40.465Z</time></trkpt><trkpt lat="51.08526167" lon="-115.36572333"><ele>1334.0</ele><time>2022-10-10T18:40:41.465Z</time></trkpt><trkpt lat="51.08526" lon="-115.36572"><ele>1333.0</ele><time>2022-10-10T18:40:42.464Z</time></trkpt><trkpt lat="51.08525167" lon="-115.36570667"><ele>1333.0</ele><time>2022-10-10T18:40:43.464Z</time></trkpt><trkpt lat="51.08524667" lon="-115.36570333"><ele>1332.0</ele><time>2022-10-10T18:40:44.465Z</time></trkpt><trkpt lat="51.08524" lon="-115.36570333"><ele>1331.0</ele><time>2022-10-10T18:40:45.465Z</time></trkpt><trkpt lat="51.08523" lon="-115.36571333"><ele>1330.0</ele><time>2022-10-10T18:40:46.465Z</time></trkpt><trkpt lat="51.08521667" lon="-115.36571833"><ele>1330.0</ele><time>2022-10-10T18:40:47.465Z</time></trkpt><trkpt lat="51.08520333" lon="-115.36572333"><ele>1329.0</ele><time>2022-10-10T18:40:48.465Z</time></trkpt><trkpt lat="51.08519333" lon="-115.36571833"><ele>1327.0</ele><time>2022-10-10T18:40:49.465Z</time></trkpt><trkpt lat="51.08517833" lon="-115.36571833"><ele>1326.0</ele><time>2022-10-10T18:40:50.465Z</time></trkpt><trkpt lat="51.08517333" lon="-115.36571833"><ele>1325.0</ele><time>2022-10-10T18:40:51.465Z</time></trkpt><trkpt lat="51.085175" lon="-115.365715"><ele>1324.0</ele><time>2022-10-10T18:40:52.464Z</time></trkpt><trkpt lat="51.08517" lon="-115.36570833"><ele>1323.0</ele><time>2022-10-10T18:40:53.465Z</time></trkpt><trkpt lat="51.08517" lon="-115.365705"><ele>1322.0</ele><time>2022-10-10T18:40:54.465Z</time></trkpt><trkpt lat="51.08517" lon="-115.365705"><ele>1321.0</ele><time>2022-10-10T18:40:55.465Z</time></trkpt><trkpt lat="51.08516167" lon="-115.365695"><ele>1320.0</ele><time>2022-10-10T18:40:56.464Z</time></trkpt><trkpt lat="51.08516" lon="-115.36569"><ele>1319.0</ele><time>2022-10-10T18:40:57.465Z</time></trkpt><trkpt lat="51.08516" lon="-115.36569"><ele>1318.0</ele><time>2022-10-10T18:40:58.464Z</time></trkpt><trkpt lat="51.08516667" lon="-115.36569333"><ele>1318.0</ele><time>2022-10-10T18:40:59.465Z</time></trkpt><trkpt lat="51.08517" lon="-115.36569667"><ele>1318.0</ele><time>2022-10-10T18:41:00.465Z</time></trkpt><trkpt lat="51.08517333" lon="-115.36569833"><ele>1318.0</ele><time>2022-10-10T18:41:01.465Z</time></trkpt><trkpt lat="51.085175" lon="-115.36569833"><ele>1318.0</ele><time>2022-10-10T18:41:02.465Z</time></trkpt><trkpt lat="51.085175" lon="-115.36570167"><ele>1318.0</ele><time>2022-10-10T18:41:03.464Z</time></trkpt><trkpt lat="51.085175" lon="-115.36570333"><ele>1319.0</ele><time>2022-10-10T18:41:04.464Z</time></trkpt><trkpt lat="51.08518" lon="-115.36570167"><ele>1319.0</ele><time>2022-10-10T18:41:05.464Z</time></trkpt><trkpt lat="51.085185" lon="-115.36570333"><ele>1319.0</ele><time>2022-10-10T18:41:06.465Z</time></trkpt><trkpt lat="51.08518833" lon="-115.36570833"><ele>1320.0</ele><time>2022-10-10T18:41:07.465Z</time></trkpt><trkpt lat="51.08519167" lon="-115.36570667"><ele>1320.0</ele><time>2022-10-10T18:41:08.465Z</time></trkpt><trkpt lat="51.08519667" lon="-115.36570167"><ele>1320.0</ele><time>2022-10-10T18:41:09.465Z</time></trkpt><trkpt lat="51.0852" lon="-115.3657"><ele>1321.0</ele><time>2022-10-10T18:41:10.465Z</time></trkpt><trkpt lat="51.0852" lon="-115.36569833"><ele>1321.0</ele><time>2022-10-10T18:41:11.464Z</time></trkpt><trkpt lat="51.08520833" lon="-115.36569167"><ele>1322.0</ele><time>2022-10-10T18:41:12.465Z</time></trkpt><trkpt lat="51.08521167" lon="-115.36568167"><ele>1322.0</ele><time>2022-10-10T18:41:13.465Z</time></trkpt><trkpt lat="51.08519833" lon="-115.36567"><ele>1323.0</ele><time>2022-10-10T18:41:14.465Z</time></trkpt><trkpt lat="51.08519167" lon="-115.36566"><ele>1323.0</ele><time>2022-10-10T18:41:15.464Z</time></trkpt><trkpt lat="51.08518667" lon="-115.36565333"><ele>1324.0</ele><time>2022-10-10T18:41:16.465Z</time></trkpt><trkpt lat="51.08517833" lon="-115.36563833"><ele>1324.0</ele><time>2022-10-10T18:41:17.464Z</time></trkpt><trkpt lat="51.08517167" lon="-115.36563"><ele>1324.0</ele><time>2022-10-10T18:41:18.464Z</time></trkpt><trkpt lat="51.08517333" lon="-115.36562667"><ele>1325.0</ele><time>2022-10-10T18:41:19.465Z</time></trkpt><trkpt lat="51.08517333" lon="-115.36562333"><ele>1325.0</ele><time>2022-10-10T18:41:20.465Z</time></trkpt><trkpt lat="51.08517833" lon="-115.36562333"><ele>1325.0</ele><time>2022-10-10T18:41:21.465Z</time></trkpt><trkpt lat="51.085185" lon="-115.36563"><ele>1325.0</ele><time>2022-10-10T18:41:22.465Z</time></trkpt><trkpt lat="51.08519" lon="-115.36563833"><ele>1326.0</ele><time>2022-10-10T18:41:23.464Z</time></trkpt><trkpt lat="51.08519833" lon="-115.36565167"><ele>1326.0</ele><time>2022-10-10T18:41:24.464Z</time></trkpt><trkpt lat="51.08520667" lon="-115.36565833"><ele>1326.0</ele><time>2022-10-10T18:41:25.465Z</time></trkpt><trkpt lat="51.08521" lon="-115.36566333"><ele>1325.0</ele><time>2022-10-10T18:41:26.465Z</time></trkpt><trkpt lat="51.08521" lon="-115.365665"><ele>1325.0</ele><time>2022-10-10T18:41:27.464Z</time></trkpt><trkpt lat="51.08520667" lon="-115.365665"><ele>1325.0</ele><time>2022-10-10T18:41:28.464Z</time></trkpt><trkpt lat="51.08520833" lon="-115.36566167"><ele>1324.0</ele><time>2022-10-10T18:41:29.465Z</time></trkpt><trkpt lat="51.08520667" lon="-115.36565833"><ele>1324.0</ele><time>2022-10-10T18:41:30.465Z</time></trkpt><trkpt lat="51.08520667" lon="-115.365655"><ele>1323.0</ele><time>2022-10-10T18:41:31.465Z</time></trkpt><trkpt lat="51.08520833" lon="-115.36565333"><ele>1323.0</ele><time>2022-10-10T18:41:32.465Z</time></trkpt><trkpt lat="51.08521" lon="-115.365655"><ele>1323.0</ele><time>2022-10-10T18:41:33.465Z</time></trkpt><trkpt lat="51.08521167" lon="-115.36565667"><ele>1323.0</ele><time>2022-10-10T18:41:34.464Z</time></trkpt><trkpt lat="51.08521167" lon="-115.36565833"><ele>1323.0</ele><time>2022-10-10T18:41:35.464Z</time></trkpt><trkpt lat="51.085215" lon="-115.36566167"><ele>1323.0</ele><time>2022-10-10T18:41:36.465Z</time></trkpt><trkpt lat="51.08521833" lon="-115.36566167"><ele>1323.0</ele><time>2022-10-10T18:41:37.464Z</time></trkpt><trkpt lat="51.08522" lon="-115.36566167"><ele>1323.0</ele><time>2022-10-10T18:41:38.465Z</time></trkpt><trkpt lat="51.08522" lon="-115.36566"><ele>1323.0</ele><time>2022-10-10T18:41:39.465Z</time></trkpt><trkpt lat="51.08522167" lon="-115.36565667"><ele>1323.0</ele><time>2022-10-10T18:41:40.465Z</time></trkpt><trkpt lat="51.08522667" lon="-115.36565333"><ele>1323.0</ele><time>2022-10-10T18:41:41.465Z</time></trkpt><trkpt lat="51.08523" lon="-115.36565167"><ele>1324.0</ele><time>2022-10-10T18:41:42.465Z</time></trkpt><trkpt lat="51.08523167" lon="-115.36565333"><ele>1324.0</ele><time>2022-10-10T18:41:43.465Z</time></trkpt><trkpt lat="51.085235" lon="-115.365655"><ele>1324.0</ele><time>2022-10-10T18:41:44.465Z</time></trkpt><trkpt lat="51.08523667" lon="-115.36565333"><ele>1324.0</ele><time>2022-10-10T18:41:45.465Z</time></trkpt><trkpt lat="51.08523667" lon="-115.36565167"><ele>1325.0</ele><time>2022-10-10T18:41:46.465Z</time></trkpt><trkpt lat="51.08523833" lon="-115.365645"><ele>1325.0</ele><time>2022-10-10T18:41:47.464Z</time></trkpt><trkpt lat="51.08524" lon="-115.36564333"><ele>1325.0</ele><time>2022-10-10T18:41:48.464Z</time></trkpt><trkpt lat="51.08523667" lon="-115.36564167"><ele>1325.0</ele><time>2022-10-10T18:41:49.465Z</time></trkpt><trkpt lat="51.08523833" lon="-115.36563833"><ele>1326.0</ele><time>2022-10-10T18:41:50.465Z</time></trkpt><trkpt lat="51.08524167" lon="-115.36562833"><ele>1326.0</ele><time>2022-10-10T18:41:51.465Z</time></trkpt><trkpt lat="51.08525" lon="-115.36563167"><ele>1326.0</ele><time>2022-10-10T18:41:52.464Z</time></trkpt><trkpt lat="51.08526" lon="-115.36562667"><ele>1326.0</ele><time>2022-10-10T18:41:53.464Z</time></trkpt><trkpt lat="51.08527167" lon="-115.36561833"><ele>1326.0</ele><time>2022-10-10T18:41:54.465Z</time></trkpt><trkpt lat="51.085275" lon="-115.365625"><ele>1326.0</ele><time>2022-10-10T18:41:55.465Z</time></trkpt><trkpt lat="51.08527" lon="-115.36563167"><ele>1326.0</ele><time>2022-10-10T18:41:56.464Z</time></trkpt><trkpt lat="51.085265" lon="-115.36563667"><ele>1326.0</ele><time>2022-10-10T18:41:57.465Z</time></trkpt><trkpt lat="51.08526833" lon="-115.36563833"><ele>1326.0</ele><time>2022-10-10T18:41:58.464Z</time></trkpt><trkpt lat="51.08527" lon="-115.36563833"><ele>1326.0</ele><time>2022-10-10T18:41:59.465Z</time></trkpt><trkpt lat="51.085275" lon="-115.36562833"><ele>1326.0</ele><time>2022-10-10T18:42:00.465Z</time></trkpt><trkpt lat="51.08527833" lon="-115.365625"><ele>1326.0</ele><time>2022-10-10T18:42:01.465Z</time></trkpt><trkpt lat="51.08528333" lon="-115.36562833"><ele>1326.0</ele><time>2022-10-10T18:42:02.464Z</time></trkpt><trkpt lat="51.08529167" lon="-115.36563333"><ele>1325.0</ele><time>2022-10-10T18:42:03.465Z</time></trkpt><trkpt lat="51.08529833" lon="-115.36562833"><ele>1324.0</ele><time>2022-10-10T18:42:04.465Z</time></trkpt><trkpt lat="51.08529333" lon="-115.365625"><ele>1324.0</ele><time>2022-10-10T18:42:05.465Z</time></trkpt><trkpt lat="51.08528333" lon="-115.36562333"><ele>1324.0</ele><time>2022-10-10T18:42:06.465Z</time></trkpt><trkpt lat="51.08527167" lon="-115.36562"><ele>1323.0</ele><time>2022-10-10T18:42:07.465Z</time></trkpt><trkpt lat="51.085265" lon="-115.36562167"><ele>1322.0</ele><time>2022-10-10T18:42:08.465Z</time></trkpt><trkpt lat="51.08526333" lon="-115.365625"><ele>1322.0</ele><time>2022-10-10T18:42:09.465Z</time></trkpt><trkpt lat="51.08526" lon="-115.36563"><ele>1321.0</ele><time>2022-10-10T18:42:10.465Z</time></trkpt><trkpt lat="51.08525667" lon="-115.36563333"><ele>1320.0</ele><time>2022-10-10T18:42:11.465Z</time></trkpt><trkpt lat="51.08525167" lon="-115.36563833"><ele>1320.0</ele><time>2022-10-10T18:42:12.464Z</time></trkpt><trkpt lat="51.08525" lon="-115.36564833"><ele>1320.0</ele><time>2022-10-10T18:42:13.465Z</time></trkpt><trkpt lat="51.08525333" lon="-115.36565167"><ele>1320.0</ele><time>2022-10-10T18:42:14.465Z</time></trkpt><trkpt lat="51.08525667" lon="-115.36564667"><ele>1321.0</ele><time>2022-10-10T18:42:15.464Z</time></trkpt><trkpt lat="51.085255" lon="-115.36564167"><ele>1321.0</ele><time>2022-10-10T18:42:16.464Z</time></trkpt><trkpt lat="51.08524833" lon="-115.36563833"><ele>1321.0</ele><time>2022-10-10T18:42:17.465Z</time></trkpt><trkpt lat="51.08523667" lon="-115.36563333"><ele>1321.0</ele><time>2022-10-10T18:42:18.465Z</time></trkpt><trkpt lat="51.08522333" lon="-115.36562833"><ele>1321.0</ele><time>2022-10-10T18:42:19.465Z</time></trkpt><trkpt lat="51.08521" lon="-115.36561667"><ele>1321.0</ele><time>2022-10-10T18:42:20.465Z</time></trkpt><trkpt lat="51.08519667" lon="-115.36560667"><ele>1322.0</ele><time>2022-10-10T18:42:21.465Z</time></trkpt><trkpt lat="51.08518" lon="-115.36560833"><ele>1322.0</ele><time>2022-10-10T18:42:22.464Z</time></trkpt><trkpt lat="51.08516333" lon="-115.36561667"><ele>1322.0</ele><time>2022-10-10T18:42:23.465Z</time></trkpt><trkpt lat="51.08514333" lon="-115.36562"><ele>1322.0</ele><time>2022-10-10T18:42:24.465Z</time></trkpt><trkpt lat="51.08512667" lon="-115.36561333"><ele>1322.0</ele><time>2022-10-10T18:42:25.465Z</time></trkpt><trkpt lat="51.085115" lon="-115.36561"><ele>1322.0</ele><time>2022-10-10T18:42:26.465Z</time></trkpt><trkpt lat="51.08509667" lon="-115.365615"><ele>1322.0</ele><time>2022-10-10T18:42:27.465Z</time></trkpt><trkpt lat="51.08507833" lon="-115.36562"><ele>1321.0</ele><time>2022-10-10T18:42:28.464Z</time></trkpt><trkpt lat="51.085055" lon="-115.36562167"><ele>1321.0</ele><time>2022-10-10T18:42:29.464Z</time></trkpt><trkpt lat="51.08504167" lon="-115.36562667"><ele>1320.0</ele><time>2022-10-10T18:42:30.465Z</time></trkpt><trkpt lat="51.085025" lon="-115.365635"><ele>1320.0</ele><time>2022-10-10T18:42:31.464Z</time></trkpt><trkpt lat="51.08501" lon="-115.36564333"><ele>1320.0</ele><time>2022-10-10T18:42:32.465Z</time></trkpt><trkpt lat="51.08499667" lon="-115.36565"><ele>1320.0</ele><time>2022-10-10T18:42:33.464Z</time></trkpt><trkpt lat="51.08498667" lon="-115.36565167"><ele>1319.0</ele><time>2022-10-10T18:42:34.465Z</time></trkpt><trkpt lat="51.084975" lon="-115.36564833"><ele>1319.0</ele><time>2022-10-10T18:42:35.465Z</time></trkpt><trkpt lat="51.08496333" lon="-115.36564333"><ele>1319.0</ele><time>2022-10-10T18:42:36.465Z</time></trkpt><trkpt lat="51.084955" lon="-115.36564"><ele>1319.0</ele><time>2022-10-10T18:42:37.465Z</time></trkpt><trkpt lat="51.08494667" lon="-115.36563667"><ele>1319.0</ele><time>2022-10-10T18:42:38.465Z</time></trkpt><trkpt lat="51.08493833" lon="-115.36563333"><ele>1320.0</ele><time>2022-10-10T18:42:39.465Z</time></trkpt><trkpt lat="51.08492833" lon="-115.36563167"><ele>1320.0</ele><time>2022-10-10T18:42:40.465Z</time></trkpt><trkpt lat="51.08492" lon="-115.36562833"><ele>1321.0</ele><time>2022-10-10T18:42:41.465Z</time></trkpt><trkpt lat="51.08491" lon="-115.36562667"><ele>1321.0</ele><time>2022-10-10T18:42:42.464Z</time></trkpt><trkpt lat="51.0849" lon="-115.36562167"><ele>1321.0</ele><time>2022-10-10T18:42:43.464Z</time></trkpt><trkpt lat="51.08489167" lon="-115.36562167"><ele>1322.0</ele><time>2022-10-10T18:42:44.464Z</time></trkpt><trkpt lat="51.08487667" lon="-115.36562167"><ele>1322.0</ele><time>2022-10-10T18:42:45.465Z</time></trkpt><trkpt lat="51.08486167" lon="-115.36562333"><ele>1322.0</ele><time>2022-10-10T18:42:46.465Z</time></trkpt><trkpt lat="51.08485" lon="-115.36561833"><ele>1322.0</ele><time>2022-10-10T18:42:47.465Z</time></trkpt><trkpt lat="51.08484167" lon="-115.36561333"><ele>1322.0</ele><time>2022-10-10T18:42:48.465Z</time></trkpt><trkpt lat="51.084835" lon="-115.36560833"><ele>1323.0</ele><time>2022-10-10T18:42:49.464Z</time></trkpt><trkpt lat="51.08482333" lon="-115.36560333"><ele>1323.0</ele><time>2022-10-10T18:42:50.464Z</time></trkpt><trkpt lat="51.08481333" lon="-115.365605"><ele>1323.0</ele><time>2022-10-10T18:42:51.465Z</time></trkpt><trkpt lat="51.0848" lon="-115.36560667"><ele>1324.0</ele><time>2022-10-10T18:42:52.465Z</time></trkpt><trkpt lat="51.08479" lon="-115.36560333"><ele>1323.0</ele><time>2022-10-10T18:42:53.464Z</time></trkpt><trkpt lat="51.08478" lon="-115.36559167"><ele>1323.0</ele><time>2022-10-10T18:42:54.465Z</time></trkpt><trkpt lat="51.08477333" lon="-115.36559167"><ele>1323.0</ele><time>2022-10-10T18:42:55.464Z</time></trkpt><trkpt lat="51.084765" lon="-115.36559333"><ele>1323.0</ele><time>2022-10-10T18:42:56.465Z</time></trkpt><trkpt lat="51.08475667" lon="-115.36559167"><ele>1323.0</ele><time>2022-10-10T18:42:57.465Z</time></trkpt><trkpt lat="51.08475333" lon="-115.36558"><ele>1323.0</ele><time>2022-10-10T18:42:58.465Z</time></trkpt><trkpt lat="51.08474333" lon="-115.36557167"><ele>1323.0</ele><time>2022-10-10T18:42:59.465Z</time></trkpt><trkpt lat="51.08473333" lon="-115.36556833"><ele>1322.0</ele><time>2022-10-10T18:43:00.464Z</time></trkpt><trkpt lat="51.084725" lon="-115.36556167"><ele>1322.0</ele><time>2022-10-10T18:43:01.464Z</time></trkpt><trkpt lat="51.08471667" lon="-115.36555167"><ele>1322.0</ele><time>2022-10-10T18:43:02.465Z</time></trkpt><trkpt lat="51.08470833" lon="-115.365545"><ele>1322.0</ele><time>2022-10-10T18:43:03.465Z</time></trkpt><trkpt lat="51.08470167" lon="-115.36553333"><ele>1322.0</ele><time>2022-10-10T18:43:04.464Z</time></trkpt><trkpt lat="51.08469333" lon="-115.36552667"><ele>1322.0</ele><time>2022-10-10T18:43:05.465Z</time></trkpt><trkpt lat="51.084685" lon="-115.36552"><ele>1322.0</ele><time>2022-10-10T18:43:06.464Z</time></trkpt><trkpt lat="51.08467667" lon="-115.36551333"><ele>1321.0</ele><time>2022-10-10T18:43:07.465Z</time></trkpt><trkpt lat="51.08467" lon="-115.36550333"><ele>1321.0</ele><time>2022-10-10T18:43:08.465Z</time></trkpt><trkpt lat="51.084665" lon="-115.36549667"><ele>1320.0</ele><time>2022-10-10T18:43:09.465Z</time></trkpt><trkpt lat="51.08465833" lon="-115.36548833"><ele>1320.0</ele><time>2022-10-10T18:43:10.465Z</time></trkpt><trkpt lat="51.08465" lon="-115.36548"><ele>1319.0</ele><time>2022-10-10T18:43:11.465Z</time></trkpt><trkpt lat="51.08464333" lon="-115.36546667"><ele>1319.0</ele><time>2022-10-10T18:43:12.464Z</time></trkpt><trkpt lat="51.084635" lon="-115.36545333"><ele>1318.0</ele><time>2022-10-10T18:43:13.464Z</time></trkpt><trkpt lat="51.08462833" lon="-115.36543833"><ele>1318.0</ele><time>2022-10-10T18:43:14.465Z</time></trkpt><trkpt lat="51.08462167" lon="-115.36542333"><ele>1317.0</ele><time>2022-10-10T18:43:15.465Z</time></trkpt><trkpt lat="51.08460833" lon="-115.36541333"><ele>1317.0</ele><time>2022-10-10T18:43:16.465Z</time></trkpt><trkpt lat="51.08459833" lon="-115.36540333"><ele>1317.0</ele><time>2022-10-10T18:43:17.464Z</time></trkpt><trkpt lat="51.084585" lon="-115.365395"><ele>1317.0</ele><time>2022-10-10T18:43:18.465Z</time></trkpt><trkpt lat="51.08457167" lon="-115.365385"><ele>1317.0</ele><time>2022-10-10T18:43:19.465Z</time></trkpt><trkpt lat="51.08456167" lon="-115.36537167"><ele>1316.0</ele><time>2022-10-10T18:43:20.465Z</time></trkpt><trkpt lat="51.08455333" lon="-115.36535667"><ele>1316.0</ele><time>2022-10-10T18:43:21.465Z</time></trkpt><trkpt lat="51.084545" lon="-115.36534"><ele>1316.0</ele><time>2022-10-10T18:43:22.465Z</time></trkpt><trkpt lat="51.08454" lon="-115.36532333"><ele>1316.0</ele><time>2022-10-10T18:43:23.464Z</time></trkpt><trkpt lat="51.08453333" lon="-115.365315"><ele>1317.0</ele><time>2022-10-10T18:43:24.465Z</time></trkpt><trkpt lat="51.08452333" lon="-115.36530667"><ele>1317.0</ele><time>2022-10-10T18:43:25.464Z</time></trkpt><trkpt lat="51.08451667" lon="-115.365295"><ele>1317.0</ele><time>2022-10-10T18:43:26.464Z</time></trkpt><trkpt lat="51.08451167" lon="-115.365285"><ele>1317.0</ele><time>2022-10-10T18:43:27.465Z</time></trkpt><trkpt lat="51.084505" lon="-115.365275"><ele>1318.0</ele><time>2022-10-10T18:43:28.465Z</time></trkpt><trkpt lat="51.084495" lon="-115.36526833"><ele>1318.0</ele><time>2022-10-10T18:43:29.465Z</time></trkpt><trkpt lat="51.08448" lon="-115.36526667"><ele>1318.0</ele><time>2022-10-10T18:43:30.465Z</time></trkpt><trkpt lat="51.08446833" lon="-115.36526"><ele>1319.0</ele><time>2022-10-10T18:43:31.465Z</time></trkpt><trkpt lat="51.08445667" lon="-115.36525167"><ele>1319.0</ele><time>2022-10-10T18:43:32.464Z</time></trkpt><trkpt lat="51.08444833" lon="-115.36524333"><ele>1319.0</ele><time>2022-10-10T18:43:33.465Z</time></trkpt><trkpt lat="51.084435" lon="-115.36523333"><ele>1319.0</ele><time>2022-10-10T18:43:34.465Z</time></trkpt><trkpt lat="51.08442667" lon="-115.36522333"><ele>1319.0</ele><time>2022-10-10T18:43:35.465Z</time></trkpt><trkpt lat="51.08441833" lon="-115.36521833"><ele>1320.0</ele><time>2022-10-10T18:43:36.465Z</time></trkpt><trkpt lat="51.08441" lon="-115.36521333"><ele>1320.0</ele><time>2022-10-10T18:43:37.464Z</time></trkpt><trkpt lat="51.084405" lon="-115.36521"><ele>1320.0</ele><time>2022-10-10T18:43:38.464Z</time></trkpt><trkpt lat="51.084405" lon="-115.36519833"><ele>1320.0</ele><time>2022-10-10T18:43:39.465Z</time></trkpt><trkpt lat="51.08439667" lon="-115.36519"><ele>1320.0</ele><time>2022-10-10T18:43:40.465Z</time></trkpt><trkpt lat="51.08439" lon="-115.36517833"><ele>1320.0</ele><time>2022-10-10T18:43:41.465Z</time></trkpt><trkpt lat="51.08438" lon="-115.36516667"><ele>1320.0</ele><time>2022-10-10T18:43:42.464Z</time></trkpt><trkpt lat="51.08436833" lon="-115.36515667"><ele>1320.0</ele><time>2022-10-10T18:43:43.464Z</time></trkpt><trkpt lat="51.08435833" lon="-115.36514167"><ele>1320.0</ele><time>2022-10-10T18:43:44.464Z</time></trkpt><trkpt lat="51.08435" lon="-115.36512667"><ele>1320.0</ele><time>2022-10-10T18:43:45.465Z</time></trkpt><trkpt lat="51.08434333" lon="-115.36510833"><ele>1320.0</ele><time>2022-10-10T18:43:46.465Z</time></trkpt><trkpt lat="51.08433833" lon="-115.36508"><ele>1320.0</ele><time>2022-10-10T18:43:47.465Z</time></trkpt><trkpt lat="51.08432667" lon="-115.36506167"><ele>1319.0</ele><time>2022-10-10T18:43:48.465Z</time></trkpt><trkpt lat="51.08432167" lon="-115.365045"><ele>1320.0</ele><time>2022-10-10T18:43:49.465Z</time></trkpt><trkpt lat="51.08431833" lon="-115.36503"><ele>1320.0</ele><time>2022-10-10T18:43:50.465Z</time></trkpt><trkpt lat="51.08431167" lon="-115.365015"><ele>1320.0</ele><time>2022-10-10T18:43:51.464Z</time></trkpt><trkpt lat="51.08430333" lon="-115.36500667"><ele>1320.0</ele><time>2022-10-10T18:43:52.464Z</time></trkpt><trkpt lat="51.084295" lon="-115.36499667"><ele>1321.0</ele><time>2022-10-10T18:43:53.464Z</time></trkpt><trkpt lat="51.08428667" lon="-115.36498833"><ele>1321.0</ele><time>2022-10-10T18:43:54.464Z</time></trkpt><trkpt lat="51.08427833" lon="-115.36497833"><ele>1321.0</ele><time>2022-10-10T18:43:55.465Z</time></trkpt><trkpt lat="51.08426833" lon="-115.36497167"><ele>1321.0</ele><time>2022-10-10T18:43:56.465Z</time></trkpt><trkpt lat="51.08425167" lon="-115.36496667"><ele>1321.0</ele><time>2022-10-10T18:43:57.465Z</time></trkpt><trkpt lat="51.084235" lon="-115.36495667"><ele>1320.0</ele><time>2022-10-10T18:43:58.465Z</time></trkpt><trkpt lat="51.08421667" lon="-115.36494333"><ele>1320.0</ele><time>2022-10-10T18:43:59.464Z</time></trkpt><trkpt lat="51.0842" lon="-115.36493167"><ele>1320.0</ele><time>2022-10-10T18:44:00.465Z</time></trkpt><trkpt lat="51.08418167" lon="-115.36492333"><ele>1319.0</ele><time>2022-10-10T18:44:01.465Z</time></trkpt><trkpt lat="51.084165" lon="-115.36491333"><ele>1319.0</ele><time>2022-10-10T18:44:02.465Z</time></trkpt><trkpt lat="51.08414833" lon="-115.364895"><ele>1318.0</ele><time>2022-10-10T18:44:03.465Z</time></trkpt><trkpt lat="51.08413333" lon="-115.36488"><ele>1318.0</ele><time>2022-10-10T18:44:04.465Z</time></trkpt><trkpt lat="51.08412667" lon="-115.36486333"><ele>1318.0</ele><time>2022-10-10T18:44:05.464Z</time></trkpt><trkpt lat="51.08411" lon="-115.364855"><ele>1318.0</ele><time>2022-10-10T18:44:06.465Z</time></trkpt><trkpt lat="51.084095" lon="-115.364845"><ele>1318.0</ele><time>2022-10-10T18:44:07.465Z</time></trkpt><trkpt lat="51.08408" lon="-115.36483667"><ele>1318.0</ele><time>2022-10-10T18:44:08.465Z</time></trkpt><trkpt lat="51.08406667" lon="-115.36482667"><ele>1318.0</ele><time>2022-10-10T18:44:09.465Z</time></trkpt><trkpt lat="51.08404333" lon="-115.36482167"><ele>1318.0</ele><time>2022-10-10T18:44:10.465Z</time></trkpt><trkpt lat="51.08402833" lon="-115.36481667"><ele>1318.0</ele><time>2022-10-10T18:44:11.465Z</time></trkpt><trkpt lat="51.08401667" lon="-115.36480833"><ele>1318.0</ele><time>2022-10-10T18:44:12.464Z</time></trkpt><trkpt lat="51.08400667" lon="-115.36479833"><ele>1318.0</ele><time>2022-10-10T18:44:13.465Z</time></trkpt><trkpt lat="51.08399667" lon="-115.36478333"><ele>1318.0</ele><time>2022-10-10T18:44:14.464Z</time></trkpt><trkpt lat="51.08399167" lon="-115.36476667"><ele>1319.0</ele><time>2022-10-10T18:44:15.465Z</time></trkpt><trkpt lat="51.08398833" lon="-115.36475333"><ele>1319.0</ele><time>2022-10-10T18:44:16.465Z</time></trkpt><trkpt lat="51.08399167" lon="-115.36473333"><ele>1319.0</ele><time>2022-10-10T18:44:17.464Z</time></trkpt><trkpt lat="51.08398833" lon="-115.36472"><ele>1319.0</ele><time>2022-10-10T18:44:18.465Z</time></trkpt><trkpt lat="51.083985" lon="-115.364705"><ele>1319.0</ele><time>2022-10-10T18:44:19.465Z</time></trkpt><trkpt lat="51.08398333" lon="-115.36469"><ele>1320.0</ele><time>2022-10-10T18:44:20.465Z</time></trkpt><trkpt lat="51.08398167" lon="-115.36467333"><ele>1320.0</ele><time>2022-10-10T18:44:21.465Z</time></trkpt><trkpt lat="51.083975" lon="-115.36466167"><ele>1320.0</ele><time>2022-10-10T18:44:22.464Z</time></trkpt><trkpt lat="51.08396667" lon="-115.36465333"><ele>1319.0</ele><time>2022-10-10T18:44:23.465Z</time></trkpt><trkpt lat="51.08396" lon="-115.36464667"><ele>1319.0</ele><time>2022-10-10T18:44:24.465Z</time></trkpt><trkpt lat="51.08395167" lon="-115.36464167"><ele>1318.0</ele><time>2022-10-10T18:44:25.465Z</time></trkpt><trkpt lat="51.08394333" lon="-115.36463833"><ele>1318.0</ele><time>2022-10-10T18:44:26.465Z</time></trkpt><trkpt lat="51.08393167" lon="-115.364635"><ele>1318.0</ele><time>2022-10-10T18:44:27.464Z</time></trkpt><trkpt lat="51.08392333" lon="-115.364635"><ele>1318.0</ele><time>2022-10-10T18:44:28.464Z</time></trkpt><trkpt lat="51.08391333" lon="-115.36463167"><ele>1318.0</ele><time>2022-10-10T18:44:29.465Z</time></trkpt><trkpt lat="51.08390333" lon="-115.36462667"><ele>1318.0</ele><time>2022-10-10T18:44:30.465Z</time></trkpt><trkpt lat="51.083895" lon="-115.36462"><ele>1318.0</ele><time>2022-10-10T18:44:31.465Z</time></trkpt><trkpt lat="51.083885" lon="-115.36461833"><ele>1318.0</ele><time>2022-10-10T18:44:32.465Z</time></trkpt><trkpt lat="51.08387167" lon="-115.364615"><ele>1318.0</ele><time>2022-10-10T18:44:33.464Z</time></trkpt><trkpt lat="51.08385667" lon="-115.36460167"><ele>1318.0</ele><time>2022-10-10T18:44:34.465Z</time></trkpt><trkpt lat="51.08384667" lon="-115.36459667"><ele>1318.0</ele><time>2022-10-10T18:44:35.465Z</time></trkpt><trkpt lat="51.08383167" lon="-115.3646"><ele>1318.0</ele><time>2022-10-10T18:44:36.465Z</time></trkpt><trkpt lat="51.08381833" lon="-115.36459667"><ele>1318.0</ele><time>2022-10-10T18:44:37.465Z</time></trkpt><trkpt lat="51.083805" lon="-115.36459167"><ele>1318.0</ele><time>2022-10-10T18:44:38.465Z</time></trkpt><trkpt lat="51.083795" lon="-115.36458833"><ele>1318.0</ele><time>2022-10-10T18:44:39.464Z</time></trkpt><trkpt lat="51.08378167" lon="-115.36458333"><ele>1318.0</ele><time>2022-10-10T18:44:40.465Z</time></trkpt><trkpt lat="51.08377167" lon="-115.36458"><ele>1318.0</ele><time>2022-10-10T18:44:41.465Z</time></trkpt><trkpt lat="51.08376333" lon="-115.364575"><ele>1319.0</ele><time>2022-10-10T18:44:42.465Z</time></trkpt><trkpt lat="51.08375333" lon="-115.36457167"><ele>1319.0</ele><time>2022-10-10T18:44:43.465Z</time></trkpt><trkpt lat="51.08374667" lon="-115.364565"><ele>1319.0</ele><time>2022-10-10T18:44:44.464Z</time></trkpt><trkpt lat="51.08373833" lon="-115.36456"><ele>1319.0</ele><time>2022-10-10T18:44:45.465Z</time></trkpt><trkpt lat="51.08372833" lon="-115.364555"><ele>1319.0</ele><time>2022-10-10T18:44:46.464Z</time></trkpt><trkpt lat="51.08372" lon="-115.36455333"><ele>1319.0</ele><time>2022-10-10T18:44:47.465Z</time></trkpt><trkpt lat="51.08370833" lon="-115.36455"><ele>1319.0</ele><time>2022-10-10T18:44:48.464Z</time></trkpt><trkpt lat="51.08369833" lon="-115.36454667"><ele>1319.0</ele><time>2022-10-10T18:44:49.465Z</time></trkpt><trkpt lat="51.08368833" lon="-115.36454167"><ele>1318.0</ele><time>2022-10-10T18:44:50.465Z</time></trkpt><trkpt lat="51.08368" lon="-115.36454167"><ele>1318.0</ele><time>2022-10-10T18:44:51.465Z</time></trkpt><trkpt lat="51.08367" lon="-115.36453833"><ele>1318.0</ele><time>2022-10-10T18:44:52.465Z</time></trkpt><trkpt lat="51.08365333" lon="-115.36453667"><ele>1318.0</ele><time>2022-10-10T18:44:53.464Z</time></trkpt><trkpt lat="51.08363667" lon="-115.36453167"><ele>1317.0</ele><time>2022-10-10T18:44:54.465Z</time></trkpt><trkpt lat="51.08362" lon="-115.36453167"><ele>1317.0</ele><time>2022-10-10T18:44:55.465Z</time></trkpt><trkpt lat="51.08361333" lon="-115.36452833"><ele>1317.0</ele><time>2022-10-10T18:44:56.465Z</time></trkpt><trkpt lat="51.08359" lon="-115.36452167"><ele>1317.0</ele><time>2022-10-10T18:44:57.465Z</time></trkpt><trkpt lat="51.08356833" lon="-115.36451833"><ele>1317.0</ele><time>2022-10-10T18:44:58.465Z</time></trkpt><trkpt lat="51.08355333" lon="-115.36451167"><ele>1317.0</ele><time>2022-10-10T18:44:59.464Z</time></trkpt><trkpt lat="51.08355167" lon="-115.364505"><ele>1318.0</ele><time>2022-10-10T18:45:00.464Z</time></trkpt><trkpt lat="51.08354833" lon="-115.3645"><ele>1317.0</ele><time>2022-10-10T18:45:01.464Z</time></trkpt><trkpt lat="51.083545" lon="-115.36449333"><ele>1317.0</ele><time>2022-10-10T18:45:02.465Z</time></trkpt><trkpt lat="51.083545" lon="-115.364485"><ele>1317.0</ele><time>2022-10-10T18:45:03.465Z</time></trkpt><trkpt lat="51.08353833" lon="-115.36447833"><ele>1317.0</ele><time>2022-10-10T18:45:04.465Z</time></trkpt><trkpt lat="51.08353167" lon="-115.36447333"><ele>1317.0</ele><time>2022-10-10T18:45:05.465Z</time></trkpt><trkpt lat="51.08353" lon="-115.36446833"><ele>1317.0</ele><time>2022-10-10T18:45:06.464Z</time></trkpt><trkpt lat="51.08353" lon="-115.36446167"><ele>1317.0</ele><time>2022-10-10T18:45:07.465Z</time></trkpt><trkpt lat="51.083535" lon="-115.364455"><ele>1317.0</ele><time>2022-10-10T18:45:08.465Z</time></trkpt><trkpt lat="51.083535" lon="-115.36445167"><ele>1316.0</ele><time>2022-10-10T18:45:09.465Z</time></trkpt><trkpt lat="51.083535" lon="-115.36444833"><ele>1316.0</ele><time>2022-10-10T18:45:10.465Z</time></trkpt><trkpt lat="51.08352833" lon="-115.36445167"><ele>1316.0</ele><time>2022-10-10T18:45:11.465Z</time></trkpt><trkpt lat="51.08352667" lon="-115.36445667"><ele>1315.0</ele><time>2022-10-10T18:45:12.465Z</time></trkpt><trkpt lat="51.08353" lon="-115.36446333"><ele>1315.0</ele><time>2022-10-10T18:45:13.465Z</time></trkpt><trkpt lat="51.083535" lon="-115.36446167"><ele>1315.0</ele><time>2022-10-10T18:45:14.465Z</time></trkpt><trkpt lat="51.08353333" lon="-115.36446167"><ele>1314.0</ele><time>2022-10-10T18:45:15.465Z</time></trkpt><trkpt lat="51.08353167" lon="-115.36446"><ele>1314.0</ele><time>2022-10-10T18:45:16.464Z</time></trkpt><trkpt lat="51.08352833" lon="-115.36445833"><ele>1314.0</ele><time>2022-10-10T18:45:17.464Z</time></trkpt><trkpt lat="51.08352667" lon="-115.364455"><ele>1314.0</ele><time>2022-10-10T18:45:18.465Z</time></trkpt><trkpt lat="51.083525" lon="-115.364455"><ele>1314.0</ele><time>2022-10-10T18:45:19.465Z</time></trkpt><trkpt lat="51.08352333" lon="-115.36445333"><ele>1314.0</ele><time>2022-10-10T18:45:20.465Z</time></trkpt><trkpt lat="51.08352667" lon="-115.36445167"><ele>1314.0</ele><time>2022-10-10T18:45:21.465Z</time></trkpt><trkpt lat="51.08352833" lon="-115.36445167"><ele>1314.0</ele><time>2022-10-10T18:45:22.464Z</time></trkpt><trkpt lat="51.08352833" lon="-115.36445333"><ele>1314.0</ele><time>2022-10-10T18:45:23.465Z</time></trkpt><trkpt lat="51.08353" lon="-115.36445333"><ele>1315.0</ele><time>2022-10-10T18:45:24.464Z</time></trkpt><trkpt lat="51.083535" lon="-115.36445167"><ele>1314.0</ele><time>2022-10-10T18:45:25.465Z</time></trkpt><trkpt lat="51.08353667" lon="-115.36445"><ele>1314.0</ele><time>2022-10-10T18:45:26.465Z</time></trkpt><trkpt lat="51.08352833" lon="-115.36445"><ele>1314.0</ele><time>2022-10-10T18:45:27.465Z</time></trkpt><trkpt lat="51.08352667" lon="-115.36444667"><ele>1314.0</ele><time>2022-10-10T18:45:28.465Z</time></trkpt><trkpt lat="51.08352667" lon="-115.36444667"><ele>1314.0</ele><time>2022-10-10T18:45:29.465Z</time></trkpt><trkpt lat="51.083525" lon="-115.36444333"><ele>1314.0</ele><time>2022-10-10T18:45:30.464Z</time></trkpt><trkpt lat="51.08352333" lon="-115.36444"><ele>1314.0</ele><time>2022-10-10T18:45:31.465Z</time></trkpt><trkpt lat="51.08352333" lon="-115.36444333"><ele>1314.0</ele><time>2022-10-10T18:45:32.465Z</time></trkpt><trkpt lat="51.08353" lon="-115.36444667"><ele>1314.0</ele><time>2022-10-10T18:45:33.464Z</time></trkpt><trkpt lat="51.08353" lon="-115.364435"><ele>1314.0</ele><time>2022-10-10T18:45:34.465Z</time></trkpt><trkpt lat="51.08353333" lon="-115.36442833"><ele>1314.0</ele><time>2022-10-10T18:45:35.465Z</time></trkpt><trkpt lat="51.083535" lon="-115.36441833"><ele>1314.0</ele><time>2022-10-10T18:45:36.464Z</time></trkpt><trkpt lat="51.08354" lon="-115.36440333"><ele>1314.0</ele><time>2022-10-10T18:45:37.465Z</time></trkpt><trkpt lat="51.08354167" lon="-115.36439667"><ele>1315.0</ele><time>2022-10-10T18:45:38.465Z</time></trkpt><trkpt lat="51.08354333" lon="-115.36439333"><ele>1315.0</ele><time>2022-10-10T18:45:39.465Z</time></trkpt><trkpt lat="51.08354333" lon="-115.364395"><ele>1315.0</ele><time>2022-10-10T18:45:40.465Z</time></trkpt><trkpt lat="51.08354167" lon="-115.36439667"><ele>1314.0</ele><time>2022-10-10T18:45:41.465Z</time></trkpt><trkpt lat="51.08354167" lon="-115.36439833"><ele>1314.0</ele><time>2022-10-10T18:45:42.465Z</time></trkpt><trkpt lat="51.08354167" lon="-115.36439833"><ele>1313.0</ele><time>2022-10-10T18:45:43.464Z</time></trkpt><trkpt lat="51.08354167" lon="-115.3644"><ele>1313.0</ele><time>2022-10-10T18:45:44.464Z</time></trkpt><trkpt lat="51.08354167" lon="-115.36440167"><ele>1313.0</ele><time>2022-10-10T18:45:45.465Z</time></trkpt><trkpt lat="51.08354167" lon="-115.36440167"><ele>1312.0</ele><time>2022-10-10T18:45:46.465Z</time></trkpt><trkpt lat="51.08354167" lon="-115.36440333"><ele>1312.0</ele><time>2022-10-10T18:45:47.465Z</time></trkpt><trkpt lat="51.08354167" lon="-115.36440667"><ele>1312.0</ele><time>2022-10-10T18:45:48.465Z</time></trkpt><trkpt lat="51.08354333" lon="-115.36440667"><ele>1312.0</ele><time>2022-10-10T18:45:49.465Z</time></trkpt><trkpt lat="51.083545" lon="-115.36440667"><ele>1312.0</ele><time>2022-10-10T18:45:50.465Z</time></trkpt><trkpt lat="51.083545" lon="-115.36440667"><ele>1312.0</ele><time>2022-10-10T18:45:51.465Z</time></trkpt><trkpt lat="51.08354667" lon="-115.36440667"><ele>1312.0</ele><time>2022-10-10T18:45:52.464Z</time></trkpt><trkpt lat="51.08354833" lon="-115.364405"><ele>1313.0</ele><time>2022-10-10T18:45:53.464Z</time></trkpt><trkpt lat="51.08354833" lon="-115.36440167"><ele>1313.0</ele><time>2022-10-10T18:45:54.464Z</time></trkpt><trkpt lat="51.083545" lon="-115.36440167"><ele>1314.0</ele><time>2022-10-10T18:45:55.464Z</time></trkpt><trkpt lat="51.08354833" lon="-115.3644"><ele>1314.0</ele><time>2022-10-10T18:45:56.464Z</time></trkpt><trkpt lat="51.08355333" lon="-115.36440333"><ele>1314.0</ele><time>2022-10-10T18:45:57.465Z</time></trkpt><trkpt lat="51.08355833" lon="-115.36440667"><ele>1314.0</ele><time>2022-10-10T18:45:58.464Z</time></trkpt><trkpt lat="51.08357" lon="-115.36441"><ele>1314.0</ele><time>2022-10-10T18:45:59.464Z</time></trkpt><trkpt lat="51.08357667" lon="-115.36441"><ele>1314.0</ele><time>2022-10-10T18:46:00.465Z</time></trkpt><trkpt lat="51.08358333" lon="-115.36440833"><ele>1314.0</ele><time>2022-10-10T18:46:01.465Z</time></trkpt><trkpt lat="51.08359167" lon="-115.36440333"><ele>1314.0</ele><time>2022-10-10T18:46:02.465Z</time></trkpt><trkpt lat="51.08359667" lon="-115.36440333"><ele>1314.0</ele><time>2022-10-10T18:46:03.465Z</time></trkpt><trkpt lat="51.0836" lon="-115.36440167"><ele>1315.0</ele><time>2022-10-10T18:46:04.464Z</time></trkpt><trkpt lat="51.08359833" lon="-115.36439833"><ele>1315.0</ele><time>2022-10-10T18:46:05.465Z</time></trkpt><trkpt lat="51.08359" lon="-115.36439667"><ele>1315.0</ele><time>2022-10-10T18:46:06.465Z</time></trkpt><trkpt lat="51.08358167" lon="-115.36440333"><ele>1315.0</ele><time>2022-10-10T18:46:07.465Z</time></trkpt><trkpt lat="51.083575" lon="-115.36440833"><ele>1315.0</ele><time>2022-10-10T18:46:08.465Z</time></trkpt><trkpt lat="51.08357333" lon="-115.36441167"><ele>1315.0</ele><time>2022-10-10T18:46:09.464Z</time></trkpt><trkpt lat="51.083575" lon="-115.364415"><ele>1315.0</ele><time>2022-10-10T18:46:10.464Z</time></trkpt><trkpt lat="51.08357167" lon="-115.36442"><ele>1315.0</ele><time>2022-10-10T18:46:11.464Z</time></trkpt><trkpt lat="51.08357167" lon="-115.36442333"><ele>1315.0</ele><time>2022-10-10T18:46:12.465Z</time></trkpt><trkpt lat="51.08357167" lon="-115.36442667"><ele>1315.0</ele><time>2022-10-10T18:46:13.464Z</time></trkpt><trkpt lat="51.08357333" lon="-115.36443"><ele>1315.0</ele><time>2022-10-10T18:46:14.465Z</time></trkpt><trkpt lat="51.08357833" lon="-115.36443333"><ele>1315.0</ele><time>2022-10-10T18:46:15.465Z</time></trkpt><trkpt lat="51.08358333" lon="-115.364435"><ele>1315.0</ele><time>2022-10-10T18:46:16.464Z</time></trkpt><trkpt lat="51.08358667" lon="-115.36443667"><ele>1315.0</ele><time>2022-10-10T18:46:17.464Z</time></trkpt><trkpt lat="51.08359" lon="-115.36443667"><ele>1315.0</ele><time>2022-10-10T18:46:18.464Z</time></trkpt><trkpt lat="51.08358833" lon="-115.36443833"><ele>1315.0</ele><time>2022-10-10T18:46:19.465Z</time></trkpt><trkpt lat="51.08358667" lon="-115.36443833"><ele>1315.0</ele><time>2022-10-10T18:46:20.465Z</time></trkpt><trkpt lat="51.08358667" lon="-115.364435"><ele>1316.0</ele><time>2022-10-10T18:46:21.465Z</time></trkpt><trkpt lat="51.08357667" lon="-115.36443333"><ele>1316.0</ele><time>2022-10-10T18:46:22.465Z</time></trkpt><trkpt lat="51.08357167" lon="-115.36443333"><ele>1316.0</ele><time>2022-10-10T18:46:23.464Z</time></trkpt><trkpt lat="51.083565" lon="-115.36443833"><ele>1316.0</ele><time>2022-10-10T18:46:24.465Z</time></trkpt><trkpt lat="51.08356" lon="-115.36444333"><ele>1317.0</ele><time>2022-10-10T18:46:25.465Z</time></trkpt><trkpt lat="51.08356333" lon="-115.36445167"><ele>1317.0</ele><time>2022-10-10T18:46:26.465Z</time></trkpt><trkpt lat="51.08356333" lon="-115.36446167"><ele>1317.0</ele><time>2022-10-10T18:46:27.465Z</time></trkpt><trkpt lat="51.08356167" lon="-115.36445667"><ele>1317.0</ele><time>2022-10-10T18:46:28.465Z</time></trkpt><trkpt lat="51.08355833" lon="-115.36445"><ele>1317.0</ele><time>2022-10-10T18:46:29.465Z</time></trkpt><trkpt lat="51.08356" lon="-115.36445167"><ele>1317.0</ele><time>2022-10-10T18:46:30.465Z</time></trkpt><trkpt lat="51.08356" lon="-115.36445167"><ele>1318.0</ele><time>2022-10-10T18:46:31.465Z</time></trkpt><trkpt lat="51.08355333" lon="-115.36446"><ele>1318.0</ele><time>2022-10-10T18:46:32.465Z</time></trkpt><trkpt lat="51.083555" lon="-115.36445833"><ele>1318.0</ele><time>2022-10-10T18:46:33.464Z</time></trkpt><trkpt lat="51.08354833" lon="-115.36446"><ele>1318.0</ele><time>2022-10-10T18:46:34.465Z</time></trkpt><trkpt lat="51.08355" lon="-115.36446833"><ele>1318.0</ele><time>2022-10-10T18:46:35.465Z</time></trkpt><trkpt lat="51.08355" lon="-115.36447667"><ele>1317.0</ele><time>2022-10-10T18:46:36.464Z</time></trkpt><trkpt lat="51.08355" lon="-115.36448667"><ele>1317.0</ele><time>2022-10-10T18:46:37.465Z</time></trkpt><trkpt lat="51.08354833" lon="-115.36448667"><ele>1316.0</ele><time>2022-10-10T18:46:38.465Z</time></trkpt><trkpt lat="51.08354333" lon="-115.36448167"><ele>1315.0</ele><time>2022-10-10T18:46:39.464Z</time></trkpt><trkpt lat="51.08354333" lon="-115.36446667"><ele>1315.0</ele><time>2022-10-10T18:46:40.464Z</time></trkpt><trkpt lat="51.08354333" lon="-115.36444667"><ele>1314.0</ele><time>2022-10-10T18:46:41.465Z</time></trkpt><trkpt lat="51.083545" lon="-115.364435"><ele>1314.0</ele><time>2022-10-10T18:46:42.465Z</time></trkpt><trkpt lat="51.08354167" lon="-115.36442833"><ele>1313.0</ele><time>2022-10-10T18:46:43.465Z</time></trkpt><trkpt lat="51.08354" lon="-115.364425"><ele>1313.0</ele><time>2022-10-10T18:46:44.465Z</time></trkpt><trkpt lat="51.08353833" lon="-115.36442"><ele>1313.0</ele><time>2022-10-10T18:46:45.464Z</time></trkpt><trkpt lat="51.08353667" lon="-115.36441833"><ele>1313.0</ele><time>2022-10-10T18:46:46.465Z</time></trkpt><trkpt lat="51.08353333" lon="-115.36441667"><ele>1312.0</ele><time>2022-10-10T18:46:47.465Z</time></trkpt><trkpt lat="51.08353167" lon="-115.364415"><ele>1312.0</ele><time>2022-10-10T18:46:48.465Z</time></trkpt><trkpt lat="51.08353167" lon="-115.36440833"><ele>1312.0</ele><time>2022-10-10T18:46:49.464Z</time></trkpt><trkpt lat="51.08353" lon="-115.36440667"><ele>1312.0</ele><time>2022-10-10T18:46:50.465Z</time></trkpt><trkpt lat="51.08353167" lon="-115.364405"><ele>1312.0</ele><time>2022-10-10T18:46:51.465Z</time></trkpt><trkpt lat="51.08353667" lon="-115.36440333"><ele>1312.0</ele><time>2022-10-10T18:46:52.465Z</time></trkpt><trkpt lat="51.08353667" lon="-115.3644"><ele>1312.0</ele><time>2022-10-10T18:46:53.464Z</time></trkpt><trkpt lat="51.083535" lon="-115.36439833"><ele>1312.0</ele><time>2022-10-10T18:46:54.464Z</time></trkpt><trkpt lat="51.08353" lon="-115.36440667"><ele>1312.0</ele><time>2022-10-10T18:46:55.465Z</time></trkpt><trkpt lat="51.08352667" lon="-115.36442667"><ele>1313.0</ele><time>2022-10-10T18:46:56.464Z</time></trkpt><trkpt lat="51.08352333" lon="-115.36444333"><ele>1314.0</ele><time>2022-10-10T18:46:57.465Z</time></trkpt><trkpt lat="51.08352333" lon="-115.364455"><ele>1314.0</ele><time>2022-10-10T18:46:58.465Z</time></trkpt><trkpt lat="51.08351833" lon="-115.36446167"><ele>1315.0</ele><time>2022-10-10T18:46:59.464Z</time></trkpt><trkpt lat="51.08352" lon="-115.36446"><ele>1315.0</ele><time>2022-10-10T18:47:00.464Z</time></trkpt><trkpt lat="51.08352" lon="-115.36446333"><ele>1315.0</ele><time>2022-10-10T18:47:01.465Z</time></trkpt><trkpt lat="51.08352" lon="-115.36447"><ele>1315.0</ele><time>2022-10-10T18:47:02.464Z</time></trkpt><trkpt lat="51.08352333" lon="-115.36447667"><ele>1315.0</ele><time>2022-10-10T18:47:03.465Z</time></trkpt><trkpt lat="51.08352833" lon="-115.36448333"><ele>1316.0</ele><time>2022-10-10T18:47:04.464Z</time></trkpt><trkpt lat="51.08353167" lon="-115.36448833"><ele>1316.0</ele><time>2022-10-10T18:47:05.464Z</time></trkpt><trkpt lat="51.08353833" lon="-115.36448667"><ele>1316.0</ele><time>2022-10-10T18:47:06.464Z</time></trkpt><trkpt lat="51.08354167" lon="-115.36448667"><ele>1316.0</ele><time>2022-10-10T18:47:07.465Z</time></trkpt><trkpt lat="51.08354" lon="-115.364495"><ele>1315.0</ele><time>2022-10-10T18:47:08.465Z</time></trkpt><trkpt lat="51.08353833" lon="-115.36450333"><ele>1315.0</ele><time>2022-10-10T18:47:09.464Z</time></trkpt><trkpt lat="51.08354" lon="-115.364505"><ele>1315.0</ele><time>2022-10-10T18:47:10.465Z</time></trkpt><trkpt lat="51.08353167" lon="-115.364505"><ele>1315.0</ele><time>2022-10-10T18:47:11.464Z</time></trkpt><trkpt lat="51.08352" lon="-115.36450667"><ele>1315.0</ele><time>2022-10-10T18:47:12.465Z</time></trkpt><trkpt lat="51.0835" lon="-115.36450333"><ele>1316.0</ele><time>2022-10-10T18:47:13.465Z</time></trkpt><trkpt lat="51.083485" lon="-115.36450667"><ele>1316.0</ele><time>2022-10-10T18:47:14.465Z</time></trkpt><trkpt lat="51.08347167" lon="-115.36451"><ele>1316.0</ele><time>2022-10-10T18:47:15.464Z</time></trkpt><trkpt lat="51.08345833" lon="-115.36450833"><ele>1316.0</ele><time>2022-10-10T18:47:16.464Z</time></trkpt><trkpt lat="51.08344833" lon="-115.364505"><ele>1316.0</ele><time>2022-10-10T18:47:17.464Z</time></trkpt><trkpt lat="51.08343" lon="-115.36449833"><ele>1317.0</ele><time>2022-10-10T18:47:18.465Z</time></trkpt><trkpt lat="51.08340667" lon="-115.36449833"><ele>1317.0</ele><time>2022-10-10T18:47:19.464Z</time></trkpt><trkpt lat="51.0834" lon="-115.364505"><ele>1317.0</ele><time>2022-10-10T18:47:20.464Z</time></trkpt><trkpt lat="51.08339" lon="-115.36450333"><ele>1317.0</ele><time>2022-10-10T18:47:21.464Z</time></trkpt><trkpt lat="51.08338167" lon="-115.36451167"><ele>1318.0</ele><time>2022-10-10T18:47:22.464Z</time></trkpt><trkpt lat="51.08337333" lon="-115.36451667"><ele>1318.0</ele><time>2022-10-10T18:47:23.465Z</time></trkpt><trkpt lat="51.083375" lon="-115.36452833"><ele>1318.0</ele><time>2022-10-10T18:47:24.464Z</time></trkpt><trkpt lat="51.08336667" lon="-115.36453"><ele>1318.0</ele><time>2022-10-10T18:47:25.465Z</time></trkpt><trkpt lat="51.08336333" lon="-115.364545"><ele>1318.0</ele><time>2022-10-10T18:47:26.464Z</time></trkpt><trkpt lat="51.08335167" lon="-115.364545"><ele>1318.0</ele><time>2022-10-10T18:47:27.464Z</time></trkpt><trkpt lat="51.08334" lon="-115.36454667"><ele>1318.0</ele><time>2022-10-10T18:47:28.464Z</time></trkpt><trkpt lat="51.08333" lon="-115.36454333"><ele>1318.0</ele><time>2022-10-10T18:47:29.464Z</time></trkpt><trkpt lat="51.08332333" lon="-115.36454333"><ele>1318.0</ele><time>2022-10-10T18:47:30.464Z</time></trkpt><trkpt lat="51.08332" lon="-115.36454667"><ele>1318.0</ele><time>2022-10-10T18:47:31.465Z</time></trkpt><trkpt lat="51.08332333" lon="-115.36455667"><ele>1318.0</ele><time>2022-10-10T18:47:32.465Z</time></trkpt><trkpt lat="51.08331667" lon="-115.36456833"><ele>1318.0</ele><time>2022-10-10T18:47:33.465Z</time></trkpt><trkpt lat="51.08330667" lon="-115.36457667"><ele>1318.0</ele><time>2022-10-10T18:47:34.464Z</time></trkpt><trkpt lat="51.08329833" lon="-115.36458333"><ele>1318.0</ele><time>2022-10-10T18:47:35.464Z</time></trkpt><trkpt lat="51.08329" lon="-115.36459"><ele>1318.0</ele><time>2022-10-10T18:47:36.464Z</time></trkpt><trkpt lat="51.08328333" lon="-115.36459167"><ele>1318.0</ele><time>2022-10-10T18:47:37.465Z</time></trkpt><trkpt lat="51.08328167" lon="-115.36459"><ele>1319.0</ele><time>2022-10-10T18:47:38.465Z</time></trkpt><trkpt lat="51.08327667" lon="-115.36459333"><ele>1319.0</ele><time>2022-10-10T18:47:39.464Z</time></trkpt><trkpt lat="51.08327" lon="-115.36459"><ele>1319.0</ele><time>2022-10-10T18:47:40.464Z</time></trkpt><trkpt lat="51.08325833" lon="-115.36459167"><ele>1320.0</ele><time>2022-10-10T18:47:41.464Z</time></trkpt><trkpt lat="51.08324167" lon="-115.36459333"><ele>1320.0</ele><time>2022-10-10T18:47:42.464Z</time></trkpt><trkpt lat="51.08323333" lon="-115.36459167"><ele>1320.0</ele><time>2022-10-10T18:47:43.464Z</time></trkpt><trkpt lat="51.083225" lon="-115.364595"><ele>1321.0</ele><time>2022-10-10T18:47:44.464Z</time></trkpt><trkpt lat="51.08321333" lon="-115.36460167"><ele>1320.0</ele><time>2022-10-10T18:47:45.464Z</time></trkpt><trkpt lat="51.083205" lon="-115.36460667"><ele>1320.0</ele><time>2022-10-10T18:47:46.464Z</time></trkpt><trkpt lat="51.083195" lon="-115.36461167"><ele>1320.0</ele><time>2022-10-10T18:47:47.465Z</time></trkpt><trkpt lat="51.08319" lon="-115.364615"><ele>1319.0</ele><time>2022-10-10T18:47:48.464Z</time></trkpt><trkpt lat="51.08318333" lon="-115.36461333"><ele>1319.0</ele><time>2022-10-10T18:47:49.464Z</time></trkpt><trkpt lat="51.083175" lon="-115.36461833"><ele>1319.0</ele><time>2022-10-10T18:47:50.464Z</time></trkpt><trkpt lat="51.083165" lon="-115.36461667"><ele>1319.0</ele><time>2022-10-10T18:47:51.464Z</time></trkpt><trkpt lat="51.083145" lon="-115.36461833"><ele>1319.0</ele><time>2022-10-10T18:47:52.464Z</time></trkpt><trkpt lat="51.08313333" lon="-115.364625"><ele>1318.0</ele><time>2022-10-10T18:47:53.465Z</time></trkpt><trkpt lat="51.08312333" lon="-115.36463"><ele>1318.0</ele><time>2022-10-10T18:47:54.464Z</time></trkpt><trkpt lat="51.08311167" lon="-115.36463"><ele>1318.0</ele><time>2022-10-10T18:47:55.464Z</time></trkpt><trkpt lat="51.083095" lon="-115.364635"><ele>1318.0</ele><time>2022-10-10T18:47:56.464Z</time></trkpt><trkpt lat="51.08307833" lon="-115.36464167"><ele>1318.0</ele><time>2022-10-10T18:47:57.464Z</time></trkpt><trkpt lat="51.08306667" lon="-115.36464"><ele>1318.0</ele><time>2022-10-10T18:47:58.464Z</time></trkpt><trkpt lat="51.08305333" lon="-115.36465167"><ele>1317.0</ele><time>2022-10-10T18:47:59.464Z</time></trkpt><trkpt lat="51.08304167" lon="-115.36466167"><ele>1317.0</ele><time>2022-10-10T18:48:00.464Z</time></trkpt><trkpt lat="51.08303167" lon="-115.36466833"><ele>1317.0</ele><time>2022-10-10T18:48:01.464Z</time></trkpt><trkpt lat="51.08302333" lon="-115.36467333"><ele>1317.0</ele><time>2022-10-10T18:48:02.465Z</time></trkpt><trkpt lat="51.08301667" lon="-115.36468"><ele>1317.0</ele><time>2022-10-10T18:48:03.464Z</time></trkpt><trkpt lat="51.08300667" lon="-115.36468333"><ele>1317.0</ele><time>2022-10-10T18:48:04.464Z</time></trkpt><trkpt lat="51.083" lon="-115.36468167"><ele>1317.0</ele><time>2022-10-10T18:48:05.465Z</time></trkpt><trkpt lat="51.08298833" lon="-115.36467667"><ele>1318.0</ele><time>2022-10-10T18:48:06.464Z</time></trkpt><trkpt lat="51.08297667" lon="-115.364675"><ele>1318.0</ele><time>2022-10-10T18:48:07.464Z</time></trkpt><trkpt lat="51.082965" lon="-115.36467333"><ele>1318.0</ele><time>2022-10-10T18:48:08.464Z</time></trkpt><trkpt lat="51.082955" lon="-115.36467333"><ele>1319.0</ele><time>2022-10-10T18:48:09.464Z</time></trkpt><trkpt lat="51.082935" lon="-115.364675"><ele>1319.0</ele><time>2022-10-10T18:48:10.465Z</time></trkpt><trkpt lat="51.08292333" lon="-115.36467667"><ele>1319.0</ele><time>2022-10-10T18:48:11.464Z</time></trkpt><trkpt lat="51.08291167" lon="-115.364675"><ele>1319.0</ele><time>2022-10-10T18:48:12.464Z</time></trkpt><trkpt lat="51.082895" lon="-115.36466833"><ele>1319.0</ele><time>2022-10-10T18:48:13.464Z</time></trkpt><trkpt lat="51.08288333" lon="-115.36467333"><ele>1319.0</ele><time>2022-10-10T18:48:14.464Z</time></trkpt><trkpt lat="51.08286667" lon="-115.36467167"><ele>1318.0</ele><time>2022-10-10T18:48:15.464Z</time></trkpt><trkpt lat="51.08285833" lon="-115.36467"><ele>1318.0</ele><time>2022-10-10T18:48:16.464Z</time></trkpt><trkpt lat="51.08284167" lon="-115.36467"><ele>1318.0</ele><time>2022-10-10T18:48:17.464Z</time></trkpt><trkpt lat="51.082835" lon="-115.36466667"><ele>1318.0</ele><time>2022-10-10T18:48:18.465Z</time></trkpt><trkpt lat="51.08282333" lon="-115.36466833"><ele>1318.0</ele><time>2022-10-10T18:48:19.464Z</time></trkpt><trkpt lat="51.082815" lon="-115.36467"><ele>1317.0</ele><time>2022-10-10T18:48:20.464Z</time></trkpt><trkpt lat="51.08280333" lon="-115.36467"><ele>1317.0</ele><time>2022-10-10T18:48:21.465Z</time></trkpt><trkpt lat="51.08279667" lon="-115.36467333"><ele>1317.0</ele><time>2022-10-10T18:48:22.465Z</time></trkpt><trkpt lat="51.082785" lon="-115.364675"><ele>1317.0</ele><time>2022-10-10T18:48:23.465Z</time></trkpt><trkpt lat="51.08277333" lon="-115.36467333"><ele>1317.0</ele><time>2022-10-10T18:48:24.465Z</time></trkpt><trkpt lat="51.08276333" lon="-115.36467333"><ele>1317.0</ele><time>2022-10-10T18:48:25.464Z</time></trkpt><trkpt lat="51.08275333" lon="-115.36467333"><ele>1317.0</ele><time>2022-10-10T18:48:26.465Z</time></trkpt><trkpt lat="51.08274333" lon="-115.364675"><ele>1316.0</ele><time>2022-10-10T18:48:27.465Z</time></trkpt><trkpt lat="51.082735" lon="-115.36467667"><ele>1316.0</ele><time>2022-10-10T18:48:28.465Z</time></trkpt><trkpt lat="51.08272667" lon="-115.36467667"><ele>1316.0</ele><time>2022-10-10T18:48:29.464Z</time></trkpt><trkpt lat="51.082715" lon="-115.364675"><ele>1316.0</ele><time>2022-10-10T18:48:30.465Z</time></trkpt><trkpt lat="51.082705" lon="-115.36467333"><ele>1316.0</ele><time>2022-10-10T18:48:31.465Z</time></trkpt><trkpt lat="51.082695" lon="-115.36467333"><ele>1316.0</ele><time>2022-10-10T18:48:32.465Z</time></trkpt><trkpt lat="51.08268833" lon="-115.36467333"><ele>1316.0</ele><time>2022-10-10T18:48:33.465Z</time></trkpt><trkpt lat="51.082675" lon="-115.364675"><ele>1316.0</ele><time>2022-10-10T18:48:34.464Z</time></trkpt><trkpt lat="51.08266333" lon="-115.364675"><ele>1316.0</ele><time>2022-10-10T18:48:35.465Z</time></trkpt><trkpt lat="51.082655" lon="-115.36467333"><ele>1316.0</ele><time>2022-10-10T18:48:36.465Z</time></trkpt><trkpt lat="51.08264833" lon="-115.36467333"><ele>1316.0</ele><time>2022-10-10T18:48:37.465Z</time></trkpt><trkpt lat="51.08264" lon="-115.36467"><ele>1317.0</ele><time>2022-10-10T18:48:38.465Z</time></trkpt><trkpt lat="51.08262833" lon="-115.36466833"><ele>1317.0</ele><time>2022-10-10T18:48:39.465Z</time></trkpt><trkpt lat="51.08261667" lon="-115.36466667"><ele>1316.0</ele><time>2022-10-10T18:48:40.465Z</time></trkpt><trkpt lat="51.08260667" lon="-115.364665"><ele>1316.0</ele><time>2022-10-10T18:48:41.465Z</time></trkpt><trkpt lat="51.08259667" lon="-115.36466167"><ele>1317.0</ele><time>2022-10-10T18:48:42.464Z</time></trkpt><trkpt lat="51.08258833" lon="-115.36466167"><ele>1317.0</ele><time>2022-10-10T18:48:43.465Z</time></trkpt><trkpt lat="51.08257833" lon="-115.36466"><ele>1317.0</ele><time>2022-10-10T18:48:44.465Z</time></trkpt><trkpt lat="51.08256833" lon="-115.36465667"><ele>1317.0</ele><time>2022-10-10T18:48:45.465Z</time></trkpt><trkpt lat="51.08256" lon="-115.36465333"><ele>1317.0</ele><time>2022-10-10T18:48:46.465Z</time></trkpt><trkpt lat="51.08255" lon="-115.36464833"><ele>1317.0</ele><time>2022-10-10T18:48:47.464Z</time></trkpt><trkpt lat="51.08253833" lon="-115.36464333"><ele>1317.0</ele><time>2022-10-10T18:48:48.465Z</time></trkpt><trkpt lat="51.08252667" lon="-115.36464"><ele>1318.0</ele><time>2022-10-10T18:48:49.465Z</time></trkpt><trkpt lat="51.08251833" lon="-115.36463167"><ele>1318.0</ele><time>2022-10-10T18:48:50.465Z</time></trkpt><trkpt lat="51.08250667" lon="-115.36462667"><ele>1318.0</ele><time>2022-10-10T18:48:51.465Z</time></trkpt><trkpt lat="51.082495" lon="-115.36462167"><ele>1318.0</ele><time>2022-10-10T18:48:52.464Z</time></trkpt><trkpt lat="51.08248667" lon="-115.36461833"><ele>1318.0</ele><time>2022-10-10T18:48:53.465Z</time></trkpt><trkpt lat="51.08247333" lon="-115.364615"><ele>1317.0</ele><time>2022-10-10T18:48:54.464Z</time></trkpt><trkpt lat="51.08246167" lon="-115.36461333"><ele>1317.0</ele><time>2022-10-10T18:48:55.465Z</time></trkpt><trkpt lat="51.08245167" lon="-115.36461"><ele>1317.0</ele><time>2022-10-10T18:48:56.464Z</time></trkpt><trkpt lat="51.08244333" lon="-115.36460167"><ele>1317.0</ele><time>2022-10-10T18:48:57.464Z</time></trkpt><trkpt lat="51.08243667" lon="-115.36459"><ele>1318.0</ele><time>2022-10-10T18:48:58.464Z</time></trkpt><trkpt lat="51.08242167" lon="-115.36458667"><ele>1318.0</ele><time>2022-10-10T18:48:59.464Z</time></trkpt><trkpt lat="51.08241" lon="-115.36458667"><ele>1318.0</ele><time>2022-10-10T18:49:00.464Z</time></trkpt><trkpt lat="51.08240167" lon="-115.36459"><ele>1318.0</ele><time>2022-10-10T18:49:01.465Z</time></trkpt><trkpt lat="51.08239167" lon="-115.36460333"><ele>1318.0</ele><time>2022-10-10T18:49:02.464Z</time></trkpt><trkpt lat="51.082385" lon="-115.36461167"><ele>1318.0</ele><time>2022-10-10T18:49:03.465Z</time></trkpt><trkpt lat="51.08237833" lon="-115.36462667"><ele>1318.0</ele><time>2022-10-10T18:49:04.465Z</time></trkpt><trkpt lat="51.08237333" lon="-115.36464167"><ele>1319.0</ele><time>2022-10-10T18:49:05.465Z</time></trkpt><trkpt lat="51.08236667" lon="-115.364655"><ele>1319.0</ele><time>2022-10-10T18:49:06.465Z</time></trkpt><trkpt lat="51.08235833" lon="-115.36466667"><ele>1319.0</ele><time>2022-10-10T18:49:07.464Z</time></trkpt><trkpt lat="51.08235167" lon="-115.36468"><ele>1319.0</ele><time>2022-10-10T18:49:08.465Z</time></trkpt><trkpt lat="51.08234333" lon="-115.364695"><ele>1319.0</ele><time>2022-10-10T18:49:09.465Z</time></trkpt><trkpt lat="51.08233833" lon="-115.36470333"><ele>1318.0</ele><time>2022-10-10T18:49:10.465Z</time></trkpt><trkpt lat="51.08233" lon="-115.36471667"><ele>1317.0</ele><time>2022-10-10T18:49:11.464Z</time></trkpt><trkpt lat="51.08231667" lon="-115.36473"><ele>1317.0</ele><time>2022-10-10T18:49:12.464Z</time></trkpt><trkpt lat="51.08230667" lon="-115.36474333"><ele>1317.0</ele><time>2022-10-10T18:49:13.465Z</time></trkpt><trkpt lat="51.08229833" lon="-115.36474833"><ele>1317.0</ele><time>2022-10-10T18:49:14.465Z</time></trkpt><trkpt lat="51.08229" lon="-115.36474667"><ele>1317.0</ele><time>2022-10-10T18:49:15.465Z</time></trkpt><trkpt lat="51.08227833" lon="-115.36474167"><ele>1317.0</ele><time>2022-10-10T18:49:16.464Z</time></trkpt><trkpt lat="51.08227333" lon="-115.36473167"><ele>1317.0</ele><time>2022-10-10T18:49:17.465Z</time></trkpt><trkpt lat="51.082265" lon="-115.364725"><ele>1317.0</ele><time>2022-10-10T18:49:18.465Z</time></trkpt><trkpt lat="51.08226167" lon="-115.364715"><ele>1316.0</ele><time>2022-10-10T18:49:19.465Z</time></trkpt><trkpt lat="51.08225167" lon="-115.36470833"><ele>1316.0</ele><time>2022-10-10T18:49:20.464Z</time></trkpt><trkpt lat="51.08224667" lon="-115.36469833"><ele>1316.0</ele><time>2022-10-10T18:49:21.465Z</time></trkpt><trkpt lat="51.08224" lon="-115.36469167"><ele>1317.0</ele><time>2022-10-10T18:49:22.465Z</time></trkpt><trkpt lat="51.08222833" lon="-115.36468333"><ele>1317.0</ele><time>2022-10-10T18:49:23.465Z</time></trkpt><trkpt lat="51.082215" lon="-115.36467667"><ele>1317.0</ele><time>2022-10-10T18:49:24.465Z</time></trkpt><trkpt lat="51.08221" lon="-115.364655"><ele>1316.0</ele><time>2022-10-10T18:49:25.464Z</time></trkpt><trkpt lat="51.082205" lon="-115.36464"><ele>1316.0</ele><time>2022-10-10T18:49:26.465Z</time></trkpt><trkpt lat="51.08219833" lon="-115.36462667"><ele>1316.0</ele><time>2022-10-10T18:49:27.465Z</time></trkpt><trkpt lat="51.08218667" lon="-115.36461333"><ele>1316.0</ele><time>2022-10-10T18:49:28.465Z</time></trkpt><trkpt lat="51.082175" lon="-115.36460667"><ele>1316.0</ele><time>2022-10-10T18:49:29.465Z</time></trkpt><trkpt lat="51.08216" lon="-115.36460167"><ele>1317.0</ele><time>2022-10-10T18:49:30.464Z</time></trkpt><trkpt lat="51.082155" lon="-115.364595"><ele>1317.0</ele><time>2022-10-10T18:49:31.465Z</time></trkpt><trkpt lat="51.08214167" lon="-115.364585"><ele>1317.0</ele><time>2022-10-10T18:49:32.465Z</time></trkpt><trkpt lat="51.08213" lon="-115.364575"><ele>1317.0</ele><time>2022-10-10T18:49:33.465Z</time></trkpt><trkpt lat="51.08212" lon="-115.36455833"><ele>1317.0</ele><time>2022-10-10T18:49:34.464Z</time></trkpt><trkpt lat="51.08211333" lon="-115.36454"><ele>1317.0</ele><time>2022-10-10T18:49:35.465Z</time></trkpt><trkpt lat="51.08210833" lon="-115.36452667"><ele>1317.0</ele><time>2022-10-10T18:49:36.465Z</time></trkpt><trkpt lat="51.08210333" lon="-115.36451667"><ele>1316.0</ele><time>2022-10-10T18:49:37.465Z</time></trkpt><trkpt lat="51.08209333" lon="-115.36451167"><ele>1316.0</ele><time>2022-10-10T18:49:38.465Z</time></trkpt><trkpt lat="51.082085" lon="-115.36451167"><ele>1316.0</ele><time>2022-10-10T18:49:39.464Z</time></trkpt><trkpt lat="51.08208" lon="-115.364515"><ele>1316.0</ele><time>2022-10-10T18:49:40.465Z</time></trkpt><trkpt lat="51.08207167" lon="-115.36451"><ele>1316.0</ele><time>2022-10-10T18:49:41.465Z</time></trkpt><trkpt lat="51.082065" lon="-115.364505"><ele>1316.0</ele><time>2022-10-10T18:49:42.465Z</time></trkpt><trkpt lat="51.08205833" lon="-115.3645"><ele>1316.0</ele><time>2022-10-10T18:49:43.464Z</time></trkpt><trkpt lat="51.08205167" lon="-115.364495"><ele>1316.0</ele><time>2022-10-10T18:49:44.464Z</time></trkpt><trkpt lat="51.08204667" lon="-115.36449167"><ele>1317.0</ele><time>2022-10-10T18:49:45.464Z</time></trkpt><trkpt lat="51.08204167" lon="-115.36449"><ele>1317.0</ele><time>2022-10-10T18:49:46.465Z</time></trkpt><trkpt lat="51.08203833" lon="-115.364485"><ele>1317.0</ele><time>2022-10-10T18:49:47.465Z</time></trkpt><trkpt lat="51.082035" lon="-115.36447667"><ele>1317.0</ele><time>2022-10-10T18:49:48.464Z</time></trkpt><trkpt lat="51.08203333" lon="-115.36447167"><ele>1317.0</ele><time>2022-10-10T18:49:49.465Z</time></trkpt><trkpt lat="51.08203167" lon="-115.36446333"><ele>1317.0</ele><time>2022-10-10T18:49:50.465Z</time></trkpt><trkpt lat="51.082025" lon="-115.36445667"><ele>1317.0</ele><time>2022-10-10T18:49:51.465Z</time></trkpt><trkpt lat="51.08201" lon="-115.36445"><ele>1317.0</ele><time>2022-10-10T18:49:52.464Z</time></trkpt><trkpt lat="51.08200167" lon="-115.36444333"><ele>1317.0</ele><time>2022-10-10T18:49:53.464Z</time></trkpt><trkpt lat="51.08199" lon="-115.36444"><ele>1317.0</ele><time>2022-10-10T18:49:54.465Z</time></trkpt><trkpt lat="51.08198167" lon="-115.36443667"><ele>1317.0</ele><time>2022-10-10T18:49:55.465Z</time></trkpt><trkpt lat="51.08196833" lon="-115.364435"><ele>1316.0</ele><time>2022-10-10T18:49:56.465Z</time></trkpt><trkpt lat="51.08195667" lon="-115.36443167"><ele>1316.0</ele><time>2022-10-10T18:49:57.464Z</time></trkpt><trkpt lat="51.08194167" lon="-115.36443167"><ele>1316.0</ele><time>2022-10-10T18:49:58.465Z</time></trkpt><trkpt lat="51.08193" lon="-115.36442667"><ele>1316.0</ele><time>2022-10-10T18:49:59.465Z</time></trkpt><trkpt lat="51.08191667" lon="-115.36442333"><ele>1316.0</ele><time>2022-10-10T18:50:00.465Z</time></trkpt><trkpt lat="51.08190333" lon="-115.36441667"><ele>1316.0</ele><time>2022-10-10T18:50:01.465Z</time></trkpt><trkpt lat="51.08189667" lon="-115.36441"><ele>1316.0</ele><time>2022-10-10T18:50:02.464Z</time></trkpt><trkpt lat="51.08188833" lon="-115.364405"><ele>1316.0</ele><time>2022-10-10T18:50:03.465Z</time></trkpt><trkpt lat="51.08188" lon="-115.364405"><ele>1316.0</ele><time>2022-10-10T18:50:04.465Z</time></trkpt><trkpt lat="51.08186833" lon="-115.364405"><ele>1316.0</ele><time>2022-10-10T18:50:05.465Z</time></trkpt><trkpt lat="51.08185833" lon="-115.36441"><ele>1316.0</ele><time>2022-10-10T18:50:06.464Z</time></trkpt><trkpt lat="51.08184833" lon="-115.36440667"><ele>1316.0</ele><time>2022-10-10T18:50:07.465Z</time></trkpt><trkpt lat="51.08184" lon="-115.36440167"><ele>1316.0</ele><time>2022-10-10T18:50:08.465Z</time></trkpt><trkpt lat="51.08183167" lon="-115.36439833"><ele>1316.0</ele><time>2022-10-10T18:50:09.465Z</time></trkpt><trkpt lat="51.08182" lon="-115.36439667"><ele>1316.0</ele><time>2022-10-10T18:50:10.465Z</time></trkpt><trkpt lat="51.08180833" lon="-115.364395"><ele>1316.0</ele><time>2022-10-10T18:50:11.464Z</time></trkpt><trkpt lat="51.08179833" lon="-115.36439167"><ele>1316.0</ele><time>2022-10-10T18:50:12.465Z</time></trkpt><trkpt lat="51.08178667" lon="-115.36439167"><ele>1316.0</ele><time>2022-10-10T18:50:13.465Z</time></trkpt><trkpt lat="51.08177333" lon="-115.36439167"><ele>1316.0</ele><time>2022-10-10T18:50:14.465Z</time></trkpt><trkpt lat="51.08176" lon="-115.36438667"><ele>1316.0</ele><time>2022-10-10T18:50:15.464Z</time></trkpt><trkpt lat="51.08175167" lon="-115.364375"><ele>1316.0</ele><time>2022-10-10T18:50:16.465Z</time></trkpt><trkpt lat="51.081745" lon="-115.36435667"><ele>1317.0</ele><time>2022-10-10T18:50:17.465Z</time></trkpt><trkpt lat="51.08174167" lon="-115.36434333"><ele>1317.0</ele><time>2022-10-10T18:50:18.465Z</time></trkpt><trkpt lat="51.08173667" lon="-115.36432833"><ele>1317.0</ele><time>2022-10-10T18:50:19.465Z</time></trkpt><trkpt lat="51.081735" lon="-115.36432333"><ele>1317.0</ele><time>2022-10-10T18:50:20.465Z</time></trkpt><trkpt lat="51.08174" lon="-115.36431833"><ele>1318.0</ele><time>2022-10-10T18:50:21.465Z</time></trkpt><trkpt lat="51.08174333" lon="-115.36431667"><ele>1318.0</ele><time>2022-10-10T18:50:22.465Z</time></trkpt><trkpt lat="51.08174667" lon="-115.36431833"><ele>1319.0</ele><time>2022-10-10T18:50:23.464Z</time></trkpt><trkpt lat="51.08173667" lon="-115.36433167"><ele>1319.0</ele><time>2022-10-10T18:50:24.465Z</time></trkpt><trkpt lat="51.08173" lon="-115.36434333"><ele>1320.0</ele><time>2022-10-10T18:50:25.465Z</time></trkpt><trkpt lat="51.08172667" lon="-115.36435"><ele>1320.0</ele><time>2022-10-10T18:50:26.465Z</time></trkpt><trkpt lat="51.08172333" lon="-115.36434333"><ele>1319.0</ele><time>2022-10-10T18:50:27.465Z</time></trkpt><trkpt lat="51.08172333" lon="-115.36434"><ele>1319.0</ele><time>2022-10-10T18:50:28.465Z</time></trkpt><trkpt lat="51.081725" lon="-115.36433333"><ele>1319.0</ele><time>2022-10-10T18:50:29.465Z</time></trkpt><trkpt lat="51.081725" lon="-115.36433"><ele>1319.0</ele><time>2022-10-10T18:50:30.465Z</time></trkpt><trkpt lat="51.08172167" lon="-115.36432667"><ele>1319.0</ele><time>2022-10-10T18:50:31.464Z</time></trkpt><trkpt lat="51.08171667" lon="-115.36432667"><ele>1319.0</ele><time>2022-10-10T18:50:32.464Z</time></trkpt><trkpt lat="51.08171167" lon="-115.36432333"><ele>1319.0</ele><time>2022-10-10T18:50:33.464Z</time></trkpt><trkpt lat="51.08170833" lon="-115.36432333"><ele>1319.0</ele><time>2022-10-10T18:50:34.464Z</time></trkpt><trkpt lat="51.08170333" lon="-115.36432"><ele>1319.0</ele><time>2022-10-10T18:50:35.464Z</time></trkpt><trkpt lat="51.08169833" lon="-115.36432"><ele>1319.0</ele><time>2022-10-10T18:50:36.465Z</time></trkpt><trkpt lat="51.08169167" lon="-115.36431667"><ele>1319.0</ele><time>2022-10-10T18:50:37.464Z</time></trkpt><trkpt lat="51.08168167" lon="-115.36431167"><ele>1320.0</ele><time>2022-10-10T18:50:38.465Z</time></trkpt><trkpt lat="51.08167167" lon="-115.36430667"><ele>1320.0</ele><time>2022-10-10T18:50:39.465Z</time></trkpt><trkpt lat="51.08166" lon="-115.36429667"><ele>1320.0</ele><time>2022-10-10T18:50:40.465Z</time></trkpt><trkpt lat="51.08165" lon="-115.36429"><ele>1319.0</ele><time>2022-10-10T18:50:41.465Z</time></trkpt><trkpt lat="51.081645" lon="-115.36428333"><ele>1319.0</ele><time>2022-10-10T18:50:42.465Z</time></trkpt><trkpt lat="51.08163667" lon="-115.364275"><ele>1319.0</ele><time>2022-10-10T18:50:43.465Z</time></trkpt><trkpt lat="51.08162333" lon="-115.36427167"><ele>1319.0</ele><time>2022-10-10T18:50:44.464Z</time></trkpt><trkpt lat="51.08161667" lon="-115.36427167"><ele>1318.0</ele><time>2022-10-10T18:50:45.464Z</time></trkpt><trkpt lat="51.08161167" lon="-115.36427333"><ele>1317.0</ele><time>2022-10-10T18:50:46.465Z</time></trkpt><trkpt lat="51.08160833" lon="-115.364275"><ele>1317.0</ele><time>2022-10-10T18:50:47.465Z</time></trkpt><trkpt lat="51.08160667" lon="-115.36427667"><ele>1316.0</ele><time>2022-10-10T18:50:48.464Z</time></trkpt><trkpt lat="51.08160167" lon="-115.364275"><ele>1316.0</ele><time>2022-10-10T18:50:49.464Z</time></trkpt><trkpt lat="51.08159333" lon="-115.36427"><ele>1316.0</ele><time>2022-10-10T18:50:50.464Z</time></trkpt><trkpt lat="51.08158667" lon="-115.364265"><ele>1316.0</ele><time>2022-10-10T18:50:51.465Z</time></trkpt><trkpt lat="51.08158" lon="-115.36426167"><ele>1316.0</ele><time>2022-10-10T18:50:52.465Z</time></trkpt><trkpt lat="51.08157" lon="-115.36425667"><ele>1316.0</ele><time>2022-10-10T18:50:53.465Z</time></trkpt><trkpt lat="51.08156167" lon="-115.364255"><ele>1316.0</ele><time>2022-10-10T18:50:54.465Z</time></trkpt><trkpt lat="51.08155333" lon="-115.36425333"><ele>1316.0</ele><time>2022-10-10T18:50:55.465Z</time></trkpt><trkpt lat="51.08154667" lon="-115.36424833"><ele>1316.0</ele><time>2022-10-10T18:50:56.465Z</time></trkpt><trkpt lat="51.08154" lon="-115.36424667"><ele>1316.0</ele><time>2022-10-10T18:50:57.464Z</time></trkpt><trkpt lat="51.08153" lon="-115.364245"><ele>1316.0</ele><time>2022-10-10T18:50:58.465Z</time></trkpt><trkpt lat="51.08152" lon="-115.36424333"><ele>1316.0</ele><time>2022-10-10T18:50:59.465Z</time></trkpt><trkpt lat="51.08151" lon="-115.364245"><ele>1316.0</ele><time>2022-10-10T18:51:00.465Z</time></trkpt><trkpt lat="51.081505" lon="-115.36423833"><ele>1317.0</ele><time>2022-10-10T18:51:01.465Z</time></trkpt><trkpt lat="51.08149333" lon="-115.36423667"><ele>1317.0</ele><time>2022-10-10T18:51:02.465Z</time></trkpt><trkpt lat="51.08147667" lon="-115.36422667"><ele>1317.0</ele><time>2022-10-10T18:51:03.464Z</time></trkpt><trkpt lat="51.08146333" lon="-115.36422"><ele>1317.0</ele><time>2022-10-10T18:51:04.465Z</time></trkpt><trkpt lat="51.08145333" lon="-115.36421167"><ele>1317.0</ele><time>2022-10-10T18:51:05.465Z</time></trkpt><trkpt lat="51.08145167" lon="-115.36420167"><ele>1317.0</ele><time>2022-10-10T18:51:06.464Z</time></trkpt><trkpt lat="51.08144333" lon="-115.36419333"><ele>1317.0</ele><time>2022-10-10T18:51:07.464Z</time></trkpt><trkpt lat="51.08143167" lon="-115.36419333"><ele>1318.0</ele><time>2022-10-10T18:51:08.464Z</time></trkpt><trkpt lat="51.08142" lon="-115.36418833"><ele>1318.0</ele><time>2022-10-10T18:51:09.464Z</time></trkpt><trkpt lat="51.08140833" lon="-115.36419"><ele>1318.0</ele><time>2022-10-10T18:51:10.465Z</time></trkpt><trkpt lat="51.08139833" lon="-115.36419"><ele>1319.0</ele><time>2022-10-10T18:51:11.465Z</time></trkpt><trkpt lat="51.081385" lon="-115.36418833"><ele>1319.0</ele><time>2022-10-10T18:51:12.464Z</time></trkpt><trkpt lat="51.08137333" lon="-115.364185"><ele>1319.0</ele><time>2022-10-10T18:51:13.465Z</time></trkpt><trkpt lat="51.08136" lon="-115.36418167"><ele>1319.0</ele><time>2022-10-10T18:51:14.465Z</time></trkpt><trkpt lat="51.08134333" lon="-115.36418167"><ele>1319.0</ele><time>2022-10-10T18:51:15.465Z</time></trkpt><trkpt lat="51.08132833" lon="-115.36418167"><ele>1319.0</ele><time>2022-10-10T18:51:16.465Z</time></trkpt><trkpt lat="51.081315" lon="-115.36417833"><ele>1319.0</ele><time>2022-10-10T18:51:17.464Z</time></trkpt><trkpt lat="51.0813" lon="-115.36417833"><ele>1319.0</ele><time>2022-10-10T18:51:18.465Z</time></trkpt><trkpt lat="51.081285" lon="-115.36417"><ele>1319.0</ele><time>2022-10-10T18:51:19.465Z</time></trkpt><trkpt lat="51.08128" lon="-115.36415833"><ele>1320.0</ele><time>2022-10-10T18:51:20.464Z</time></trkpt><trkpt lat="51.08127167" lon="-115.36416"><ele>1320.0</ele><time>2022-10-10T18:51:21.464Z</time></trkpt><trkpt lat="51.08126333" lon="-115.36415167"><ele>1320.0</ele><time>2022-10-10T18:51:22.465Z</time></trkpt><trkpt lat="51.081255" lon="-115.36414833"><ele>1321.0</ele><time>2022-10-10T18:51:23.465Z</time></trkpt><trkpt lat="51.08125333" lon="-115.36414"><ele>1321.0</ele><time>2022-10-10T18:51:24.465Z</time></trkpt><trkpt lat="51.081245" lon="-115.36414333"><ele>1322.0</ele><time>2022-10-10T18:51:25.464Z</time></trkpt><trkpt lat="51.08123167" lon="-115.36414167"><ele>1322.0</ele><time>2022-10-10T18:51:26.464Z</time></trkpt><trkpt lat="51.08121833" lon="-115.36414167"><ele>1322.0</ele><time>2022-10-10T18:51:27.465Z</time></trkpt><trkpt lat="51.08120167" lon="-115.36414333"><ele>1322.0</ele><time>2022-10-10T18:51:28.465Z</time></trkpt><trkpt lat="51.08118833" lon="-115.364145"><ele>1323.0</ele><time>2022-10-10T18:51:29.465Z</time></trkpt><trkpt lat="51.08116833" lon="-115.36414667"><ele>1322.0</ele><time>2022-10-10T18:51:30.465Z</time></trkpt><trkpt lat="51.08115333" lon="-115.36414833"><ele>1322.0</ele><time>2022-10-10T18:51:31.464Z</time></trkpt><trkpt lat="51.08114" lon="-115.36414667"><ele>1322.0</ele><time>2022-10-10T18:51:32.465Z</time></trkpt><trkpt lat="51.08112667" lon="-115.36414667"><ele>1322.0</ele><time>2022-10-10T18:51:33.465Z</time></trkpt><trkpt lat="51.081115" lon="-115.36414167"><ele>1321.0</ele><time>2022-10-10T18:51:34.465Z</time></trkpt><trkpt lat="51.0811" lon="-115.36413667"><ele>1321.0</ele><time>2022-10-10T18:51:35.465Z</time></trkpt><trkpt lat="51.08108833" lon="-115.36413"><ele>1321.0</ele><time>2022-10-10T18:51:36.464Z</time></trkpt><trkpt lat="51.08107667" lon="-115.36412667"><ele>1320.0</ele><time>2022-10-10T18:51:37.465Z</time></trkpt><trkpt lat="51.081065" lon="-115.36411833"><ele>1319.0</ele><time>2022-10-10T18:51:38.465Z</time></trkpt><trkpt lat="51.08105667" lon="-115.36411167"><ele>1319.0</ele><time>2022-10-10T18:51:39.465Z</time></trkpt><trkpt lat="51.08105" lon="-115.36410667"><ele>1318.0</ele><time>2022-10-10T18:51:40.465Z</time></trkpt><trkpt lat="51.08103833" lon="-115.36409833"><ele>1318.0</ele><time>2022-10-10T18:51:41.465Z</time></trkpt><trkpt lat="51.08102833" lon="-115.36409167"><ele>1317.0</ele><time>2022-10-10T18:51:42.464Z</time></trkpt><trkpt lat="51.08101833" lon="-115.364085"><ele>1317.0</ele><time>2022-10-10T18:51:43.465Z</time></trkpt><trkpt lat="51.08100667" lon="-115.36407833"><ele>1316.0</ele><time>2022-10-10T18:51:44.465Z</time></trkpt><trkpt lat="51.08099833" lon="-115.36407167"><ele>1316.0</ele><time>2022-10-10T18:51:45.465Z</time></trkpt><trkpt lat="51.08099" lon="-115.36407"><ele>1317.0</ele><time>2022-10-10T18:51:46.465Z</time></trkpt><trkpt lat="51.08098" lon="-115.36406667"><ele>1317.0</ele><time>2022-10-10T18:51:47.465Z</time></trkpt><trkpt lat="51.08097167" lon="-115.36406333"><ele>1317.0</ele><time>2022-10-10T18:51:48.464Z</time></trkpt><trkpt lat="51.080965" lon="-115.36406"><ele>1318.0</ele><time>2022-10-10T18:51:49.464Z</time></trkpt><trkpt lat="51.08094833" lon="-115.36405667"><ele>1318.0</ele><time>2022-10-10T18:51:50.464Z</time></trkpt><trkpt lat="51.08093333" lon="-115.364055"><ele>1319.0</ele><time>2022-10-10T18:51:51.465Z</time></trkpt><trkpt lat="51.080915" lon="-115.36405333"><ele>1319.0</ele><time>2022-10-10T18:51:52.465Z</time></trkpt><trkpt lat="51.0809" lon="-115.36405333"><ele>1319.0</ele><time>2022-10-10T18:51:53.465Z</time></trkpt><trkpt lat="51.08088667" lon="-115.36405667"><ele>1319.0</ele><time>2022-10-10T18:51:54.465Z</time></trkpt><trkpt lat="51.08087167" lon="-115.364055"><ele>1319.0</ele><time>2022-10-10T18:51:55.465Z</time></trkpt><trkpt lat="51.08086167" lon="-115.36405333"><ele>1319.0</ele><time>2022-10-10T18:51:56.464Z</time></trkpt><trkpt lat="51.08085333" lon="-115.36405667"><ele>1319.0</ele><time>2022-10-10T18:51:57.464Z</time></trkpt><trkpt lat="51.08084167" lon="-115.364065"><ele>1320.0</ele><time>2022-10-10T18:51:58.465Z</time></trkpt><trkpt lat="51.08082833" lon="-115.36407167"><ele>1320.0</ele><time>2022-10-10T18:51:59.465Z</time></trkpt><trkpt lat="51.08081167" lon="-115.36407667"><ele>1321.0</ele><time>2022-10-10T18:52:00.465Z</time></trkpt><trkpt lat="51.0808" lon="-115.36407833"><ele>1321.0</ele><time>2022-10-10T18:52:01.464Z</time></trkpt><trkpt lat="51.08079167" lon="-115.36407833"><ele>1322.0</ele><time>2022-10-10T18:52:02.465Z</time></trkpt><trkpt lat="51.08078667" lon="-115.36407833"><ele>1322.0</ele><time>2022-10-10T18:52:03.465Z</time></trkpt><trkpt lat="51.08077833" lon="-115.36407833"><ele>1323.0</ele><time>2022-10-10T18:52:04.465Z</time></trkpt><trkpt lat="51.08077" lon="-115.36408167"><ele>1323.0</ele><time>2022-10-10T18:52:05.465Z</time></trkpt><trkpt lat="51.08075833" lon="-115.36408667"><ele>1323.0</ele><time>2022-10-10T18:52:06.465Z</time></trkpt><trkpt lat="51.08074667" lon="-115.36408667"><ele>1323.0</ele><time>2022-10-10T18:52:07.464Z</time></trkpt><trkpt lat="51.08073667" lon="-115.36409167"><ele>1324.0</ele><time>2022-10-10T18:52:08.465Z</time></trkpt><trkpt lat="51.08072333" lon="-115.36409667"><ele>1324.0</ele><time>2022-10-10T18:52:09.465Z</time></trkpt><trkpt lat="51.08070667" lon="-115.3641"><ele>1324.0</ele><time>2022-10-10T18:52:10.465Z</time></trkpt><trkpt lat="51.080695" lon="-115.36409667"><ele>1324.0</ele><time>2022-10-10T18:52:11.465Z</time></trkpt><trkpt lat="51.08068333" lon="-115.36409"><ele>1324.0</ele><time>2022-10-10T18:52:12.465Z</time></trkpt><trkpt lat="51.080665" lon="-115.36408833"><ele>1323.0</ele><time>2022-10-10T18:52:13.464Z</time></trkpt><trkpt lat="51.08064667" lon="-115.36409167"><ele>1323.0</ele><time>2022-10-10T18:52:14.464Z</time></trkpt><trkpt lat="51.08063167" lon="-115.36408667"><ele>1322.0</ele><time>2022-10-10T18:52:15.465Z</time></trkpt><trkpt lat="51.08062167" lon="-115.36409333"><ele>1321.0</ele><time>2022-10-10T18:52:16.465Z</time></trkpt><trkpt lat="51.08061667" lon="-115.36410167"><ele>1321.0</ele><time>2022-10-10T18:52:17.464Z</time></trkpt><trkpt lat="51.08061" lon="-115.36410667"><ele>1321.0</ele><time>2022-10-10T18:52:18.465Z</time></trkpt><trkpt lat="51.0806" lon="-115.36410833"><ele>1320.0</ele><time>2022-10-10T18:52:19.464Z</time></trkpt><trkpt lat="51.08058833" lon="-115.36410833"><ele>1320.0</ele><time>2022-10-10T18:52:20.464Z</time></trkpt><trkpt lat="51.080575" lon="-115.364105"><ele>1319.0</ele><time>2022-10-10T18:52:21.465Z</time></trkpt><trkpt lat="51.08056667" lon="-115.36409667"><ele>1319.0</ele><time>2022-10-10T18:52:22.465Z</time></trkpt><trkpt lat="51.08056333" lon="-115.36409"><ele>1318.0</ele><time>2022-10-10T18:52:23.465Z</time></trkpt><trkpt lat="51.08055333" lon="-115.364095"><ele>1318.0</ele><time>2022-10-10T18:52:24.465Z</time></trkpt><trkpt lat="51.08054" lon="-115.36410667"><ele>1318.0</ele><time>2022-10-10T18:52:25.464Z</time></trkpt><trkpt lat="51.080535" lon="-115.36411333"><ele>1317.0</ele><time>2022-10-10T18:52:26.464Z</time></trkpt><trkpt lat="51.080525" lon="-115.36411833"><ele>1317.0</ele><time>2022-10-10T18:52:27.464Z</time></trkpt><trkpt lat="51.08051" lon="-115.36411833"><ele>1317.0</ele><time>2022-10-10T18:52:28.464Z</time></trkpt><trkpt lat="51.08049167" lon="-115.364125"><ele>1318.0</ele><time>2022-10-10T18:52:29.464Z</time></trkpt><trkpt lat="51.08047667" lon="-115.36412833"><ele>1318.0</ele><time>2022-10-10T18:52:30.465Z</time></trkpt><trkpt lat="51.08045667" lon="-115.36413"><ele>1318.0</ele><time>2022-10-10T18:52:31.465Z</time></trkpt><trkpt lat="51.080445" lon="-115.364135"><ele>1318.0</ele><time>2022-10-10T18:52:32.465Z</time></trkpt><trkpt lat="51.08042667" lon="-115.36414167"><ele>1318.0</ele><time>2022-10-10T18:52:33.465Z</time></trkpt><trkpt lat="51.080415" lon="-115.36414667"><ele>1318.0</ele><time>2022-10-10T18:52:34.465Z</time></trkpt><trkpt lat="51.08040333" lon="-115.36415333"><ele>1318.0</ele><time>2022-10-10T18:52:35.464Z</time></trkpt><trkpt lat="51.08038667" lon="-115.36415833"><ele>1317.0</ele><time>2022-10-10T18:52:36.465Z</time></trkpt><trkpt lat="51.08037667" lon="-115.36416333"><ele>1317.0</ele><time>2022-10-10T18:52:37.465Z</time></trkpt><trkpt lat="51.08036333" lon="-115.36416167"><ele>1316.0</ele><time>2022-10-10T18:52:38.465Z</time></trkpt><trkpt lat="51.08035333" lon="-115.36415167"><ele>1316.0</ele><time>2022-10-10T18:52:39.465Z</time></trkpt><trkpt lat="51.08034" lon="-115.36414833"><ele>1316.0</ele><time>2022-10-10T18:52:40.464Z</time></trkpt><trkpt lat="51.08033" lon="-115.36415167"><ele>1316.0</ele><time>2022-10-10T18:52:41.465Z</time></trkpt><trkpt lat="51.080325" lon="-115.36414833"><ele>1316.0</ele><time>2022-10-10T18:52:42.465Z</time></trkpt><trkpt lat="51.08031833" lon="-115.36412833"><ele>1317.0</ele><time>2022-10-10T18:52:43.465Z</time></trkpt><trkpt lat="51.08031167" lon="-115.36411667"><ele>1317.0</ele><time>2022-10-10T18:52:44.465Z</time></trkpt><trkpt lat="51.08030167" lon="-115.364105"><ele>1317.0</ele><time>2022-10-10T18:52:45.465Z</time></trkpt><trkpt lat="51.08029333" lon="-115.36409333"><ele>1317.0</ele><time>2022-10-10T18:52:46.464Z</time></trkpt><trkpt lat="51.080285" lon="-115.36407833"><ele>1317.0</ele><time>2022-10-10T18:52:47.465Z</time></trkpt><trkpt lat="51.08027667" lon="-115.36406167"><ele>1318.0</ele><time>2022-10-10T18:52:48.465Z</time></trkpt><trkpt lat="51.08026833" lon="-115.36404667"><ele>1318.0</ele><time>2022-10-10T18:52:49.465Z</time></trkpt><trkpt lat="51.08025667" lon="-115.364035"><ele>1318.0</ele><time>2022-10-10T18:52:50.465Z</time></trkpt><trkpt lat="51.08024667" lon="-115.36403"><ele>1318.0</ele><time>2022-10-10T18:52:51.465Z</time></trkpt><trkpt lat="51.08023167" lon="-115.36402333"><ele>1318.0</ele><time>2022-10-10T18:52:52.465Z</time></trkpt><trkpt lat="51.08022" lon="-115.36402"><ele>1318.0</ele><time>2022-10-10T18:52:53.465Z</time></trkpt><trkpt lat="51.08021167" lon="-115.36401167"><ele>1318.0</ele><time>2022-10-10T18:52:54.465Z</time></trkpt><trkpt lat="51.080205" lon="-115.364005"><ele>1318.0</ele><time>2022-10-10T18:52:55.465Z</time></trkpt><trkpt lat="51.08019667" lon="-115.36399833"><ele>1318.0</ele><time>2022-10-10T18:52:56.465Z</time></trkpt><trkpt lat="51.08019" lon="-115.36399167"><ele>1318.0</ele><time>2022-10-10T18:52:57.464Z</time></trkpt><trkpt lat="51.08017167" lon="-115.36399333"><ele>1319.0</ele><time>2022-10-10T18:52:58.465Z</time></trkpt><trkpt lat="51.080155" lon="-115.363995"><ele>1319.0</ele><time>2022-10-10T18:52:59.465Z</time></trkpt><trkpt lat="51.080135" lon="-115.364"><ele>1319.0</ele><time>2022-10-10T18:53:00.465Z</time></trkpt><trkpt lat="51.08012333" lon="-115.364"><ele>1319.0</ele><time>2022-10-10T18:53:01.465Z</time></trkpt><trkpt lat="51.08011333" lon="-115.363995"><ele>1318.0</ele><time>2022-10-10T18:53:02.465Z</time></trkpt><trkpt lat="51.08010333" lon="-115.36398833"><ele>1318.0</ele><time>2022-10-10T18:53:03.464Z</time></trkpt><trkpt lat="51.08009167" lon="-115.36398167"><ele>1318.0</ele><time>2022-10-10T18:53:04.465Z</time></trkpt><trkpt lat="51.08007833" lon="-115.36397333"><ele>1317.0</ele><time>2022-10-10T18:53:05.465Z</time></trkpt><trkpt lat="51.08006667" lon="-115.36396667"><ele>1317.0</ele><time>2022-10-10T18:53:06.465Z</time></trkpt><trkpt lat="51.08005667" lon="-115.36396"><ele>1316.0</ele><time>2022-10-10T18:53:07.464Z</time></trkpt><trkpt lat="51.080045" lon="-115.36395167"><ele>1316.0</ele><time>2022-10-10T18:53:08.464Z</time></trkpt><trkpt lat="51.08003833" lon="-115.36394667"><ele>1316.0</ele><time>2022-10-10T18:53:09.464Z</time></trkpt><trkpt lat="51.080025" lon="-115.36393833"><ele>1316.0</ele><time>2022-10-10T18:53:10.465Z</time></trkpt><trkpt lat="51.080015" lon="-115.36393333"><ele>1317.0</ele><time>2022-10-10T18:53:11.465Z</time></trkpt><trkpt lat="51.08000167" lon="-115.36392833"><ele>1317.0</ele><time>2022-10-10T18:53:12.465Z</time></trkpt><trkpt lat="51.07998833" lon="-115.36392167"><ele>1317.0</ele><time>2022-10-10T18:53:13.465Z</time></trkpt><trkpt lat="51.07997833" lon="-115.363915"><ele>1317.0</ele><time>2022-10-10T18:53:14.464Z</time></trkpt><trkpt lat="51.07997333" lon="-115.363905"><ele>1318.0</ele><time>2022-10-10T18:53:15.465Z</time></trkpt><trkpt lat="51.07997167" lon="-115.36389"><ele>1318.0</ele><time>2022-10-10T18:53:16.465Z</time></trkpt><trkpt lat="51.079965" lon="-115.36388"><ele>1318.0</ele><time>2022-10-10T18:53:17.465Z</time></trkpt><trkpt lat="51.07995667" lon="-115.36387167"><ele>1319.0</ele><time>2022-10-10T18:53:18.465Z</time></trkpt><trkpt lat="51.07994833" lon="-115.36386"><ele>1319.0</ele><time>2022-10-10T18:53:19.464Z</time></trkpt><trkpt lat="51.07994" lon="-115.36384333"><ele>1319.0</ele><time>2022-10-10T18:53:20.465Z</time></trkpt><trkpt lat="51.07992833" lon="-115.36383"><ele>1319.0</ele><time>2022-10-10T18:53:21.465Z</time></trkpt><trkpt lat="51.07991667" lon="-115.36381"><ele>1319.0</ele><time>2022-10-10T18:53:22.465Z</time></trkpt><trkpt lat="51.07990667" lon="-115.363795"><ele>1319.0</ele><time>2022-10-10T18:53:23.465Z</time></trkpt><trkpt lat="51.079895" lon="-115.36378167"><ele>1318.0</ele><time>2022-10-10T18:53:24.464Z</time></trkpt><trkpt lat="51.07988333" lon="-115.36377167"><ele>1318.0</ele><time>2022-10-10T18:53:25.465Z</time></trkpt><trkpt lat="51.07988" lon="-115.363755"><ele>1318.0</ele><time>2022-10-10T18:53:26.465Z</time></trkpt><trkpt lat="51.07987833" lon="-115.36374333"><ele>1318.0</ele><time>2022-10-10T18:53:27.465Z</time></trkpt><trkpt lat="51.07987333" lon="-115.363735"><ele>1318.0</ele><time>2022-10-10T18:53:28.465Z</time></trkpt><trkpt lat="51.07986333" lon="-115.36372333"><ele>1318.0</ele><time>2022-10-10T18:53:29.464Z</time></trkpt><trkpt lat="51.07985333" lon="-115.36371"><ele>1318.0</ele><time>2022-10-10T18:53:30.464Z</time></trkpt><trkpt lat="51.07984333" lon="-115.363695"><ele>1318.0</ele><time>2022-10-10T18:53:31.465Z</time></trkpt><trkpt lat="51.079835" lon="-115.36368333"><ele>1318.0</ele><time>2022-10-10T18:53:32.465Z</time></trkpt><trkpt lat="51.07982667" lon="-115.36366833"><ele>1319.0</ele><time>2022-10-10T18:53:33.465Z</time></trkpt><trkpt lat="51.07981667" lon="-115.36365333"><ele>1319.0</ele><time>2022-10-10T18:53:34.465Z</time></trkpt><trkpt lat="51.07981" lon="-115.36363667"><ele>1320.0</ele><time>2022-10-10T18:53:35.464Z</time></trkpt><trkpt lat="51.07980667" lon="-115.36362167"><ele>1321.0</ele><time>2022-10-10T18:53:36.465Z</time></trkpt><trkpt lat="51.07980167" lon="-115.36360833"><ele>1322.0</ele><time>2022-10-10T18:53:37.465Z</time></trkpt><trkpt lat="51.07979667" lon="-115.36359667"><ele>1322.0</ele><time>2022-10-10T18:53:38.465Z</time></trkpt><trkpt lat="51.07979167" lon="-115.36358167"><ele>1323.0</ele><time>2022-10-10T18:53:39.465Z</time></trkpt><trkpt lat="51.07978333" lon="-115.36356667"><ele>1323.0</ele><time>2022-10-10T18:53:40.465Z</time></trkpt><trkpt lat="51.07977333" lon="-115.36355667"><ele>1323.0</ele><time>2022-10-10T18:53:41.464Z</time></trkpt><trkpt lat="51.07976833" lon="-115.36354667"><ele>1323.0</ele><time>2022-10-10T18:53:42.465Z</time></trkpt><trkpt lat="51.07976333" lon="-115.36353"><ele>1323.0</ele><time>2022-10-10T18:53:43.465Z</time></trkpt><trkpt lat="51.07975667" lon="-115.36351"><ele>1322.0</ele><time>2022-10-10T18:53:44.465Z</time></trkpt><trkpt lat="51.07975167" lon="-115.36349667"><ele>1322.0</ele><time>2022-10-10T18:53:45.464Z</time></trkpt><trkpt lat="51.07974667" lon="-115.36348333"><ele>1322.0</ele><time>2022-10-10T18:53:46.464Z</time></trkpt><trkpt lat="51.07974333" lon="-115.36347"><ele>1321.0</ele><time>2022-10-10T18:53:47.464Z</time></trkpt><trkpt lat="51.07974167" lon="-115.36345"><ele>1321.0</ele><time>2022-10-10T18:53:48.465Z</time></trkpt><trkpt lat="51.07973833" lon="-115.36343333"><ele>1321.0</ele><time>2022-10-10T18:53:49.465Z</time></trkpt><trkpt lat="51.07973167" lon="-115.36341833"><ele>1321.0</ele><time>2022-10-10T18:53:50.464Z</time></trkpt><trkpt lat="51.07972333" lon="-115.36340167"><ele>1321.0</ele><time>2022-10-10T18:53:51.465Z</time></trkpt><trkpt lat="51.07972" lon="-115.36338833"><ele>1321.0</ele><time>2022-10-10T18:53:52.465Z</time></trkpt><trkpt lat="51.07971667" lon="-115.36336833"><ele>1321.0</ele><time>2022-10-10T18:53:53.465Z</time></trkpt><trkpt lat="51.07971167" lon="-115.36334667"><ele>1321.0</ele><time>2022-10-10T18:53:54.465Z</time></trkpt><trkpt lat="51.07970667" lon="-115.36333"><ele>1321.0</ele><time>2022-10-10T18:53:55.464Z</time></trkpt><trkpt lat="51.07970667" lon="-115.36331667"><ele>1322.0</ele><time>2022-10-10T18:53:56.464Z</time></trkpt><trkpt lat="51.07970167" lon="-115.3633"><ele>1323.0</ele><time>2022-10-10T18:53:57.465Z</time></trkpt><trkpt lat="51.0797" lon="-115.36328167"><ele>1323.0</ele><time>2022-10-10T18:53:58.465Z</time></trkpt><trkpt lat="51.07969333" lon="-115.36326"><ele>1324.0</ele><time>2022-10-10T18:53:59.465Z</time></trkpt><trkpt lat="51.07968667" lon="-115.363245"><ele>1324.0</ele><time>2022-10-10T18:54:00.465Z</time></trkpt><trkpt lat="51.07968167" lon="-115.36323167"><ele>1324.0</ele><time>2022-10-10T18:54:01.465Z</time></trkpt><trkpt lat="51.07967833" lon="-115.36322333"><ele>1324.0</ele><time>2022-10-10T18:54:02.464Z</time></trkpt><trkpt lat="51.07967167" lon="-115.363205"><ele>1324.0</ele><time>2022-10-10T18:54:03.465Z</time></trkpt><trkpt lat="51.07966" lon="-115.36318833"><ele>1324.0</ele><time>2022-10-10T18:54:04.465Z</time></trkpt><trkpt lat="51.07965" lon="-115.36317167"><ele>1324.0</ele><time>2022-10-10T18:54:05.465Z</time></trkpt><trkpt lat="51.07965667" lon="-115.363155"><ele>1324.0</ele><time>2022-10-10T18:54:06.464Z</time></trkpt><trkpt lat="51.07966" lon="-115.36313667"><ele>1324.0</ele><time>2022-10-10T18:54:07.464Z</time></trkpt><trkpt lat="51.07965667" lon="-115.363115"><ele>1324.0</ele><time>2022-10-10T18:54:08.465Z</time></trkpt><trkpt lat="51.07966" lon="-115.36309667"><ele>1324.0</ele><time>2022-10-10T18:54:09.465Z</time></trkpt><trkpt lat="51.07965833" lon="-115.363085"><ele>1325.0</ele><time>2022-10-10T18:54:10.465Z</time></trkpt><trkpt lat="51.07965" lon="-115.36306667"><ele>1325.0</ele><time>2022-10-10T18:54:11.465Z</time></trkpt><trkpt lat="51.07964667" lon="-115.363045"><ele>1325.0</ele><time>2022-10-10T18:54:12.464Z</time></trkpt><trkpt lat="51.07964667" lon="-115.36302167"><ele>1325.0</ele><time>2022-10-10T18:54:13.465Z</time></trkpt><trkpt lat="51.07965167" lon="-115.363"><ele>1325.0</ele><time>2022-10-10T18:54:14.465Z</time></trkpt><trkpt lat="51.07964333" lon="-115.36298833"><ele>1326.0</ele><time>2022-10-10T18:54:15.464Z</time></trkpt><trkpt lat="51.07963667" lon="-115.36297"><ele>1325.0</ele><time>2022-10-10T18:54:16.465Z</time></trkpt><trkpt lat="51.07963333" lon="-115.36294833"><ele>1325.0</ele><time>2022-10-10T18:54:17.465Z</time></trkpt><trkpt lat="51.07962833" lon="-115.36292667"><ele>1325.0</ele><time>2022-10-10T18:54:18.465Z</time></trkpt><trkpt lat="51.07962333" lon="-115.36290667"><ele>1325.0</ele><time>2022-10-10T18:54:19.465Z</time></trkpt><trkpt lat="51.07962333" lon="-115.362885"><ele>1324.0</ele><time>2022-10-10T18:54:20.465Z</time></trkpt><trkpt lat="51.07961667" lon="-115.36286833"><ele>1324.0</ele><time>2022-10-10T18:54:21.465Z</time></trkpt><trkpt lat="51.07961167" lon="-115.362845"><ele>1324.0</ele><time>2022-10-10T18:54:22.465Z</time></trkpt><trkpt lat="51.07961" lon="-115.362825"><ele>1324.0</ele><time>2022-10-10T18:54:23.465Z</time></trkpt><trkpt lat="51.07960667" lon="-115.36280833"><ele>1324.0</ele><time>2022-10-10T18:54:24.465Z</time></trkpt><trkpt lat="51.079605" lon="-115.36279"><ele>1324.0</ele><time>2022-10-10T18:54:25.464Z</time></trkpt><trkpt lat="51.07960167" lon="-115.36277667"><ele>1324.0</ele><time>2022-10-10T18:54:26.465Z</time></trkpt><trkpt lat="51.07959833" lon="-115.362755"><ele>1324.0</ele><time>2022-10-10T18:54:27.465Z</time></trkpt><trkpt lat="51.07959667" lon="-115.362735"><ele>1325.0</ele><time>2022-10-10T18:54:28.465Z</time></trkpt><trkpt lat="51.07959167" lon="-115.36271667"><ele>1324.0</ele><time>2022-10-10T18:54:29.465Z</time></trkpt><trkpt lat="51.07958833" lon="-115.36270167"><ele>1324.0</ele><time>2022-10-10T18:54:30.465Z</time></trkpt><trkpt lat="51.07958333" lon="-115.36268333"><ele>1324.0</ele><time>2022-10-10T18:54:31.464Z</time></trkpt><trkpt lat="51.07957667" lon="-115.36266333"><ele>1324.0</ele><time>2022-10-10T18:54:32.465Z</time></trkpt><trkpt lat="51.079575" lon="-115.36264667"><ele>1324.0</ele><time>2022-10-10T18:54:33.465Z</time></trkpt><trkpt lat="51.07957" lon="-115.36263333"><ele>1324.0</ele><time>2022-10-10T18:54:34.465Z</time></trkpt><trkpt lat="51.07956333" lon="-115.36261667"><ele>1324.0</ele><time>2022-10-10T18:54:35.465Z</time></trkpt><trkpt lat="51.07955" lon="-115.36259833"><ele>1324.0</ele><time>2022-10-10T18:54:36.465Z</time></trkpt><trkpt lat="51.07953833" lon="-115.36258333"><ele>1324.0</ele><time>2022-10-10T18:54:37.464Z</time></trkpt><trkpt lat="51.07953" lon="-115.36256667"><ele>1323.0</ele><time>2022-10-10T18:54:38.465Z</time></trkpt><trkpt lat="51.07952833" lon="-115.36255333"><ele>1323.0</ele><time>2022-10-10T18:54:39.464Z</time></trkpt><trkpt lat="51.07951833" lon="-115.36253833"><ele>1323.0</ele><time>2022-10-10T18:54:40.464Z</time></trkpt><trkpt lat="51.07951" lon="-115.36252333"><ele>1323.0</ele><time>2022-10-10T18:54:41.465Z</time></trkpt><trkpt lat="51.079505" lon="-115.36250667"><ele>1322.0</ele><time>2022-10-10T18:54:42.465Z</time></trkpt><trkpt lat="51.079505" lon="-115.36248833"><ele>1322.0</ele><time>2022-10-10T18:54:43.465Z</time></trkpt><trkpt lat="51.0795" lon="-115.36247833"><ele>1322.0</ele><time>2022-10-10T18:54:44.465Z</time></trkpt><trkpt lat="51.07949833" lon="-115.362465"><ele>1322.0</ele><time>2022-10-10T18:54:45.465Z</time></trkpt><trkpt lat="51.07949" lon="-115.362445"><ele>1322.0</ele><time>2022-10-10T18:54:46.464Z</time></trkpt><trkpt lat="51.07948667" lon="-115.362425"><ele>1322.0</ele><time>2022-10-10T18:54:47.465Z</time></trkpt><trkpt lat="51.07947833" lon="-115.36240667"><ele>1322.0</ele><time>2022-10-10T18:54:48.465Z</time></trkpt><trkpt lat="51.07946667" lon="-115.36239"><ele>1323.0</ele><time>2022-10-10T18:54:49.465Z</time></trkpt><trkpt lat="51.07946167" lon="-115.36238167"><ele>1323.0</ele><time>2022-10-10T18:54:50.465Z</time></trkpt><trkpt lat="51.07945" lon="-115.36237"><ele>1323.0</ele><time>2022-10-10T18:54:51.464Z</time></trkpt><trkpt lat="51.07944167" lon="-115.36235667"><ele>1323.0</ele><time>2022-10-10T18:54:52.465Z</time></trkpt><trkpt lat="51.07943333" lon="-115.362345"><ele>1322.0</ele><time>2022-10-10T18:54:53.465Z</time></trkpt><trkpt lat="51.079425" lon="-115.36233"><ele>1322.0</ele><time>2022-10-10T18:54:54.465Z</time></trkpt><trkpt lat="51.079415" lon="-115.36231667"><ele>1322.0</ele><time>2022-10-10T18:54:55.465Z</time></trkpt><trkpt lat="51.07940667" lon="-115.36230667"><ele>1322.0</ele><time>2022-10-10T18:54:56.464Z</time></trkpt><trkpt lat="51.07939833" lon="-115.36229333"><ele>1322.0</ele><time>2022-10-10T18:54:57.464Z</time></trkpt><trkpt lat="51.07939" lon="-115.36228167"><ele>1321.0</ele><time>2022-10-10T18:54:58.465Z</time></trkpt><trkpt lat="51.07938167" lon="-115.36227167"><ele>1321.0</ele><time>2022-10-10T18:54:59.464Z</time></trkpt><trkpt lat="51.07937" lon="-115.36225833"><ele>1321.0</ele><time>2022-10-10T18:55:00.465Z</time></trkpt><trkpt lat="51.07936" lon="-115.362245"><ele>1321.0</ele><time>2022-10-10T18:55:01.465Z</time></trkpt><trkpt lat="51.07935" lon="-115.36223167"><ele>1321.0</ele><time>2022-10-10T18:55:02.464Z</time></trkpt><trkpt lat="51.07933833" lon="-115.36222167"><ele>1321.0</ele><time>2022-10-10T18:55:03.465Z</time></trkpt><trkpt lat="51.07932667" lon="-115.36221"><ele>1321.0</ele><time>2022-10-10T18:55:04.465Z</time></trkpt><trkpt lat="51.07931167" lon="-115.36219833"><ele>1321.0</ele><time>2022-10-10T18:55:05.464Z</time></trkpt><trkpt lat="51.07929667" lon="-115.36218667"><ele>1321.0</ele><time>2022-10-10T18:55:06.465Z</time></trkpt><trkpt lat="51.07928667" lon="-115.362175"><ele>1321.0</ele><time>2022-10-10T18:55:07.465Z</time></trkpt><trkpt lat="51.07927833" lon="-115.36216667"><ele>1320.0</ele><time>2022-10-10T18:55:08.464Z</time></trkpt><trkpt lat="51.07926833" lon="-115.36215833"><ele>1320.0</ele><time>2022-10-10T18:55:09.465Z</time></trkpt><trkpt lat="51.07925333" lon="-115.36215167"><ele>1320.0</ele><time>2022-10-10T18:55:10.464Z</time></trkpt><trkpt lat="51.07924167" lon="-115.36214333"><ele>1320.0</ele><time>2022-10-10T18:55:11.465Z</time></trkpt><trkpt lat="51.079235" lon="-115.36213833"><ele>1320.0</ele><time>2022-10-10T18:55:12.464Z</time></trkpt><trkpt lat="51.07922667" lon="-115.36212833"><ele>1320.0</ele><time>2022-10-10T18:55:13.465Z</time></trkpt><trkpt lat="51.07922167" lon="-115.36211667"><ele>1320.0</ele><time>2022-10-10T18:55:14.465Z</time></trkpt><trkpt lat="51.079215" lon="-115.362105"><ele>1321.0</ele><time>2022-10-10T18:55:15.465Z</time></trkpt><trkpt lat="51.07920833" lon="-115.36209333"><ele>1321.0</ele><time>2022-10-10T18:55:16.465Z</time></trkpt><trkpt lat="51.07920167" lon="-115.36208167"><ele>1322.0</ele><time>2022-10-10T18:55:17.465Z</time></trkpt><trkpt lat="51.07918667" lon="-115.362075"><ele>1322.0</ele><time>2022-10-10T18:55:18.465Z</time></trkpt><trkpt lat="51.07916833" lon="-115.36207"><ele>1322.0</ele><time>2022-10-10T18:55:19.465Z</time></trkpt><trkpt lat="51.07915833" lon="-115.362065"><ele>1322.0</ele><time>2022-10-10T18:55:20.465Z</time></trkpt><trkpt lat="51.07914333" lon="-115.36206167"><ele>1321.0</ele><time>2022-10-10T18:55:21.465Z</time></trkpt><trkpt lat="51.07913333" lon="-115.362055"><ele>1321.0</ele><time>2022-10-10T18:55:22.465Z</time></trkpt><trkpt lat="51.079125" lon="-115.36204667"><ele>1321.0</ele><time>2022-10-10T18:55:23.464Z</time></trkpt><trkpt lat="51.079115" lon="-115.36203333"><ele>1321.0</ele><time>2022-10-10T18:55:24.465Z</time></trkpt><trkpt lat="51.07910667" lon="-115.36202167"><ele>1321.0</ele><time>2022-10-10T18:55:25.464Z</time></trkpt><trkpt lat="51.07909833" lon="-115.36201333"><ele>1321.0</ele><time>2022-10-10T18:55:26.464Z</time></trkpt><trkpt lat="51.07908667" lon="-115.362005"><ele>1322.0</ele><time>2022-10-10T18:55:27.465Z</time></trkpt><trkpt lat="51.07908" lon="-115.36199"><ele>1322.0</ele><time>2022-10-10T18:55:28.465Z</time></trkpt><trkpt lat="51.07907167" lon="-115.36197333"><ele>1322.0</ele><time>2022-10-10T18:55:29.465Z</time></trkpt><trkpt lat="51.07906333" lon="-115.36196"><ele>1322.0</ele><time>2022-10-10T18:55:30.465Z</time></trkpt><trkpt lat="51.07905667" lon="-115.36195333"><ele>1322.0</ele><time>2022-10-10T18:55:31.465Z</time></trkpt><trkpt lat="51.079045" lon="-115.361935"><ele>1322.0</ele><time>2022-10-10T18:55:32.464Z</time></trkpt><trkpt lat="51.07903833" lon="-115.36192667"><ele>1323.0</ele><time>2022-10-10T18:55:33.465Z</time></trkpt><trkpt lat="51.07902833" lon="-115.36191167"><ele>1323.0</ele><time>2022-10-10T18:55:34.465Z</time></trkpt><trkpt lat="51.07901833" lon="-115.36190167"><ele>1322.0</ele><time>2022-10-10T18:55:35.465Z</time></trkpt><trkpt lat="51.07901167" lon="-115.36189333"><ele>1322.0</ele><time>2022-10-10T18:55:36.465Z</time></trkpt><trkpt lat="51.079005" lon="-115.36188833"><ele>1322.0</ele><time>2022-10-10T18:55:37.465Z</time></trkpt><trkpt lat="51.07900167" lon="-115.36189"><ele>1323.0</ele><time>2022-10-10T18:55:38.464Z</time></trkpt><trkpt lat="51.079" lon="-115.36188833"><ele>1323.0</ele><time>2022-10-10T18:55:39.465Z</time></trkpt><trkpt lat="51.07900167" lon="-115.36188833"><ele>1323.0</ele><time>2022-10-10T18:55:40.465Z</time></trkpt><trkpt lat="51.079" lon="-115.36188333"><ele>1323.0</ele><time>2022-10-10T18:55:41.465Z</time></trkpt><trkpt lat="51.07899667" lon="-115.36187667"><ele>1323.0</ele><time>2022-10-10T18:55:42.465Z</time></trkpt><trkpt lat="51.07898667" lon="-115.361865"><ele>1323.0</ele><time>2022-10-10T18:55:43.465Z</time></trkpt><trkpt lat="51.078975" lon="-115.361855"><ele>1323.0</ele><time>2022-10-10T18:55:44.464Z</time></trkpt><trkpt lat="51.07896667" lon="-115.36184667"><ele>1323.0</ele><time>2022-10-10T18:55:45.464Z</time></trkpt><trkpt lat="51.07895833" lon="-115.36184"><ele>1322.0</ele><time>2022-10-10T18:55:46.464Z</time></trkpt><trkpt lat="51.078945" lon="-115.36183333"><ele>1322.0</ele><time>2022-10-10T18:55:47.465Z</time></trkpt><trkpt lat="51.078935" lon="-115.36181667"><ele>1322.0</ele><time>2022-10-10T18:55:48.465Z</time></trkpt><trkpt lat="51.07892333" lon="-115.36179667"><ele>1323.0</ele><time>2022-10-10T18:55:49.465Z</time></trkpt><trkpt lat="51.07890333" lon="-115.361785"><ele>1323.0</ele><time>2022-10-10T18:55:50.465Z</time></trkpt><trkpt lat="51.0789" lon="-115.36177667"><ele>1323.0</ele><time>2022-10-10T18:55:51.464Z</time></trkpt><trkpt lat="51.07889333" lon="-115.36176333"><ele>1323.0</ele><time>2022-10-10T18:55:52.465Z</time></trkpt><trkpt lat="51.07888" lon="-115.36175167"><ele>1323.0</ele><time>2022-10-10T18:55:53.465Z</time></trkpt><trkpt lat="51.07887167" lon="-115.36173833"><ele>1323.0</ele><time>2022-10-10T18:55:54.465Z</time></trkpt><trkpt lat="51.078855" lon="-115.36172833"><ele>1323.0</ele><time>2022-10-10T18:55:55.465Z</time></trkpt><trkpt lat="51.07884333" lon="-115.361725"><ele>1323.0</ele><time>2022-10-10T18:55:56.465Z</time></trkpt><trkpt lat="51.07883333" lon="-115.36171833"><ele>1323.0</ele><time>2022-10-10T18:55:57.464Z</time></trkpt><trkpt lat="51.07881333" lon="-115.36171333"><ele>1322.0</ele><time>2022-10-10T18:55:58.465Z</time></trkpt><trkpt lat="51.07879833" lon="-115.36170333"><ele>1322.0</ele><time>2022-10-10T18:55:59.464Z</time></trkpt><trkpt lat="51.07879" lon="-115.36169"><ele>1322.0</ele><time>2022-10-10T18:56:00.465Z</time></trkpt><trkpt lat="51.07878" lon="-115.36167667"><ele>1322.0</ele><time>2022-10-10T18:56:01.464Z</time></trkpt><trkpt lat="51.07876667" lon="-115.361665"><ele>1322.0</ele><time>2022-10-10T18:56:02.465Z</time></trkpt><trkpt lat="51.078755" lon="-115.361655"><ele>1322.0</ele><time>2022-10-10T18:56:03.465Z</time></trkpt><trkpt lat="51.078745" lon="-115.36164333"><ele>1322.0</ele><time>2022-10-10T18:56:04.465Z</time></trkpt><trkpt lat="51.07873667" lon="-115.36163333"><ele>1322.0</ele><time>2022-10-10T18:56:05.465Z</time></trkpt><trkpt lat="51.07872667" lon="-115.36162167"><ele>1322.0</ele><time>2022-10-10T18:56:06.464Z</time></trkpt><trkpt lat="51.07871167" lon="-115.36161167"><ele>1321.0</ele><time>2022-10-10T18:56:07.464Z</time></trkpt><trkpt lat="51.07870167" lon="-115.36159833"><ele>1321.0</ele><time>2022-10-10T18:56:08.465Z</time></trkpt><trkpt lat="51.07869333" lon="-115.36158667"><ele>1321.0</ele><time>2022-10-10T18:56:09.465Z</time></trkpt><trkpt lat="51.07868333" lon="-115.361575"><ele>1321.0</ele><time>2022-10-10T18:56:10.465Z</time></trkpt><trkpt lat="51.07867333" lon="-115.36156"><ele>1321.0</ele><time>2022-10-10T18:56:11.465Z</time></trkpt><trkpt lat="51.07866167" lon="-115.36154667"><ele>1320.0</ele><time>2022-10-10T18:56:12.464Z</time></trkpt><trkpt lat="51.07865167" lon="-115.361535"><ele>1320.0</ele><time>2022-10-10T18:56:13.464Z</time></trkpt><trkpt lat="51.07864167" lon="-115.36152333"><ele>1320.0</ele><time>2022-10-10T18:56:14.465Z</time></trkpt><trkpt lat="51.07862833" lon="-115.361515"><ele>1319.0</ele><time>2022-10-10T18:56:15.465Z</time></trkpt><trkpt lat="51.07861" lon="-115.36151"><ele>1319.0</ele><time>2022-10-10T18:56:16.465Z</time></trkpt><trkpt lat="51.07859667" lon="-115.36149167"><ele>1319.0</ele><time>2022-10-10T18:56:17.465Z</time></trkpt><trkpt lat="51.07859167" lon="-115.36147667"><ele>1318.0</ele><time>2022-10-10T18:56:18.465Z</time></trkpt><trkpt lat="51.078585" lon="-115.361465"><ele>1318.0</ele><time>2022-10-10T18:56:19.465Z</time></trkpt><trkpt lat="51.078575" lon="-115.36145333"><ele>1317.0</ele><time>2022-10-10T18:56:20.465Z</time></trkpt><trkpt lat="51.07855833" lon="-115.36144167"><ele>1317.0</ele><time>2022-10-10T18:56:21.465Z</time></trkpt><trkpt lat="51.07854333" lon="-115.36143333"><ele>1317.0</ele><time>2022-10-10T18:56:22.465Z</time></trkpt><trkpt lat="51.07853333" lon="-115.36142333"><ele>1317.0</ele><time>2022-10-10T18:56:23.464Z</time></trkpt><trkpt lat="51.07852167" lon="-115.36141667"><ele>1317.0</ele><time>2022-10-10T18:56:24.464Z</time></trkpt><trkpt lat="51.07851167" lon="-115.36141"><ele>1317.0</ele><time>2022-10-10T18:56:25.464Z</time></trkpt><trkpt lat="51.07849667" lon="-115.36140333"><ele>1316.0</ele><time>2022-10-10T18:56:26.465Z</time></trkpt><trkpt lat="51.07848667" lon="-115.3614"><ele>1317.0</ele><time>2022-10-10T18:56:27.465Z</time></trkpt><trkpt lat="51.07847333" lon="-115.36139333"><ele>1317.0</ele><time>2022-10-10T18:56:28.465Z</time></trkpt><trkpt lat="51.07846333" lon="-115.36139167"><ele>1317.0</ele><time>2022-10-10T18:56:29.465Z</time></trkpt><trkpt lat="51.07845333" lon="-115.36138667"><ele>1317.0</ele><time>2022-10-10T18:56:30.464Z</time></trkpt><trkpt lat="51.07844167" lon="-115.36138"><ele>1316.0</ele><time>2022-10-10T18:56:31.464Z</time></trkpt><trkpt lat="51.07843167" lon="-115.361375"><ele>1317.0</ele><time>2022-10-10T18:56:32.465Z</time></trkpt><trkpt lat="51.07842167" lon="-115.36136667"><ele>1317.0</ele><time>2022-10-10T18:56:33.465Z</time></trkpt><trkpt lat="51.07841333" lon="-115.361365"><ele>1316.0</ele><time>2022-10-10T18:56:34.465Z</time></trkpt><trkpt lat="51.07840167" lon="-115.36136"><ele>1316.0</ele><time>2022-10-10T18:56:35.465Z</time></trkpt><trkpt lat="51.07839" lon="-115.36135167"><ele>1316.0</ele><time>2022-10-10T18:56:36.464Z</time></trkpt><trkpt lat="51.07838" lon="-115.361345"><ele>1316.0</ele><time>2022-10-10T18:56:37.465Z</time></trkpt><trkpt lat="51.07837" lon="-115.36134"><ele>1316.0</ele><time>2022-10-10T18:56:38.465Z</time></trkpt><trkpt lat="51.07835833" lon="-115.36133"><ele>1316.0</ele><time>2022-10-10T18:56:39.465Z</time></trkpt><trkpt lat="51.07834333" lon="-115.36132167"><ele>1315.0</ele><time>2022-10-10T18:56:40.465Z</time></trkpt><trkpt lat="51.07833" lon="-115.36131667"><ele>1315.0</ele><time>2022-10-10T18:56:41.464Z</time></trkpt><trkpt lat="51.078325" lon="-115.36131"><ele>1314.0</ele><time>2022-10-10T18:56:42.464Z</time></trkpt><trkpt lat="51.07832" lon="-115.36130667"><ele>1314.0</ele><time>2022-10-10T18:56:43.465Z</time></trkpt><trkpt lat="51.07830833" lon="-115.36130833"><ele>1313.0</ele><time>2022-10-10T18:56:44.465Z</time></trkpt><trkpt lat="51.078295" lon="-115.36131667"><ele>1313.0</ele><time>2022-10-10T18:56:45.465Z</time></trkpt><trkpt lat="51.07829" lon="-115.36132"><ele>1313.0</ele><time>2022-10-10T18:56:46.464Z</time></trkpt><trkpt lat="51.07828667" lon="-115.36131833"><ele>1313.0</ele><time>2022-10-10T18:56:47.464Z</time></trkpt><trkpt lat="51.078285" lon="-115.361315"><ele>1312.0</ele><time>2022-10-10T18:56:48.465Z</time></trkpt><trkpt lat="51.07828" lon="-115.36131"><ele>1312.0</ele><time>2022-10-10T18:56:49.465Z</time></trkpt><trkpt lat="51.07828333" lon="-115.36130667"><ele>1312.0</ele><time>2022-10-10T18:56:50.465Z</time></trkpt><trkpt lat="51.078285" lon="-115.36130667"><ele>1312.0</ele><time>2022-10-10T18:56:51.465Z</time></trkpt><trkpt lat="51.07828667" lon="-115.361305"><ele>1312.0</ele><time>2022-10-10T18:56:52.464Z</time></trkpt><trkpt lat="51.07829" lon="-115.36129667"><ele>1312.0</ele><time>2022-10-10T18:56:53.465Z</time></trkpt><trkpt lat="51.07829333" lon="-115.36129"><ele>1312.0</ele><time>2022-10-10T18:56:54.465Z</time></trkpt><trkpt lat="51.07829667" lon="-115.36128667"><ele>1312.0</ele><time>2022-10-10T18:56:55.465Z</time></trkpt><trkpt lat="51.07830167" lon="-115.36129"><ele>1312.0</ele><time>2022-10-10T18:56:56.465Z</time></trkpt><trkpt lat="51.07830833" lon="-115.36129167"><ele>1311.0</ele><time>2022-10-10T18:56:57.464Z</time></trkpt><trkpt lat="51.07831167" lon="-115.36128833"><ele>1311.0</ele><time>2022-10-10T18:56:58.465Z</time></trkpt><trkpt lat="51.07831333" lon="-115.36128333"><ele>1311.0</ele><time>2022-10-10T18:56:59.465Z</time></trkpt><trkpt lat="51.07832" lon="-115.36127667"><ele>1312.0</ele><time>2022-10-10T18:57:00.465Z</time></trkpt><trkpt lat="51.07832167" lon="-115.36126667"><ele>1313.0</ele><time>2022-10-10T18:57:01.465Z</time></trkpt><trkpt lat="51.07832" lon="-115.36125667"><ele>1314.0</ele><time>2022-10-10T18:57:02.465Z</time></trkpt><trkpt lat="51.07832167" lon="-115.36125"><ele>1315.0</ele><time>2022-10-10T18:57:03.465Z</time></trkpt><trkpt lat="51.07830833" lon="-115.36124167"><ele>1316.0</ele><time>2022-10-10T18:57:04.465Z</time></trkpt><trkpt lat="51.0783" lon="-115.36123167"><ele>1316.0</ele><time>2022-10-10T18:57:05.465Z</time></trkpt><trkpt lat="51.07829" lon="-115.36122167"><ele>1316.0</ele><time>2022-10-10T18:57:06.464Z</time></trkpt><trkpt lat="51.07828" lon="-115.36121167"><ele>1316.0</ele><time>2022-10-10T18:57:07.464Z</time></trkpt><trkpt lat="51.078275" lon="-115.36120333"><ele>1316.0</ele><time>2022-10-10T18:57:08.465Z</time></trkpt><trkpt lat="51.07826833" lon="-115.36119167"><ele>1316.0</ele><time>2022-10-10T18:57:09.465Z</time></trkpt><trkpt lat="51.07826" lon="-115.36118833"><ele>1317.0</ele><time>2022-10-10T18:57:10.465Z</time></trkpt><trkpt lat="51.07824833" lon="-115.36118333"><ele>1317.0</ele><time>2022-10-10T18:57:11.465Z</time></trkpt><trkpt lat="51.07823333" lon="-115.36117833"><ele>1317.0</ele><time>2022-10-10T18:57:12.465Z</time></trkpt><trkpt lat="51.07821833" lon="-115.36117667"><ele>1318.0</ele><time>2022-10-10T18:57:13.464Z</time></trkpt><trkpt lat="51.07821333" lon="-115.36117"><ele>1318.0</ele><time>2022-10-10T18:57:14.465Z</time></trkpt><trkpt lat="51.07820833" lon="-115.36116333"><ele>1318.0</ele><time>2022-10-10T18:57:15.465Z</time></trkpt><trkpt lat="51.0782" lon="-115.36115833"><ele>1318.0</ele><time>2022-10-10T18:57:16.464Z</time></trkpt><trkpt lat="51.078195" lon="-115.36115833"><ele>1318.0</ele><time>2022-10-10T18:57:17.465Z</time></trkpt><trkpt lat="51.07819333" lon="-115.36115833"><ele>1318.0</ele><time>2022-10-10T18:57:18.464Z</time></trkpt><trkpt lat="51.07819167" lon="-115.36115833"><ele>1317.0</ele><time>2022-10-10T18:57:19.465Z</time></trkpt><trkpt lat="51.07819" lon="-115.36115667"><ele>1317.0</ele><time>2022-10-10T18:57:20.465Z</time></trkpt><trkpt lat="51.07819" lon="-115.361155"><ele>1317.0</ele><time>2022-10-10T18:57:21.465Z</time></trkpt><trkpt lat="51.07818833" lon="-115.36115333"><ele>1317.0</ele><time>2022-10-10T18:57:22.465Z</time></trkpt><trkpt lat="51.07818667" lon="-115.361155"><ele>1318.0</ele><time>2022-10-10T18:57:23.464Z</time></trkpt><trkpt lat="51.07818333" lon="-115.361155"><ele>1318.0</ele><time>2022-10-10T18:57:24.465Z</time></trkpt><trkpt lat="51.078175" lon="-115.36115667"><ele>1318.0</ele><time>2022-10-10T18:57:25.464Z</time></trkpt><trkpt lat="51.07817" lon="-115.36115167"><ele>1318.0</ele><time>2022-10-10T18:57:26.464Z</time></trkpt><trkpt lat="51.07816333" lon="-115.36114667"><ele>1318.0</ele><time>2022-10-10T18:57:27.465Z</time></trkpt><trkpt lat="51.07815833" lon="-115.36114833"><ele>1318.0</ele><time>2022-10-10T18:57:28.464Z</time></trkpt><trkpt lat="51.078145" lon="-115.36114667"><ele>1318.0</ele><time>2022-10-10T18:57:29.465Z</time></trkpt><trkpt lat="51.078135" lon="-115.36114"><ele>1318.0</ele><time>2022-10-10T18:57:30.465Z</time></trkpt><trkpt lat="51.078125" lon="-115.36113833"><ele>1318.0</ele><time>2022-10-10T18:57:31.464Z</time></trkpt><trkpt lat="51.07811" lon="-115.36113667"><ele>1319.0</ele><time>2022-10-10T18:57:32.464Z</time></trkpt><trkpt lat="51.0781" lon="-115.36113167"><ele>1319.0</ele><time>2022-10-10T18:57:33.464Z</time></trkpt><trkpt lat="51.07808833" lon="-115.36112833"><ele>1319.0</ele><time>2022-10-10T18:57:34.465Z</time></trkpt><trkpt lat="51.07807333" lon="-115.361125"><ele>1319.0</ele><time>2022-10-10T18:57:35.465Z</time></trkpt><trkpt lat="51.07806333" lon="-115.36112167"><ele>1319.0</ele><time>2022-10-10T18:57:36.465Z</time></trkpt><trkpt lat="51.07805167" lon="-115.36112"><ele>1320.0</ele><time>2022-10-10T18:57:37.465Z</time></trkpt><trkpt lat="51.07804333" lon="-115.36112"><ele>1320.0</ele><time>2022-10-10T18:57:38.465Z</time></trkpt><trkpt lat="51.07803167" lon="-115.36112167"><ele>1319.0</ele><time>2022-10-10T18:57:39.464Z</time></trkpt><trkpt lat="51.07802167" lon="-115.361125"><ele>1319.0</ele><time>2022-10-10T18:57:40.464Z</time></trkpt><trkpt lat="51.07800833" lon="-115.361125"><ele>1319.0</ele><time>2022-10-10T18:57:41.464Z</time></trkpt><trkpt lat="51.07799667" lon="-115.361125"><ele>1319.0</ele><time>2022-10-10T18:57:42.465Z</time></trkpt><trkpt lat="51.07798833" lon="-115.361125"><ele>1319.0</ele><time>2022-10-10T18:57:43.465Z</time></trkpt><trkpt lat="51.077975" lon="-115.361125"><ele>1319.0</ele><time>2022-10-10T18:57:44.465Z</time></trkpt><trkpt lat="51.07796333" lon="-115.36112167"><ele>1318.0</ele><time>2022-10-10T18:57:45.464Z</time></trkpt><trkpt lat="51.07795333" lon="-115.36111667"><ele>1318.0</ele><time>2022-10-10T18:57:46.464Z</time></trkpt><trkpt lat="51.07794" lon="-115.36111333"><ele>1318.0</ele><time>2022-10-10T18:57:47.465Z</time></trkpt><trkpt lat="51.07792333" lon="-115.36111"><ele>1318.0</ele><time>2022-10-10T18:57:48.465Z</time></trkpt><trkpt lat="51.07791333" lon="-115.36110667"><ele>1317.0</ele><time>2022-10-10T18:57:49.464Z</time></trkpt><trkpt lat="51.07790333" lon="-115.36110333"><ele>1316.0</ele><time>2022-10-10T18:57:50.465Z</time></trkpt><trkpt lat="51.07789333" lon="-115.3611"><ele>1316.0</ele><time>2022-10-10T18:57:51.465Z</time></trkpt><trkpt lat="51.07788167" lon="-115.36109833"><ele>1315.0</ele><time>2022-10-10T18:57:52.465Z</time></trkpt><trkpt lat="51.07786667" lon="-115.36110167"><ele>1315.0</ele><time>2022-10-10T18:57:53.465Z</time></trkpt><trkpt lat="51.07784667" lon="-115.361105"><ele>1314.0</ele><time>2022-10-10T18:57:54.465Z</time></trkpt><trkpt lat="51.07783333" lon="-115.36111"><ele>1314.0</ele><time>2022-10-10T18:57:55.465Z</time></trkpt><trkpt lat="51.07781667" lon="-115.36111"><ele>1314.0</ele><time>2022-10-10T18:57:56.465Z</time></trkpt><trkpt lat="51.0778" lon="-115.36110833"><ele>1314.0</ele><time>2022-10-10T18:57:57.464Z</time></trkpt><trkpt lat="51.07778333" lon="-115.361105"><ele>1314.0</ele><time>2022-10-10T18:57:58.465Z</time></trkpt><trkpt lat="51.07777333" lon="-115.36110667"><ele>1314.0</ele><time>2022-10-10T18:57:59.465Z</time></trkpt><trkpt lat="51.07776167" lon="-115.36110333"><ele>1314.0</ele><time>2022-10-10T18:58:00.464Z</time></trkpt><trkpt lat="51.07775833" lon="-115.36109667"><ele>1314.0</ele><time>2022-10-10T18:58:01.465Z</time></trkpt><trkpt lat="51.07775333" lon="-115.36109167"><ele>1315.0</ele><time>2022-10-10T18:58:02.464Z</time></trkpt><trkpt lat="51.07775167" lon="-115.36109167"><ele>1315.0</ele><time>2022-10-10T18:58:03.464Z</time></trkpt><trkpt lat="51.07775" lon="-115.36109167"><ele>1315.0</ele><time>2022-10-10T18:58:04.465Z</time></trkpt><trkpt lat="51.07775333" lon="-115.36109"><ele>1315.0</ele><time>2022-10-10T18:58:05.465Z</time></trkpt><trkpt lat="51.077755" lon="-115.36108833"><ele>1315.0</ele><time>2022-10-10T18:58:06.464Z</time></trkpt><trkpt lat="51.07775833" lon="-115.36108667"><ele>1314.0</ele><time>2022-10-10T18:58:07.465Z</time></trkpt><trkpt lat="51.07776" lon="-115.361085"><ele>1314.0</ele><time>2022-10-10T18:58:08.465Z</time></trkpt><trkpt lat="51.07776" lon="-115.36108667"><ele>1314.0</ele><time>2022-10-10T18:58:09.465Z</time></trkpt><trkpt lat="51.07776" lon="-115.36108833"><ele>1313.0</ele><time>2022-10-10T18:58:10.465Z</time></trkpt><trkpt lat="51.07775833" lon="-115.36108667"><ele>1313.0</ele><time>2022-10-10T18:58:11.465Z</time></trkpt><trkpt lat="51.077745" lon="-115.36109167"><ele>1313.0</ele><time>2022-10-10T18:58:12.465Z</time></trkpt><trkpt lat="51.07774667" lon="-115.3611"><ele>1312.0</ele><time>2022-10-10T18:58:13.465Z</time></trkpt><trkpt lat="51.07775333" lon="-115.3611"><ele>1312.0</ele><time>2022-10-10T18:58:14.465Z</time></trkpt><trkpt lat="51.07776" lon="-115.36110167"><ele>1312.0</ele><time>2022-10-10T18:58:15.465Z</time></trkpt><trkpt lat="51.07776167" lon="-115.36111167"><ele>1312.0</ele><time>2022-10-10T18:58:16.465Z</time></trkpt><trkpt lat="51.07776167" lon="-115.36111833"><ele>1312.0</ele><time>2022-10-10T18:58:17.464Z</time></trkpt><trkpt lat="51.07776833" lon="-115.36112333"><ele>1313.0</ele><time>2022-10-10T18:58:18.464Z</time></trkpt><trkpt lat="51.077775" lon="-115.36111833"><ele>1313.0</ele><time>2022-10-10T18:58:19.465Z</time></trkpt><trkpt lat="51.07778333" lon="-115.36111333"><ele>1313.0</ele><time>2022-10-10T18:58:20.464Z</time></trkpt><trkpt lat="51.077785" lon="-115.36111333"><ele>1314.0</ele><time>2022-10-10T18:58:21.464Z</time></trkpt><trkpt lat="51.077785" lon="-115.36111167"><ele>1314.0</ele><time>2022-10-10T18:58:22.465Z</time></trkpt><trkpt lat="51.07778667" lon="-115.36111167"><ele>1315.0</ele><time>2022-10-10T18:58:23.465Z</time></trkpt><trkpt lat="51.07778667" lon="-115.36111167"><ele>1315.0</ele><time>2022-10-10T18:58:24.465Z</time></trkpt><trkpt lat="51.07778667" lon="-115.36111"><ele>1315.0</ele><time>2022-10-10T18:58:25.464Z</time></trkpt><trkpt lat="51.07778667" lon="-115.36110833"><ele>1315.0</ele><time>2022-10-10T18:58:26.465Z</time></trkpt><trkpt lat="51.07778833" lon="-115.361105"><ele>1315.0</ele><time>2022-10-10T18:58:27.464Z</time></trkpt><trkpt lat="51.07778833" lon="-115.361105"><ele>1315.0</ele><time>2022-10-10T18:58:28.465Z</time></trkpt><trkpt lat="51.07779" lon="-115.361105"><ele>1314.0</ele><time>2022-10-10T18:58:29.465Z</time></trkpt><trkpt lat="51.07779333" lon="-115.36110333"><ele>1314.0</ele><time>2022-10-10T18:58:30.464Z</time></trkpt><trkpt lat="51.07779667" lon="-115.36110167"><ele>1313.0</ele><time>2022-10-10T18:58:31.464Z</time></trkpt><trkpt lat="51.07780333" lon="-115.36109833"><ele>1313.0</ele><time>2022-10-10T18:58:32.464Z</time></trkpt><trkpt lat="51.07780333" lon="-115.36110167"><ele>1312.0</ele><time>2022-10-10T18:58:33.464Z</time></trkpt><trkpt lat="51.07779333" lon="-115.36111"><ele>1311.0</ele><time>2022-10-10T18:58:34.465Z</time></trkpt><trkpt lat="51.07778833" lon="-115.36111333"><ele>1310.0</ele><time>2022-10-10T18:58:35.465Z</time></trkpt><trkpt lat="51.07778667" lon="-115.36111167"><ele>1310.0</ele><time>2022-10-10T18:58:36.464Z</time></trkpt><trkpt lat="51.07778667" lon="-115.36111333"><ele>1310.0</ele><time>2022-10-10T18:58:37.465Z</time></trkpt><trkpt lat="51.07778833" lon="-115.36111"><ele>1310.0</ele><time>2022-10-10T18:58:38.465Z</time></trkpt><trkpt lat="51.07779" lon="-115.36111167"><ele>1310.0</ele><time>2022-10-10T18:58:39.465Z</time></trkpt><trkpt lat="51.07779" lon="-115.36111167"><ele>1309.0</ele><time>2022-10-10T18:58:40.465Z</time></trkpt><trkpt lat="51.07778833" lon="-115.36111"><ele>1309.0</ele><time>2022-10-10T18:58:41.464Z</time></trkpt><trkpt lat="51.07778667" lon="-115.36110833"><ele>1309.0</ele><time>2022-10-10T18:58:42.465Z</time></trkpt><trkpt lat="51.07778667" lon="-115.36110667"><ele>1309.0</ele><time>2022-10-10T18:58:43.464Z</time></trkpt><trkpt lat="51.07778333" lon="-115.36110667"><ele>1309.0</ele><time>2022-10-10T18:58:44.464Z</time></trkpt><trkpt lat="51.07778" lon="-115.36110833"><ele>1309.0</ele><time>2022-10-10T18:58:45.464Z</time></trkpt><trkpt lat="51.07777833" lon="-115.361105"><ele>1308.0</ele><time>2022-10-10T18:58:46.464Z</time></trkpt><trkpt lat="51.07777667" lon="-115.361105"><ele>1308.0</ele><time>2022-10-10T18:58:47.465Z</time></trkpt><trkpt lat="51.077775" lon="-115.36110667"><ele>1308.0</ele><time>2022-10-10T18:58:48.464Z</time></trkpt><trkpt lat="51.077775" lon="-115.361105"><ele>1308.0</ele><time>2022-10-10T18:58:49.465Z</time></trkpt><trkpt lat="51.077775" lon="-115.36110667"><ele>1309.0</ele><time>2022-10-10T18:58:50.464Z</time></trkpt><trkpt lat="51.07777667" lon="-115.36110333"><ele>1310.0</ele><time>2022-10-10T18:58:51.464Z</time></trkpt><trkpt lat="51.07777833" lon="-115.36110167"><ele>1311.0</ele><time>2022-10-10T18:58:52.464Z</time></trkpt><trkpt lat="51.07778167" lon="-115.361095"><ele>1312.0</ele><time>2022-10-10T18:58:53.464Z</time></trkpt><trkpt lat="51.07778333" lon="-115.36108833"><ele>1312.0</ele><time>2022-10-10T18:58:54.465Z</time></trkpt><trkpt lat="51.07778167" lon="-115.361085"><ele>1313.0</ele><time>2022-10-10T18:58:55.465Z</time></trkpt><trkpt lat="51.07778" lon="-115.36108667"><ele>1313.0</ele><time>2022-10-10T18:58:56.465Z</time></trkpt><trkpt lat="51.07778167" lon="-115.36108667"><ele>1314.0</ele><time>2022-10-10T18:58:57.465Z</time></trkpt><trkpt lat="51.07778333" lon="-115.361085"><ele>1315.0</ele><time>2022-10-10T18:58:58.465Z</time></trkpt><trkpt lat="51.07778167" lon="-115.36108667"><ele>1315.0</ele><time>2022-10-10T18:58:59.464Z</time></trkpt><trkpt lat="51.07777667" lon="-115.36108833"><ele>1315.0</ele><time>2022-10-10T18:59:00.465Z</time></trkpt><trkpt lat="51.077775" lon="-115.36108833"><ele>1315.0</ele><time>2022-10-10T18:59:01.465Z</time></trkpt><trkpt lat="51.07777833" lon="-115.36108833"><ele>1316.0</ele><time>2022-10-10T18:59:02.465Z</time></trkpt><trkpt lat="51.07777833" lon="-115.36108833"><ele>1316.0</ele><time>2022-10-10T18:59:03.465Z</time></trkpt><trkpt lat="51.07778167" lon="-115.36109"><ele>1317.0</ele><time>2022-10-10T18:59:04.465Z</time></trkpt><trkpt lat="51.07778" lon="-115.36108833"><ele>1317.0</ele><time>2022-10-10T18:59:05.465Z</time></trkpt><trkpt lat="51.07778167" lon="-115.36109167"><ele>1317.0</ele><time>2022-10-10T18:59:06.464Z</time></trkpt><trkpt lat="51.077785" lon="-115.36109167"><ele>1317.0</ele><time>2022-10-10T18:59:07.464Z</time></trkpt><trkpt lat="51.07778" lon="-115.36109333"><ele>1318.0</ele><time>2022-10-10T18:59:08.464Z</time></trkpt><trkpt lat="51.07777667" lon="-115.36109333"><ele>1318.0</ele><time>2022-10-10T18:59:09.465Z</time></trkpt><trkpt lat="51.07777" lon="-115.36109333"><ele>1318.0</ele><time>2022-10-10T18:59:10.465Z</time></trkpt><trkpt lat="51.07776833" lon="-115.36109333"><ele>1318.0</ele><time>2022-10-10T18:59:11.464Z</time></trkpt><trkpt lat="51.07777167" lon="-115.36108667"><ele>1318.0</ele><time>2022-10-10T18:59:12.465Z</time></trkpt><trkpt lat="51.07777333" lon="-115.36108333"><ele>1318.0</ele><time>2022-10-10T18:59:13.465Z</time></trkpt><trkpt lat="51.077775" lon="-115.36107833"><ele>1318.0</ele><time>2022-10-10T18:59:14.464Z</time></trkpt><trkpt lat="51.07777833" lon="-115.36107"><ele>1318.0</ele><time>2022-10-10T18:59:15.465Z</time></trkpt><trkpt lat="51.07778333" lon="-115.36106333"><ele>1318.0</ele><time>2022-10-10T18:59:16.465Z</time></trkpt><trkpt lat="51.07778333" lon="-115.36106167"><ele>1319.0</ele><time>2022-10-10T18:59:17.465Z</time></trkpt><trkpt lat="51.07778167" lon="-115.361065"><ele>1319.0</ele><time>2022-10-10T18:59:18.465Z</time></trkpt><trkpt lat="51.07778167" lon="-115.361065"><ele>1320.0</ele><time>2022-10-10T18:59:19.464Z</time></trkpt><trkpt lat="51.07778333" lon="-115.36106167"><ele>1320.0</ele><time>2022-10-10T18:59:20.464Z</time></trkpt><trkpt lat="51.07778833" lon="-115.36105833"><ele>1321.0</ele><time>2022-10-10T18:59:21.465Z</time></trkpt><trkpt lat="51.07779167" lon="-115.36105333"><ele>1321.0</ele><time>2022-10-10T18:59:22.465Z</time></trkpt><trkpt lat="51.07779333" lon="-115.36106"><ele>1321.0</ele><time>2022-10-10T18:59:23.465Z</time></trkpt><trkpt lat="51.07779167" lon="-115.36106167"><ele>1321.0</ele><time>2022-10-10T18:59:24.465Z</time></trkpt><trkpt lat="51.07779333" lon="-115.36105333"><ele>1321.0</ele><time>2022-10-10T18:59:25.465Z</time></trkpt><trkpt lat="51.07779833" lon="-115.36104333"><ele>1321.0</ele><time>2022-10-10T18:59:26.465Z</time></trkpt><trkpt lat="51.07779833" lon="-115.36104333"><ele>1321.0</ele><time>2022-10-10T18:59:27.464Z</time></trkpt><trkpt lat="51.077795" lon="-115.36105"><ele>1320.0</ele><time>2022-10-10T18:59:28.464Z</time></trkpt><trkpt lat="51.07779667" lon="-115.361055"><ele>1320.0</ele><time>2022-10-10T18:59:29.464Z</time></trkpt><trkpt lat="51.077795" lon="-115.36105667"><ele>1320.0</ele><time>2022-10-10T18:59:30.464Z</time></trkpt><trkpt lat="51.07779667" lon="-115.36105"><ele>1320.0</ele><time>2022-10-10T18:59:31.465Z</time></trkpt><trkpt lat="51.07779167" lon="-115.36104667"><ele>1320.0</ele><time>2022-10-10T18:59:32.465Z</time></trkpt><trkpt lat="51.07778167" lon="-115.361045"><ele>1319.0</ele><time>2022-10-10T18:59:33.465Z</time></trkpt><trkpt lat="51.07777167" lon="-115.36104333"><ele>1318.0</ele><time>2022-10-10T18:59:34.464Z</time></trkpt><trkpt lat="51.077745" lon="-115.36104667"><ele>1318.0</ele><time>2022-10-10T18:59:35.464Z</time></trkpt><trkpt lat="51.07773" lon="-115.36106667"><ele>1318.0</ele><time>2022-10-10T18:59:36.465Z</time></trkpt><trkpt lat="51.07772167" lon="-115.36108333"><ele>1317.0</ele><time>2022-10-10T18:59:37.465Z</time></trkpt><trkpt lat="51.07772" lon="-115.361095"><ele>1316.0</ele><time>2022-10-10T18:59:38.465Z</time></trkpt><trkpt lat="51.07772" lon="-115.3611"><ele>1315.0</ele><time>2022-10-10T18:59:39.465Z</time></trkpt><trkpt lat="51.07771167" lon="-115.36110667"><ele>1314.0</ele><time>2022-10-10T18:59:40.465Z</time></trkpt><trkpt lat="51.07770167" lon="-115.36111333"><ele>1314.0</ele><time>2022-10-10T18:59:41.465Z</time></trkpt><trkpt lat="51.07769833" lon="-115.36112333"><ele>1313.0</ele><time>2022-10-10T18:59:42.464Z</time></trkpt><trkpt lat="51.07770167" lon="-115.36113167"><ele>1313.0</ele><time>2022-10-10T18:59:43.465Z</time></trkpt><trkpt lat="51.07770333" lon="-115.36113333"><ele>1312.0</ele><time>2022-10-10T18:59:44.465Z</time></trkpt><trkpt lat="51.07771333" lon="-115.36112667"><ele>1312.0</ele><time>2022-10-10T18:59:45.465Z</time></trkpt><trkpt lat="51.07772667" lon="-115.36110667"><ele>1312.0</ele><time>2022-10-10T18:59:46.465Z</time></trkpt><trkpt lat="51.07773667" lon="-115.36108833"><ele>1312.0</ele><time>2022-10-10T18:59:47.464Z</time></trkpt><trkpt lat="51.07775" lon="-115.36107333"><ele>1312.0</ele><time>2022-10-10T18:59:48.464Z</time></trkpt><trkpt lat="51.07775333" lon="-115.36107667"><ele>1312.0</ele><time>2022-10-10T18:59:49.465Z</time></trkpt><trkpt lat="51.07775167" lon="-115.36108"><ele>1311.0</ele><time>2022-10-10T18:59:50.464Z</time></trkpt><trkpt lat="51.07774833" lon="-115.36108667"><ele>1311.0</ele><time>2022-10-10T18:59:51.465Z</time></trkpt><trkpt lat="51.07774833" lon="-115.36109333"><ele>1311.0</ele><time>2022-10-10T18:59:52.464Z</time></trkpt><trkpt lat="51.07774667" lon="-115.36109667"><ele>1311.0</ele><time>2022-10-10T18:59:53.464Z</time></trkpt><trkpt lat="51.07774667" lon="-115.3611"><ele>1311.0</ele><time>2022-10-10T18:59:54.464Z</time></trkpt><trkpt lat="51.07774667" lon="-115.36110333"><ele>1311.0</ele><time>2022-10-10T18:59:55.465Z</time></trkpt><trkpt lat="51.07774667" lon="-115.36110333"><ele>1311.0</ele><time>2022-10-10T18:59:56.464Z</time></trkpt><trkpt lat="51.07774833" lon="-115.361105"><ele>1311.0</ele><time>2022-10-10T18:59:57.465Z</time></trkpt><trkpt lat="51.07775167" lon="-115.36110333"><ele>1311.0</ele><time>2022-10-10T18:59:58.465Z</time></trkpt><trkpt lat="51.07775333" lon="-115.36110333"><ele>1311.0</ele><time>2022-10-10T18:59:59.465Z</time></trkpt><trkpt lat="51.07775667" lon="-115.36110333"><ele>1312.0</ele><time>2022-10-10T19:00:00.464Z</time></trkpt><trkpt lat="51.07775833" lon="-115.3611"><ele>1312.0</ele><time>2022-10-10T19:00:01.465Z</time></trkpt><trkpt lat="51.07776" lon="-115.36109667"><ele>1313.0</ele><time>2022-10-10T19:00:02.464Z</time></trkpt><trkpt lat="51.07776167" lon="-115.36109667"><ele>1313.0</ele><time>2022-10-10T19:00:03.464Z</time></trkpt><trkpt lat="51.07776167" lon="-115.3611"><ele>1314.0</ele><time>2022-10-10T19:00:04.465Z</time></trkpt><trkpt lat="51.07775833" lon="-115.3611"><ele>1314.0</ele><time>2022-10-10T19:00:05.465Z</time></trkpt><trkpt lat="51.07775667" lon="-115.361105"><ele>1314.0</ele><time>2022-10-10T19:00:06.464Z</time></trkpt><trkpt lat="51.07775667" lon="-115.36111"><ele>1314.0</ele><time>2022-10-10T19:00:07.464Z</time></trkpt><trkpt lat="51.077755" lon="-115.361115"><ele>1314.0</ele><time>2022-10-10T19:00:08.464Z</time></trkpt><trkpt lat="51.07775333" lon="-115.36112333"><ele>1314.0</ele><time>2022-10-10T19:00:09.464Z</time></trkpt><trkpt lat="51.07775167" lon="-115.36112833"><ele>1314.0</ele><time>2022-10-10T19:00:10.464Z</time></trkpt><trkpt lat="51.07774833" lon="-115.361135"><ele>1314.0</ele><time>2022-10-10T19:00:11.465Z</time></trkpt><trkpt lat="51.07774833" lon="-115.361145"><ele>1314.0</ele><time>2022-10-10T19:00:12.464Z</time></trkpt><trkpt lat="51.07775" lon="-115.36115"><ele>1314.0</ele><time>2022-10-10T19:00:13.465Z</time></trkpt><trkpt lat="51.07775333" lon="-115.36114333"><ele>1315.0</ele><time>2022-10-10T19:00:14.464Z</time></trkpt><trkpt lat="51.07775833" lon="-115.36113167"><ele>1315.0</ele><time>2022-10-10T19:00:15.465Z</time></trkpt><trkpt lat="51.07776333" lon="-115.36111667"><ele>1316.0</ele><time>2022-10-10T19:00:16.465Z</time></trkpt><trkpt lat="51.07776667" lon="-115.36110667"><ele>1316.0</ele><time>2022-10-10T19:00:17.465Z</time></trkpt><trkpt lat="51.07777" lon="-115.36110667"><ele>1317.0</ele><time>2022-10-10T19:00:18.464Z</time></trkpt><trkpt lat="51.07777667" lon="-115.361105"><ele>1317.0</ele><time>2022-10-10T19:00:19.465Z</time></trkpt><trkpt lat="51.07779" lon="-115.36110333"><ele>1318.0</ele><time>2022-10-10T19:00:20.465Z</time></trkpt><trkpt lat="51.0778" lon="-115.36110833"><ele>1319.0</ele><time>2022-10-10T19:00:21.465Z</time></trkpt><trkpt lat="51.07781" lon="-115.36111667"><ele>1319.0</ele><time>2022-10-10T19:00:22.464Z</time></trkpt><trkpt lat="51.07781833" lon="-115.36112"><ele>1319.0</ele><time>2022-10-10T19:00:23.465Z</time></trkpt><trkpt lat="51.07782667" lon="-115.36112"><ele>1320.0</ele><time>2022-10-10T19:00:24.465Z</time></trkpt><trkpt lat="51.07784167" lon="-115.36112"><ele>1320.0</ele><time>2022-10-10T19:00:25.465Z</time></trkpt><trkpt lat="51.07784833" lon="-115.36112167"><ele>1321.0</ele><time>2022-10-10T19:00:26.464Z</time></trkpt><trkpt lat="51.07785667" lon="-115.36112167"><ele>1321.0</ele><time>2022-10-10T19:00:27.464Z</time></trkpt><trkpt lat="51.07786333" lon="-115.361125"><ele>1321.0</ele><time>2022-10-10T19:00:28.465Z</time></trkpt><trkpt lat="51.07786667" lon="-115.36112"><ele>1321.0</ele><time>2022-10-10T19:00:29.464Z</time></trkpt><trkpt lat="51.07786833" lon="-115.36111333"><ele>1321.0</ele><time>2022-10-10T19:00:30.464Z</time></trkpt><trkpt lat="51.07786833" lon="-115.36111333"><ele>1321.0</ele><time>2022-10-10T19:00:31.464Z</time></trkpt><trkpt lat="51.07787" lon="-115.36111667"><ele>1321.0</ele><time>2022-10-10T19:00:32.465Z</time></trkpt><trkpt lat="51.077875" lon="-115.36112167"><ele>1321.0</ele><time>2022-10-10T19:00:33.465Z</time></trkpt><trkpt lat="51.07788667" lon="-115.36111833"><ele>1321.0</ele><time>2022-10-10T19:00:34.465Z</time></trkpt><trkpt lat="51.07788667" lon="-115.361115"><ele>1321.0</ele><time>2022-10-10T19:00:35.465Z</time></trkpt><trkpt lat="51.07789667" lon="-115.36110833"><ele>1321.0</ele><time>2022-10-10T19:00:36.464Z</time></trkpt><trkpt lat="51.07791167" lon="-115.36110833"><ele>1321.0</ele><time>2022-10-10T19:00:37.464Z</time></trkpt><trkpt lat="51.07791167" lon="-115.36112167"><ele>1321.0</ele><time>2022-10-10T19:00:38.465Z</time></trkpt><trkpt lat="51.07792167" lon="-115.36112833"><ele>1322.0</ele><time>2022-10-10T19:00:39.464Z</time></trkpt><trkpt lat="51.07793167" lon="-115.36113333"><ele>1321.0</ele><time>2022-10-10T19:00:40.465Z</time></trkpt><trkpt lat="51.07794" lon="-115.36113667"><ele>1321.0</ele><time>2022-10-10T19:00:41.465Z</time></trkpt><trkpt lat="51.07795" lon="-115.36114"><ele>1321.0</ele><time>2022-10-10T19:00:42.465Z</time></trkpt><trkpt lat="51.07795833" lon="-115.36114333"><ele>1321.0</ele><time>2022-10-10T19:00:43.465Z</time></trkpt><trkpt lat="51.07796833" lon="-115.36114167"><ele>1321.0</ele><time>2022-10-10T19:00:44.465Z</time></trkpt><trkpt lat="51.07797833" lon="-115.36114167"><ele>1321.0</ele><time>2022-10-10T19:00:45.465Z</time></trkpt><trkpt lat="51.07799" lon="-115.36113833"><ele>1321.0</ele><time>2022-10-10T19:00:46.464Z</time></trkpt><trkpt lat="51.07799833" lon="-115.361135"><ele>1321.0</ele><time>2022-10-10T19:00:47.465Z</time></trkpt><trkpt lat="51.07800667" lon="-115.361135"><ele>1322.0</ele><time>2022-10-10T19:00:48.465Z</time></trkpt><trkpt lat="51.07801667" lon="-115.36113167"><ele>1322.0</ele><time>2022-10-10T19:00:49.465Z</time></trkpt><trkpt lat="51.078025" lon="-115.36113333"><ele>1322.0</ele><time>2022-10-10T19:00:50.465Z</time></trkpt><trkpt lat="51.07802833" lon="-115.36113833"><ele>1322.0</ele><time>2022-10-10T19:00:51.465Z</time></trkpt><trkpt lat="51.078035" lon="-115.36114167"><ele>1322.0</ele><time>2022-10-10T19:00:52.465Z</time></trkpt><trkpt lat="51.07804333" lon="-115.36114333"><ele>1322.0</ele><time>2022-10-10T19:00:53.465Z</time></trkpt><trkpt lat="51.07805333" lon="-115.361145"><ele>1322.0</ele><time>2022-10-10T19:00:54.464Z</time></trkpt><trkpt lat="51.078065" lon="-115.36115333"><ele>1323.0</ele><time>2022-10-10T19:00:55.464Z</time></trkpt><trkpt lat="51.078075" lon="-115.36116167"><ele>1323.0</ele><time>2022-10-10T19:00:56.464Z</time></trkpt><trkpt lat="51.078085" lon="-115.36116833"><ele>1322.0</ele><time>2022-10-10T19:00:57.465Z</time></trkpt><trkpt lat="51.07809667" lon="-115.36117333"><ele>1322.0</ele><time>2022-10-10T19:00:58.465Z</time></trkpt><trkpt lat="51.07811167" lon="-115.36117667"><ele>1322.0</ele><time>2022-10-10T19:00:59.465Z</time></trkpt><trkpt lat="51.07812167" lon="-115.36118333"><ele>1322.0</ele><time>2022-10-10T19:01:00.465Z</time></trkpt><trkpt lat="51.07813167" lon="-115.36119"><ele>1322.0</ele><time>2022-10-10T19:01:01.464Z</time></trkpt><trkpt lat="51.07814333" lon="-115.36119833"><ele>1322.0</ele><time>2022-10-10T19:01:02.465Z</time></trkpt><trkpt lat="51.07815" lon="-115.36121"><ele>1322.0</ele><time>2022-10-10T19:01:03.465Z</time></trkpt><trkpt lat="51.078165" lon="-115.361215"><ele>1322.0</ele><time>2022-10-10T19:01:04.465Z</time></trkpt><trkpt lat="51.078175" lon="-115.36122333"><ele>1322.0</ele><time>2022-10-10T19:01:05.465Z</time></trkpt><trkpt lat="51.07818167" lon="-115.36123167"><ele>1322.0</ele><time>2022-10-10T19:01:06.465Z</time></trkpt><trkpt lat="51.07819333" lon="-115.36124167"><ele>1322.0</ele><time>2022-10-10T19:01:07.464Z</time></trkpt><trkpt lat="51.07820667" lon="-115.36124667"><ele>1321.0</ele><time>2022-10-10T19:01:08.465Z</time></trkpt><trkpt lat="51.07822" lon="-115.36125333"><ele>1321.0</ele><time>2022-10-10T19:01:09.465Z</time></trkpt><trkpt lat="51.07823333" lon="-115.36125833"><ele>1321.0</ele><time>2022-10-10T19:01:10.465Z</time></trkpt><trkpt lat="51.078245" lon="-115.36126667"><ele>1321.0</ele><time>2022-10-10T19:01:11.464Z</time></trkpt><trkpt lat="51.07825" lon="-115.36127667"><ele>1321.0</ele><time>2022-10-10T19:01:12.465Z</time></trkpt><trkpt lat="51.07825667" lon="-115.36128"><ele>1320.0</ele><time>2022-10-10T19:01:13.464Z</time></trkpt><trkpt lat="51.078265" lon="-115.36128833"><ele>1320.0</ele><time>2022-10-10T19:01:14.465Z</time></trkpt><trkpt lat="51.078275" lon="-115.36129833"><ele>1320.0</ele><time>2022-10-10T19:01:15.464Z</time></trkpt><trkpt lat="51.07828" lon="-115.36131167"><ele>1320.0</ele><time>2022-10-10T19:01:16.464Z</time></trkpt><trkpt lat="51.07828667" lon="-115.36131667"><ele>1320.0</ele><time>2022-10-10T19:01:17.464Z</time></trkpt><trkpt lat="51.07828833" lon="-115.36131833"><ele>1319.0</ele><time>2022-10-10T19:01:18.464Z</time></trkpt><trkpt lat="51.07829" lon="-115.36131833"><ele>1319.0</ele><time>2022-10-10T19:01:19.464Z</time></trkpt><trkpt lat="51.07829167" lon="-115.36131833"><ele>1319.0</ele><time>2022-10-10T19:01:20.464Z</time></trkpt><trkpt lat="51.07829333" lon="-115.36131667"><ele>1319.0</ele><time>2022-10-10T19:01:21.465Z</time></trkpt><trkpt lat="51.078295" lon="-115.361315"><ele>1318.0</ele><time>2022-10-10T19:01:22.465Z</time></trkpt><trkpt lat="51.07829833" lon="-115.36131667"><ele>1318.0</ele><time>2022-10-10T19:01:23.465Z</time></trkpt><trkpt lat="51.0783" lon="-115.36132"><ele>1318.0</ele><time>2022-10-10T19:01:24.465Z</time></trkpt><trkpt lat="51.07830333" lon="-115.36132667"><ele>1318.0</ele><time>2022-10-10T19:01:25.464Z</time></trkpt><trkpt lat="51.07831" lon="-115.36133667"><ele>1318.0</ele><time>2022-10-10T19:01:26.465Z</time></trkpt><trkpt lat="51.07831667" lon="-115.36135"><ele>1318.0</ele><time>2022-10-10T19:01:27.465Z</time></trkpt><trkpt lat="51.07832333" lon="-115.361365"><ele>1318.0</ele><time>2022-10-10T19:01:28.464Z</time></trkpt><trkpt lat="51.07833167" lon="-115.36137833"><ele>1318.0</ele><time>2022-10-10T19:01:29.465Z</time></trkpt><trkpt lat="51.07834333" lon="-115.36139"><ele>1318.0</ele><time>2022-10-10T19:01:30.464Z</time></trkpt><trkpt lat="51.07835167" lon="-115.3614"><ele>1318.0</ele><time>2022-10-10T19:01:31.465Z</time></trkpt><trkpt lat="51.07835833" lon="-115.36141167"><ele>1318.0</ele><time>2022-10-10T19:01:32.465Z</time></trkpt><trkpt lat="51.07836333" lon="-115.36141667"><ele>1318.0</ele><time>2022-10-10T19:01:33.465Z</time></trkpt><trkpt lat="51.07836833" lon="-115.36142167"><ele>1318.0</ele><time>2022-10-10T19:01:34.465Z</time></trkpt><trkpt lat="51.07837667" lon="-115.36142333"><ele>1318.0</ele><time>2022-10-10T19:01:35.465Z</time></trkpt><trkpt lat="51.078385" lon="-115.36142333"><ele>1318.0</ele><time>2022-10-10T19:01:36.464Z</time></trkpt><trkpt lat="51.07839333" lon="-115.36142667"><ele>1318.0</ele><time>2022-10-10T19:01:37.465Z</time></trkpt><trkpt lat="51.0784" lon="-115.36143"><ele>1318.0</ele><time>2022-10-10T19:01:38.465Z</time></trkpt><trkpt lat="51.078405" lon="-115.36143333"><ele>1318.0</ele><time>2022-10-10T19:01:39.465Z</time></trkpt><trkpt lat="51.07841" lon="-115.36144"><ele>1318.0</ele><time>2022-10-10T19:01:40.464Z</time></trkpt><trkpt lat="51.07842" lon="-115.36144667"><ele>1317.0</ele><time>2022-10-10T19:01:41.465Z</time></trkpt><trkpt lat="51.07843167" lon="-115.36144833"><ele>1317.0</ele><time>2022-10-10T19:01:42.465Z</time></trkpt><trkpt lat="51.07844333" lon="-115.361455"><ele>1317.0</ele><time>2022-10-10T19:01:43.465Z</time></trkpt><trkpt lat="51.078455" lon="-115.36146"><ele>1317.0</ele><time>2022-10-10T19:01:44.465Z</time></trkpt><trkpt lat="51.07846" lon="-115.36146167"><ele>1316.0</ele><time>2022-10-10T19:01:45.464Z</time></trkpt><trkpt lat="51.07847333" lon="-115.36146667"><ele>1316.0</ele><time>2022-10-10T19:01:46.465Z</time></trkpt><trkpt lat="51.07848833" lon="-115.36147"><ele>1316.0</ele><time>2022-10-10T19:01:47.465Z</time></trkpt><trkpt lat="51.07849833" lon="-115.36148"><ele>1316.0</ele><time>2022-10-10T19:01:48.465Z</time></trkpt><trkpt lat="51.07850833" lon="-115.36148833"><ele>1316.0</ele><time>2022-10-10T19:01:49.464Z</time></trkpt><trkpt lat="51.07851667" lon="-115.361495"><ele>1316.0</ele><time>2022-10-10T19:01:50.464Z</time></trkpt><trkpt lat="51.078525" lon="-115.3615"><ele>1316.0</ele><time>2022-10-10T19:01:51.465Z</time></trkpt><trkpt lat="51.07853167" lon="-115.36150833"><ele>1316.0</ele><time>2022-10-10T19:01:52.465Z</time></trkpt><trkpt lat="51.07854" lon="-115.361515"><ele>1316.0</ele><time>2022-10-10T19:01:53.465Z</time></trkpt><trkpt lat="51.07854667" lon="-115.36152167"><ele>1315.0</ele><time>2022-10-10T19:01:54.464Z</time></trkpt><trkpt lat="51.078555" lon="-115.36153167"><ele>1315.0</ele><time>2022-10-10T19:01:55.465Z</time></trkpt><trkpt lat="51.07856333" lon="-115.36154333"><ele>1315.0</ele><time>2022-10-10T19:01:56.465Z</time></trkpt><trkpt lat="51.07857333" lon="-115.36154833"><ele>1315.0</ele><time>2022-10-10T19:01:57.465Z</time></trkpt><trkpt lat="51.07858" lon="-115.36155833"><ele>1314.0</ele><time>2022-10-10T19:01:58.464Z</time></trkpt><trkpt lat="51.07859" lon="-115.36156667"><ele>1314.0</ele><time>2022-10-10T19:01:59.464Z</time></trkpt><trkpt lat="51.07860333" lon="-115.361575"><ele>1315.0</ele><time>2022-10-10T19:02:00.465Z</time></trkpt><trkpt lat="51.078615" lon="-115.36158333"><ele>1315.0</ele><time>2022-10-10T19:02:01.465Z</time></trkpt><trkpt lat="51.07862333" lon="-115.36159167"><ele>1315.0</ele><time>2022-10-10T19:02:02.465Z</time></trkpt><trkpt lat="51.07863167" lon="-115.36160167"><ele>1316.0</ele><time>2022-10-10T19:02:03.464Z</time></trkpt><trkpt lat="51.07864333" lon="-115.36161333"><ele>1316.0</ele><time>2022-10-10T19:02:04.465Z</time></trkpt><trkpt lat="51.07865167" lon="-115.361625"><ele>1316.0</ele><time>2022-10-10T19:02:05.465Z</time></trkpt><trkpt lat="51.078655" lon="-115.36164333"><ele>1317.0</ele><time>2022-10-10T19:02:06.465Z</time></trkpt><trkpt lat="51.07865833" lon="-115.36165667"><ele>1317.0</ele><time>2022-10-10T19:02:07.465Z</time></trkpt><trkpt lat="51.07867" lon="-115.36166333"><ele>1317.0</ele><time>2022-10-10T19:02:08.465Z</time></trkpt><trkpt lat="51.07868333" lon="-115.36167167"><ele>1317.0</ele><time>2022-10-10T19:02:09.464Z</time></trkpt><trkpt lat="51.07869833" lon="-115.36167833"><ele>1317.0</ele><time>2022-10-10T19:02:10.465Z</time></trkpt><trkpt lat="51.07871" lon="-115.36168667"><ele>1317.0</ele><time>2022-10-10T19:02:11.465Z</time></trkpt><trkpt lat="51.078725" lon="-115.36169"><ele>1317.0</ele><time>2022-10-10T19:02:12.465Z</time></trkpt><trkpt lat="51.07874" lon="-115.36169"><ele>1318.0</ele><time>2022-10-10T19:02:13.465Z</time></trkpt><trkpt lat="51.07875167" lon="-115.3617"><ele>1318.0</ele><time>2022-10-10T19:02:14.465Z</time></trkpt><trkpt lat="51.07875833" lon="-115.36171167"><ele>1319.0</ele><time>2022-10-10T19:02:15.465Z</time></trkpt><trkpt lat="51.07877" lon="-115.36172167"><ele>1319.0</ele><time>2022-10-10T19:02:16.465Z</time></trkpt><trkpt lat="51.07878" lon="-115.36173"><ele>1319.0</ele><time>2022-10-10T19:02:17.464Z</time></trkpt><trkpt lat="51.07879167" lon="-115.36174"><ele>1320.0</ele><time>2022-10-10T19:02:18.465Z</time></trkpt><trkpt lat="51.07879833" lon="-115.36174667"><ele>1319.0</ele><time>2022-10-10T19:02:19.465Z</time></trkpt><trkpt lat="51.07880167" lon="-115.36175667"><ele>1319.0</ele><time>2022-10-10T19:02:20.465Z</time></trkpt><trkpt lat="51.07880667" lon="-115.36176"><ele>1320.0</ele><time>2022-10-10T19:02:21.464Z</time></trkpt><trkpt lat="51.07880833" lon="-115.36176167"><ele>1320.0</ele><time>2022-10-10T19:02:22.464Z</time></trkpt><trkpt lat="51.07881167" lon="-115.36177"><ele>1320.0</ele><time>2022-10-10T19:02:23.464Z</time></trkpt><trkpt lat="51.07881667" lon="-115.36177667"><ele>1321.0</ele><time>2022-10-10T19:02:24.464Z</time></trkpt><trkpt lat="51.07882667" lon="-115.36178167"><ele>1321.0</ele><time>2022-10-10T19:02:25.464Z</time></trkpt><trkpt lat="51.078835" lon="-115.361785"><ele>1321.0</ele><time>2022-10-10T19:02:26.464Z</time></trkpt><trkpt lat="51.07884833" lon="-115.36179667"><ele>1322.0</ele><time>2022-10-10T19:02:27.464Z</time></trkpt><trkpt lat="51.07885667" lon="-115.36180667"><ele>1322.0</ele><time>2022-10-10T19:02:28.465Z</time></trkpt><trkpt lat="51.07886667" lon="-115.36181333"><ele>1322.0</ele><time>2022-10-10T19:02:29.464Z</time></trkpt><trkpt lat="51.07887667" lon="-115.36182333"><ele>1322.0</ele><time>2022-10-10T19:02:30.465Z</time></trkpt><trkpt lat="51.07888667" lon="-115.36183333"><ele>1322.0</ele><time>2022-10-10T19:02:31.465Z</time></trkpt><trkpt lat="51.07889667" lon="-115.36184167"><ele>1322.0</ele><time>2022-10-10T19:02:32.465Z</time></trkpt><trkpt lat="51.07890833" lon="-115.36185167"><ele>1322.0</ele><time>2022-10-10T19:02:33.465Z</time></trkpt><trkpt lat="51.07891833" lon="-115.36185833"><ele>1322.0</ele><time>2022-10-10T19:02:34.464Z</time></trkpt><trkpt lat="51.078925" lon="-115.36186667"><ele>1322.0</ele><time>2022-10-10T19:02:35.465Z</time></trkpt><trkpt lat="51.07893" lon="-115.361875"><ele>1322.0</ele><time>2022-10-10T19:02:36.465Z</time></trkpt><trkpt lat="51.07893833" lon="-115.36188667"><ele>1322.0</ele><time>2022-10-10T19:02:37.465Z</time></trkpt><trkpt lat="51.07894833" lon="-115.36189167"><ele>1322.0</ele><time>2022-10-10T19:02:38.464Z</time></trkpt><trkpt lat="51.07895833" lon="-115.36189667"><ele>1322.0</ele><time>2022-10-10T19:02:39.464Z</time></trkpt><trkpt lat="51.07896667" lon="-115.36190667"><ele>1322.0</ele><time>2022-10-10T19:02:40.465Z</time></trkpt><trkpt lat="51.07897667" lon="-115.361915"><ele>1322.0</ele><time>2022-10-10T19:02:41.465Z</time></trkpt><trkpt lat="51.07898167" lon="-115.36192667"><ele>1322.0</ele><time>2022-10-10T19:02:42.465Z</time></trkpt><trkpt lat="51.07899167" lon="-115.36194"><ele>1323.0</ele><time>2022-10-10T19:02:43.464Z</time></trkpt><trkpt lat="51.079" lon="-115.36195333"><ele>1323.0</ele><time>2022-10-10T19:02:44.465Z</time></trkpt><trkpt lat="51.07901" lon="-115.361965"><ele>1323.0</ele><time>2022-10-10T19:02:45.465Z</time></trkpt><trkpt lat="51.07902167" lon="-115.36198"><ele>1323.0</ele><time>2022-10-10T19:02:46.465Z</time></trkpt><trkpt lat="51.07903167" lon="-115.36199667"><ele>1322.0</ele><time>2022-10-10T19:02:47.464Z</time></trkpt><trkpt lat="51.07904333" lon="-115.36200833"><ele>1322.0</ele><time>2022-10-10T19:02:48.464Z</time></trkpt><trkpt lat="51.079055" lon="-115.36202"><ele>1321.0</ele><time>2022-10-10T19:02:49.465Z</time></trkpt><trkpt lat="51.07906667" lon="-115.36203333"><ele>1321.0</ele><time>2022-10-10T19:02:50.465Z</time></trkpt><trkpt lat="51.07907667" lon="-115.36204333"><ele>1321.0</ele><time>2022-10-10T19:02:51.465Z</time></trkpt><trkpt lat="51.07908333" lon="-115.362055"><ele>1321.0</ele><time>2022-10-10T19:02:52.464Z</time></trkpt><trkpt lat="51.07909167" lon="-115.362065"><ele>1320.0</ele><time>2022-10-10T19:02:53.465Z</time></trkpt><trkpt lat="51.0791" lon="-115.362075"><ele>1320.0</ele><time>2022-10-10T19:02:54.465Z</time></trkpt><trkpt lat="51.07911167" lon="-115.36208167"><ele>1320.0</ele><time>2022-10-10T19:02:55.465Z</time></trkpt><trkpt lat="51.07912" lon="-115.36208667"><ele>1319.0</ele><time>2022-10-10T19:02:56.465Z</time></trkpt><trkpt lat="51.07913167" lon="-115.36209333"><ele>1319.0</ele><time>2022-10-10T19:02:57.464Z</time></trkpt><trkpt lat="51.07914333" lon="-115.36209667"><ele>1319.0</ele><time>2022-10-10T19:02:58.465Z</time></trkpt><trkpt lat="51.07915667" lon="-115.36210167"><ele>1319.0</ele><time>2022-10-10T19:02:59.465Z</time></trkpt><trkpt lat="51.07917333" lon="-115.36211333"><ele>1319.0</ele><time>2022-10-10T19:03:00.465Z</time></trkpt><trkpt lat="51.079185" lon="-115.36212667"><ele>1319.0</ele><time>2022-10-10T19:03:01.464Z</time></trkpt><trkpt lat="51.07919167" lon="-115.36214"><ele>1319.0</ele><time>2022-10-10T19:03:02.465Z</time></trkpt><trkpt lat="51.07920167" lon="-115.36214667"><ele>1319.0</ele><time>2022-10-10T19:03:03.465Z</time></trkpt><trkpt lat="51.07920667" lon="-115.36216333"><ele>1319.0</ele><time>2022-10-10T19:03:04.464Z</time></trkpt><trkpt lat="51.07920833" lon="-115.36217333"><ele>1319.0</ele><time>2022-10-10T19:03:05.465Z</time></trkpt><trkpt lat="51.07921667" lon="-115.36219"><ele>1319.0</ele><time>2022-10-10T19:03:06.464Z</time></trkpt><trkpt lat="51.07923" lon="-115.3622"><ele>1319.0</ele><time>2022-10-10T19:03:07.464Z</time></trkpt><trkpt lat="51.079245" lon="-115.36221"><ele>1319.0</ele><time>2022-10-10T19:03:08.465Z</time></trkpt><trkpt lat="51.07925667" lon="-115.36222"><ele>1319.0</ele><time>2022-10-10T19:03:09.465Z</time></trkpt><trkpt lat="51.07926167" lon="-115.36222833"><ele>1319.0</ele><time>2022-10-10T19:03:10.464Z</time></trkpt><trkpt lat="51.07927333" lon="-115.36224167"><ele>1319.0</ele><time>2022-10-10T19:03:11.465Z</time></trkpt><trkpt lat="51.07928167" lon="-115.36225333"><ele>1319.0</ele><time>2022-10-10T19:03:12.464Z</time></trkpt><trkpt lat="51.07929" lon="-115.36226333"><ele>1319.0</ele><time>2022-10-10T19:03:13.465Z</time></trkpt><trkpt lat="51.07929833" lon="-115.36227"><ele>1319.0</ele><time>2022-10-10T19:03:14.464Z</time></trkpt><trkpt lat="51.07931" lon="-115.36227833"><ele>1319.0</ele><time>2022-10-10T19:03:15.465Z</time></trkpt><trkpt lat="51.07932" lon="-115.36228833"><ele>1319.0</ele><time>2022-10-10T19:03:16.465Z</time></trkpt><trkpt lat="51.07932833" lon="-115.362295"><ele>1319.0</ele><time>2022-10-10T19:03:17.465Z</time></trkpt><trkpt lat="51.079335" lon="-115.362305"><ele>1319.0</ele><time>2022-10-10T19:03:18.464Z</time></trkpt><trkpt lat="51.079345" lon="-115.362315"><ele>1319.0</ele><time>2022-10-10T19:03:19.465Z</time></trkpt><trkpt lat="51.07935333" lon="-115.362325"><ele>1319.0</ele><time>2022-10-10T19:03:20.465Z</time></trkpt><trkpt lat="51.07936167" lon="-115.362335"><ele>1319.0</ele><time>2022-10-10T19:03:21.464Z</time></trkpt><trkpt lat="51.07936833" lon="-115.36234833"><ele>1319.0</ele><time>2022-10-10T19:03:22.465Z</time></trkpt><trkpt lat="51.07937667" lon="-115.36236167"><ele>1319.0</ele><time>2022-10-10T19:03:23.465Z</time></trkpt><trkpt lat="51.079385" lon="-115.36237167"><ele>1320.0</ele><time>2022-10-10T19:03:24.465Z</time></trkpt><trkpt lat="51.07938833" lon="-115.36238167"><ele>1320.0</ele><time>2022-10-10T19:03:25.464Z</time></trkpt><trkpt lat="51.079385" lon="-115.36239667"><ele>1319.0</ele><time>2022-10-10T19:03:26.465Z</time></trkpt><trkpt lat="51.07938167" lon="-115.36240833"><ele>1319.0</ele><time>2022-10-10T19:03:27.465Z</time></trkpt><trkpt lat="51.07938" lon="-115.36241333"><ele>1319.0</ele><time>2022-10-10T19:03:28.464Z</time></trkpt><trkpt lat="51.07937833" lon="-115.36241833"><ele>1319.0</ele><time>2022-10-10T19:03:29.465Z</time></trkpt><trkpt lat="51.07937667" lon="-115.36242167"><ele>1319.0</ele><time>2022-10-10T19:03:30.465Z</time></trkpt><trkpt lat="51.079375" lon="-115.36242"><ele>1318.0</ele><time>2022-10-10T19:03:31.465Z</time></trkpt><trkpt lat="51.07937167" lon="-115.36241833"><ele>1318.0</ele><time>2022-10-10T19:03:32.464Z</time></trkpt><trkpt lat="51.07937167" lon="-115.362415"><ele>1318.0</ele><time>2022-10-10T19:03:33.465Z</time></trkpt><trkpt lat="51.07937" lon="-115.362415"><ele>1318.0</ele><time>2022-10-10T19:03:34.465Z</time></trkpt><trkpt lat="51.079365" lon="-115.362415"><ele>1318.0</ele><time>2022-10-10T19:03:35.464Z</time></trkpt><trkpt lat="51.07936" lon="-115.36241667"><ele>1319.0</ele><time>2022-10-10T19:03:36.465Z</time></trkpt><trkpt lat="51.07936" lon="-115.36242167"><ele>1319.0</ele><time>2022-10-10T19:03:37.465Z</time></trkpt><trkpt lat="51.07936" lon="-115.36242667"><ele>1319.0</ele><time>2022-10-10T19:03:38.465Z</time></trkpt><trkpt lat="51.07936167" lon="-115.36243"><ele>1319.0</ele><time>2022-10-10T19:03:39.465Z</time></trkpt><trkpt lat="51.07936333" lon="-115.36243"><ele>1319.0</ele><time>2022-10-10T19:03:40.465Z</time></trkpt><trkpt lat="51.079365" lon="-115.36243167"><ele>1319.0</ele><time>2022-10-10T19:03:41.465Z</time></trkpt><trkpt lat="51.07936833" lon="-115.36243167"><ele>1319.0</ele><time>2022-10-10T19:03:42.465Z</time></trkpt><trkpt lat="51.07936833" lon="-115.36243"><ele>1319.0</ele><time>2022-10-10T19:03:43.464Z</time></trkpt><trkpt lat="51.07937333" lon="-115.36242833"><ele>1320.0</ele><time>2022-10-10T19:03:44.465Z</time></trkpt><trkpt lat="51.079365" lon="-115.36243833"><ele>1320.0</ele><time>2022-10-10T19:03:45.465Z</time></trkpt><trkpt lat="51.07937" lon="-115.36244167"><ele>1321.0</ele><time>2022-10-10T19:03:46.465Z</time></trkpt><trkpt lat="51.07937" lon="-115.36244833"><ele>1322.0</ele><time>2022-10-10T19:03:47.465Z</time></trkpt><trkpt lat="51.07937667" lon="-115.36245"><ele>1322.0</ele><time>2022-10-10T19:03:48.465Z</time></trkpt><trkpt lat="51.07938167" lon="-115.36245"><ele>1323.0</ele><time>2022-10-10T19:03:49.465Z</time></trkpt><trkpt lat="51.07938" lon="-115.36245167"><ele>1322.0</ele><time>2022-10-10T19:03:50.464Z</time></trkpt><trkpt lat="51.07937833" lon="-115.36245167"><ele>1322.0</ele><time>2022-10-10T19:03:51.465Z</time></trkpt><trkpt lat="51.07937833" lon="-115.36245333"><ele>1322.0</ele><time>2022-10-10T19:03:52.465Z</time></trkpt><trkpt lat="51.07937833" lon="-115.362455"><ele>1323.0</ele><time>2022-10-10T19:03:53.464Z</time></trkpt><trkpt lat="51.07937667" lon="-115.362455"><ele>1323.0</ele><time>2022-10-10T19:03:54.464Z</time></trkpt><trkpt lat="51.079375" lon="-115.36245667"><ele>1324.0</ele><time>2022-10-10T19:03:55.464Z</time></trkpt><trkpt lat="51.07937333" lon="-115.362455"><ele>1324.0</ele><time>2022-10-10T19:03:56.465Z</time></trkpt><trkpt lat="51.07937333" lon="-115.36245167"><ele>1324.0</ele><time>2022-10-10T19:03:57.465Z</time></trkpt><trkpt lat="51.07937167" lon="-115.36245333"><ele>1325.0</ele><time>2022-10-10T19:03:58.465Z</time></trkpt><trkpt lat="51.07937167" lon="-115.36245333"><ele>1325.0</ele><time>2022-10-10T19:03:59.465Z</time></trkpt><trkpt lat="51.07937333" lon="-115.362455"><ele>1325.0</ele><time>2022-10-10T19:04:00.464Z</time></trkpt><trkpt lat="51.07937667" lon="-115.36245667"><ele>1324.0</ele><time>2022-10-10T19:04:01.465Z</time></trkpt><trkpt lat="51.07938167" lon="-115.36245667"><ele>1324.0</ele><time>2022-10-10T19:04:02.465Z</time></trkpt><trkpt lat="51.07938833" lon="-115.362455"><ele>1324.0</ele><time>2022-10-10T19:04:03.465Z</time></trkpt><trkpt lat="51.07939333" lon="-115.36246"><ele>1323.0</ele><time>2022-10-10T19:04:04.464Z</time></trkpt><trkpt lat="51.0794" lon="-115.36246833"><ele>1323.0</ele><time>2022-10-10T19:04:05.465Z</time></trkpt><trkpt lat="51.07940833" lon="-115.36247833"><ele>1323.0</ele><time>2022-10-10T19:04:06.465Z</time></trkpt><trkpt lat="51.07941667" lon="-115.36249333"><ele>1323.0</ele><time>2022-10-10T19:04:07.464Z</time></trkpt><trkpt lat="51.07942333" lon="-115.36250667"><ele>1322.0</ele><time>2022-10-10T19:04:08.465Z</time></trkpt><trkpt lat="51.07942833" lon="-115.36252"><ele>1322.0</ele><time>2022-10-10T19:04:09.465Z</time></trkpt><trkpt lat="51.07943333" lon="-115.36253833"><ele>1321.0</ele><time>2022-10-10T19:04:10.465Z</time></trkpt><trkpt lat="51.07943667" lon="-115.36255"><ele>1321.0</ele><time>2022-10-10T19:04:11.465Z</time></trkpt><trkpt lat="51.07944333" lon="-115.36256333"><ele>1321.0</ele><time>2022-10-10T19:04:12.465Z</time></trkpt><trkpt lat="51.07945" lon="-115.36258167"><ele>1321.0</ele><time>2022-10-10T19:04:13.465Z</time></trkpt><trkpt lat="51.079455" lon="-115.36259667"><ele>1320.0</ele><time>2022-10-10T19:04:14.464Z</time></trkpt><trkpt lat="51.07945833" lon="-115.36261167"><ele>1320.0</ele><time>2022-10-10T19:04:15.465Z</time></trkpt><trkpt lat="51.07946167" lon="-115.362625"><ele>1320.0</ele><time>2022-10-10T19:04:16.465Z</time></trkpt><trkpt lat="51.07946667" lon="-115.36263667"><ele>1319.0</ele><time>2022-10-10T19:04:17.464Z</time></trkpt><trkpt lat="51.07947" lon="-115.36265167"><ele>1319.0</ele><time>2022-10-10T19:04:18.465Z</time></trkpt><trkpt lat="51.07947667" lon="-115.36266167"><ele>1319.0</ele><time>2022-10-10T19:04:19.465Z</time></trkpt><trkpt lat="51.07948333" lon="-115.36267833"><ele>1318.0</ele><time>2022-10-10T19:04:20.465Z</time></trkpt><trkpt lat="51.07948667" lon="-115.36269333"><ele>1318.0</ele><time>2022-10-10T19:04:21.464Z</time></trkpt><trkpt lat="51.07949" lon="-115.36271"><ele>1318.0</ele><time>2022-10-10T19:04:22.464Z</time></trkpt><trkpt lat="51.07949333" lon="-115.36272833"><ele>1317.0</ele><time>2022-10-10T19:04:23.465Z</time></trkpt><trkpt lat="51.07949667" lon="-115.36275167"><ele>1317.0</ele><time>2022-10-10T19:04:24.465Z</time></trkpt><trkpt lat="51.07950333" lon="-115.36276833"><ele>1317.0</ele><time>2022-10-10T19:04:25.464Z</time></trkpt><trkpt lat="51.07951" lon="-115.362785"><ele>1317.0</ele><time>2022-10-10T19:04:26.464Z</time></trkpt><trkpt lat="51.079515" lon="-115.36280333"><ele>1316.0</ele><time>2022-10-10T19:04:27.464Z</time></trkpt><trkpt lat="51.07950667" lon="-115.36281833"><ele>1316.0</ele><time>2022-10-10T19:04:28.464Z</time></trkpt><trkpt lat="51.07949833" lon="-115.36284667"><ele>1315.0</ele><time>2022-10-10T19:04:29.465Z</time></trkpt><trkpt lat="51.07950333" lon="-115.362865"><ele>1315.0</ele><time>2022-10-10T19:04:30.464Z</time></trkpt><trkpt lat="51.07951" lon="-115.362885"><ele>1314.0</ele><time>2022-10-10T19:04:31.465Z</time></trkpt><trkpt lat="51.07951167" lon="-115.36290167"><ele>1314.0</ele><time>2022-10-10T19:04:32.465Z</time></trkpt><trkpt lat="51.079515" lon="-115.36292"><ele>1314.0</ele><time>2022-10-10T19:04:33.464Z</time></trkpt><trkpt lat="51.07951667" lon="-115.36294167"><ele>1315.0</ele><time>2022-10-10T19:04:34.465Z</time></trkpt><trkpt lat="51.07951667" lon="-115.362955"><ele>1315.0</ele><time>2022-10-10T19:04:35.465Z</time></trkpt><trkpt lat="51.07952167" lon="-115.36296833"><ele>1315.0</ele><time>2022-10-10T19:04:36.464Z</time></trkpt><trkpt lat="51.07952833" lon="-115.36298"><ele>1315.0</ele><time>2022-10-10T19:04:37.464Z</time></trkpt><trkpt lat="51.079535" lon="-115.36299333"><ele>1315.0</ele><time>2022-10-10T19:04:38.465Z</time></trkpt><trkpt lat="51.07954" lon="-115.363005"><ele>1315.0</ele><time>2022-10-10T19:04:39.465Z</time></trkpt><trkpt lat="51.079545" lon="-115.36302167"><ele>1316.0</ele><time>2022-10-10T19:04:40.465Z</time></trkpt><trkpt lat="51.07955167" lon="-115.363035"><ele>1316.0</ele><time>2022-10-10T19:04:41.465Z</time></trkpt><trkpt lat="51.07955667" lon="-115.36304667"><ele>1316.0</ele><time>2022-10-10T19:04:42.465Z</time></trkpt><trkpt lat="51.07956333" lon="-115.36306167"><ele>1317.0</ele><time>2022-10-10T19:04:43.464Z</time></trkpt><trkpt lat="51.07956667" lon="-115.36307667"><ele>1317.0</ele><time>2022-10-10T19:04:44.465Z</time></trkpt><trkpt lat="51.07956833" lon="-115.36309167"><ele>1317.0</ele><time>2022-10-10T19:04:45.465Z</time></trkpt><trkpt lat="51.079575" lon="-115.36311167"><ele>1318.0</ele><time>2022-10-10T19:04:46.464Z</time></trkpt><trkpt lat="51.07957833" lon="-115.36313167"><ele>1318.0</ele><time>2022-10-10T19:04:47.465Z</time></trkpt><trkpt lat="51.079585" lon="-115.36314833"><ele>1318.0</ele><time>2022-10-10T19:04:48.465Z</time></trkpt><trkpt lat="51.07958833" lon="-115.36316333"><ele>1318.0</ele><time>2022-10-10T19:04:49.465Z</time></trkpt><trkpt lat="51.07959167" lon="-115.36318"><ele>1318.0</ele><time>2022-10-10T19:04:50.464Z</time></trkpt><trkpt lat="51.07960167" lon="-115.3632"><ele>1318.0</ele><time>2022-10-10T19:04:51.465Z</time></trkpt><trkpt lat="51.07960833" lon="-115.36321833"><ele>1318.0</ele><time>2022-10-10T19:04:52.465Z</time></trkpt><trkpt lat="51.079615" lon="-115.36323667"><ele>1318.0</ele><time>2022-10-10T19:04:53.464Z</time></trkpt><trkpt lat="51.07962167" lon="-115.36325333"><ele>1318.0</ele><time>2022-10-10T19:04:54.465Z</time></trkpt><trkpt lat="51.079625" lon="-115.36326667"><ele>1318.0</ele><time>2022-10-10T19:04:55.465Z</time></trkpt><trkpt lat="51.07963" lon="-115.36328667"><ele>1318.0</ele><time>2022-10-10T19:04:56.465Z</time></trkpt><trkpt lat="51.07963167" lon="-115.36330333"><ele>1318.0</ele><time>2022-10-10T19:04:57.464Z</time></trkpt><trkpt lat="51.07963167" lon="-115.36332167"><ele>1317.0</ele><time>2022-10-10T19:04:58.465Z</time></trkpt><trkpt lat="51.07963833" lon="-115.36333667"><ele>1317.0</ele><time>2022-10-10T19:04:59.464Z</time></trkpt><trkpt lat="51.07964333" lon="-115.36335167"><ele>1317.0</ele><time>2022-10-10T19:05:00.465Z</time></trkpt><trkpt lat="51.079645" lon="-115.36336667"><ele>1317.0</ele><time>2022-10-10T19:05:01.465Z</time></trkpt><trkpt lat="51.07964833" lon="-115.36338"><ele>1317.0</ele><time>2022-10-10T19:05:02.464Z</time></trkpt><trkpt lat="51.07965833" lon="-115.36339"><ele>1318.0</ele><time>2022-10-10T19:05:03.464Z</time></trkpt><trkpt lat="51.07967667" lon="-115.36338833"><ele>1318.0</ele><time>2022-10-10T19:05:04.465Z</time></trkpt><trkpt lat="51.079685" lon="-115.36340167"><ele>1318.0</ele><time>2022-10-10T19:05:05.465Z</time></trkpt><trkpt lat="51.07969333" lon="-115.36341833"><ele>1318.0</ele><time>2022-10-10T19:05:06.464Z</time></trkpt><trkpt lat="51.07970833" lon="-115.36343333"><ele>1317.0</ele><time>2022-10-10T19:05:07.465Z</time></trkpt><trkpt lat="51.079715" lon="-115.36345833"><ele>1317.0</ele><time>2022-10-10T19:05:08.465Z</time></trkpt><trkpt lat="51.07971333" lon="-115.36348"><ele>1317.0</ele><time>2022-10-10T19:05:09.465Z</time></trkpt><trkpt lat="51.07971667" lon="-115.36350333"><ele>1317.0</ele><time>2022-10-10T19:05:10.465Z</time></trkpt><trkpt lat="51.07972" lon="-115.36351833"><ele>1317.0</ele><time>2022-10-10T19:05:11.465Z</time></trkpt><trkpt lat="51.07973333" lon="-115.36353167"><ele>1317.0</ele><time>2022-10-10T19:05:12.465Z</time></trkpt><trkpt lat="51.07974167" lon="-115.36354667"><ele>1317.0</ele><time>2022-10-10T19:05:13.464Z</time></trkpt><trkpt lat="51.07975333" lon="-115.363555"><ele>1318.0</ele><time>2022-10-10T19:05:14.465Z</time></trkpt><trkpt lat="51.07975667" lon="-115.363585"><ele>1318.0</ele><time>2022-10-10T19:05:15.465Z</time></trkpt><trkpt lat="51.07975833" lon="-115.36361"><ele>1318.0</ele><time>2022-10-10T19:05:16.464Z</time></trkpt><trkpt lat="51.07976167" lon="-115.36363167"><ele>1318.0</ele><time>2022-10-10T19:05:17.465Z</time></trkpt><trkpt lat="51.07977" lon="-115.36364167"><ele>1318.0</ele><time>2022-10-10T19:05:18.465Z</time></trkpt><trkpt lat="51.07977833" lon="-115.36365"><ele>1318.0</ele><time>2022-10-10T19:05:19.465Z</time></trkpt><trkpt lat="51.07978667" lon="-115.36366167"><ele>1318.0</ele><time>2022-10-10T19:05:20.464Z</time></trkpt><trkpt lat="51.079795" lon="-115.363675"><ele>1318.0</ele><time>2022-10-10T19:05:21.464Z</time></trkpt><trkpt lat="51.079805" lon="-115.36368833"><ele>1318.0</ele><time>2022-10-10T19:05:22.464Z</time></trkpt><trkpt lat="51.07981333" lon="-115.36369667"><ele>1318.0</ele><time>2022-10-10T19:05:23.464Z</time></trkpt><trkpt lat="51.07982167" lon="-115.36370667"><ele>1318.0</ele><time>2022-10-10T19:05:24.465Z</time></trkpt><trkpt lat="51.07982667" lon="-115.36371667"><ele>1318.0</ele><time>2022-10-10T19:05:25.465Z</time></trkpt><trkpt lat="51.079835" lon="-115.36372833"><ele>1319.0</ele><time>2022-10-10T19:05:26.464Z</time></trkpt><trkpt lat="51.079845" lon="-115.36373667"><ele>1319.0</ele><time>2022-10-10T19:05:27.465Z</time></trkpt><trkpt lat="51.07986" lon="-115.36374333"><ele>1320.0</ele><time>2022-10-10T19:05:28.465Z</time></trkpt><trkpt lat="51.07987" lon="-115.36375833"><ele>1320.0</ele><time>2022-10-10T19:05:29.465Z</time></trkpt><trkpt lat="51.07988" lon="-115.363775"><ele>1321.0</ele><time>2022-10-10T19:05:30.464Z</time></trkpt><trkpt lat="51.07988667" lon="-115.36378667"><ele>1321.0</ele><time>2022-10-10T19:05:31.465Z</time></trkpt><trkpt lat="51.07989667" lon="-115.3638"><ele>1321.0</ele><time>2022-10-10T19:05:32.465Z</time></trkpt><trkpt lat="51.079905" lon="-115.36381"><ele>1321.0</ele><time>2022-10-10T19:05:33.464Z</time></trkpt><trkpt lat="51.079915" lon="-115.36382167"><ele>1321.0</ele><time>2022-10-10T19:05:34.465Z</time></trkpt><trkpt lat="51.07992333" lon="-115.36383333"><ele>1321.0</ele><time>2022-10-10T19:05:35.465Z</time></trkpt><trkpt lat="51.07993" lon="-115.36384667"><ele>1321.0</ele><time>2022-10-10T19:05:36.465Z</time></trkpt><trkpt lat="51.07993833" lon="-115.36386"><ele>1321.0</ele><time>2022-10-10T19:05:37.465Z</time></trkpt><trkpt lat="51.07994833" lon="-115.36387833"><ele>1321.0</ele><time>2022-10-10T19:05:38.465Z</time></trkpt><trkpt lat="51.07995667" lon="-115.36389667"><ele>1321.0</ele><time>2022-10-10T19:05:39.465Z</time></trkpt><trkpt lat="51.07996667" lon="-115.363915"><ele>1321.0</ele><time>2022-10-10T19:05:40.464Z</time></trkpt><trkpt lat="51.079975" lon="-115.36393167"><ele>1320.0</ele><time>2022-10-10T19:05:41.465Z</time></trkpt><trkpt lat="51.07998167" lon="-115.36395"><ele>1319.0</ele><time>2022-10-10T19:05:42.465Z</time></trkpt><trkpt lat="51.07998667" lon="-115.363965"><ele>1318.0</ele><time>2022-10-10T19:05:43.464Z</time></trkpt><trkpt lat="51.079995" lon="-115.36398"><ele>1318.0</ele><time>2022-10-10T19:05:44.465Z</time></trkpt><trkpt lat="51.08000167" lon="-115.36399167"><ele>1317.0</ele><time>2022-10-10T19:05:45.465Z</time></trkpt><trkpt lat="51.08000833" lon="-115.36400333"><ele>1317.0</ele><time>2022-10-10T19:05:46.464Z</time></trkpt><trkpt lat="51.08001833" lon="-115.36401667"><ele>1316.0</ele><time>2022-10-10T19:05:47.465Z</time></trkpt><trkpt lat="51.08002333" lon="-115.36403"><ele>1316.0</ele><time>2022-10-10T19:05:48.465Z</time></trkpt><trkpt lat="51.08003333" lon="-115.36404"><ele>1316.0</ele><time>2022-10-10T19:05:49.465Z</time></trkpt><trkpt lat="51.08004" lon="-115.36404833"><ele>1315.0</ele><time>2022-10-10T19:05:50.464Z</time></trkpt><trkpt lat="51.080045" lon="-115.36406"><ele>1315.0</ele><time>2022-10-10T19:05:51.465Z</time></trkpt><trkpt lat="51.08005167" lon="-115.36407333"><ele>1314.0</ele><time>2022-10-10T19:05:52.465Z</time></trkpt><trkpt lat="51.08005833" lon="-115.36408667"><ele>1314.0</ele><time>2022-10-10T19:05:53.464Z</time></trkpt><trkpt lat="51.08006333" lon="-115.36409833"><ele>1313.0</ele><time>2022-10-10T19:05:54.465Z</time></trkpt><trkpt lat="51.080065" lon="-115.36411333"><ele>1313.0</ele><time>2022-10-10T19:05:55.465Z</time></trkpt><trkpt lat="51.080065" lon="-115.36413"><ele>1313.0</ele><time>2022-10-10T19:05:56.465Z</time></trkpt><trkpt lat="51.080065" lon="-115.36414"><ele>1313.0</ele><time>2022-10-10T19:05:57.465Z</time></trkpt><trkpt lat="51.080075" lon="-115.364155"><ele>1313.0</ele><time>2022-10-10T19:05:58.465Z</time></trkpt><trkpt lat="51.08008167" lon="-115.36417"><ele>1312.0</ele><time>2022-10-10T19:05:59.465Z</time></trkpt><trkpt lat="51.08009167" lon="-115.36418333"><ele>1312.0</ele><time>2022-10-10T19:06:00.465Z</time></trkpt><trkpt lat="51.0801" lon="-115.364195"><ele>1311.0</ele><time>2022-10-10T19:06:01.464Z</time></trkpt><trkpt lat="51.080105" lon="-115.36421333"><ele>1311.0</ele><time>2022-10-10T19:06:02.465Z</time></trkpt><trkpt lat="51.08011333" lon="-115.36423"><ele>1311.0</ele><time>2022-10-10T19:06:03.465Z</time></trkpt><trkpt lat="51.08011833" lon="-115.36424833"><ele>1310.0</ele><time>2022-10-10T19:06:04.464Z</time></trkpt><trkpt lat="51.08012333" lon="-115.364265"><ele>1310.0</ele><time>2022-10-10T19:06:05.465Z</time></trkpt><trkpt lat="51.08012833" lon="-115.36427667"><ele>1309.0</ele><time>2022-10-10T19:06:06.465Z</time></trkpt><trkpt lat="51.08013333" lon="-115.36428333"><ele>1309.0</ele><time>2022-10-10T19:06:07.465Z</time></trkpt><trkpt lat="51.08014" lon="-115.36429833"><ele>1309.0</ele><time>2022-10-10T19:06:08.464Z</time></trkpt><trkpt lat="51.08014167" lon="-115.36431333"><ele>1309.0</ele><time>2022-10-10T19:06:09.465Z</time></trkpt><trkpt lat="51.080145" lon="-115.364325"><ele>1309.0</ele><time>2022-10-10T19:06:10.465Z</time></trkpt><trkpt lat="51.08014667" lon="-115.364335"><ele>1309.0</ele><time>2022-10-10T19:06:11.465Z</time></trkpt><trkpt lat="51.08015167" lon="-115.36434667"><ele>1309.0</ele><time>2022-10-10T19:06:12.464Z</time></trkpt><trkpt lat="51.08016" lon="-115.36436333"><ele>1309.0</ele><time>2022-10-10T19:06:13.464Z</time></trkpt><trkpt lat="51.08016833" lon="-115.36437833"><ele>1309.0</ele><time>2022-10-10T19:06:14.464Z</time></trkpt><trkpt lat="51.08017667" lon="-115.36439167"><ele>1309.0</ele><time>2022-10-10T19:06:15.464Z</time></trkpt><trkpt lat="51.08018" lon="-115.36440833"><ele>1309.0</ele><time>2022-10-10T19:06:16.464Z</time></trkpt><trkpt lat="51.08018333" lon="-115.36442333"><ele>1309.0</ele><time>2022-10-10T19:06:17.465Z</time></trkpt><trkpt lat="51.08019167" lon="-115.36443833"><ele>1309.0</ele><time>2022-10-10T19:06:18.465Z</time></trkpt><trkpt lat="51.0802" lon="-115.36444667"><ele>1309.0</ele><time>2022-10-10T19:06:19.464Z</time></trkpt><trkpt lat="51.08020667" lon="-115.36445833"><ele>1310.0</ele><time>2022-10-10T19:06:20.465Z</time></trkpt><trkpt lat="51.08021" lon="-115.36447167"><ele>1310.0</ele><time>2022-10-10T19:06:21.465Z</time></trkpt><trkpt lat="51.080215" lon="-115.364485"><ele>1310.0</ele><time>2022-10-10T19:06:22.464Z</time></trkpt><trkpt lat="51.08022167" lon="-115.36449833"><ele>1311.0</ele><time>2022-10-10T19:06:23.465Z</time></trkpt><trkpt lat="51.08022833" lon="-115.36451"><ele>1311.0</ele><time>2022-10-10T19:06:24.465Z</time></trkpt><trkpt lat="51.08023667" lon="-115.36452167"><ele>1312.0</ele><time>2022-10-10T19:06:25.465Z</time></trkpt><trkpt lat="51.08024167" lon="-115.36453667"><ele>1312.0</ele><time>2022-10-10T19:06:26.465Z</time></trkpt><trkpt lat="51.080245" lon="-115.36455"><ele>1312.0</ele><time>2022-10-10T19:06:27.465Z</time></trkpt><trkpt lat="51.08025333" lon="-115.36456333"><ele>1312.0</ele><time>2022-10-10T19:06:28.464Z</time></trkpt><trkpt lat="51.08025833" lon="-115.36457667"><ele>1312.0</ele><time>2022-10-10T19:06:29.464Z</time></trkpt><trkpt lat="51.08026333" lon="-115.36459"><ele>1313.0</ele><time>2022-10-10T19:06:30.465Z</time></trkpt><trkpt lat="51.08027" lon="-115.36459833"><ele>1313.0</ele><time>2022-10-10T19:06:31.465Z</time></trkpt><trkpt lat="51.08027667" lon="-115.36461"><ele>1314.0</ele><time>2022-10-10T19:06:32.464Z</time></trkpt><trkpt lat="51.080285" lon="-115.36462167"><ele>1314.0</ele><time>2022-10-10T19:06:33.465Z</time></trkpt><trkpt lat="51.08029" lon="-115.36463"><ele>1314.0</ele><time>2022-10-10T19:06:34.464Z</time></trkpt><trkpt lat="51.08029" lon="-115.36463"><ele>1315.0</ele><time>2022-10-10T19:06:35.465Z</time></trkpt><trkpt lat="51.08029" lon="-115.36463"><ele>1315.0</ele><time>2022-10-10T19:06:36.464Z</time></trkpt><trkpt lat="51.08029167" lon="-115.36462833"><ele>1315.0</ele><time>2022-10-10T19:06:37.464Z</time></trkpt><trkpt lat="51.08029667" lon="-115.364625"><ele>1316.0</ele><time>2022-10-10T19:06:38.464Z</time></trkpt><trkpt lat="51.0803" lon="-115.36462667"><ele>1316.0</ele><time>2022-10-10T19:06:39.465Z</time></trkpt><trkpt lat="51.08030667" lon="-115.36462833"><ele>1317.0</ele><time>2022-10-10T19:06:40.465Z</time></trkpt><trkpt lat="51.080305" lon="-115.36462833"><ele>1318.0</ele><time>2022-10-10T19:06:41.464Z</time></trkpt><trkpt lat="51.080315" lon="-115.36463667"><ele>1318.0</ele><time>2022-10-10T19:06:42.465Z</time></trkpt><trkpt lat="51.08033" lon="-115.36464167"><ele>1319.0</ele><time>2022-10-10T19:06:43.464Z</time></trkpt><trkpt lat="51.08034167" lon="-115.364655"><ele>1319.0</ele><time>2022-10-10T19:06:44.465Z</time></trkpt><trkpt lat="51.08034667" lon="-115.36467333"><ele>1319.0</ele><time>2022-10-10T19:06:45.465Z</time></trkpt><trkpt lat="51.08035833" lon="-115.36468667"><ele>1318.0</ele><time>2022-10-10T19:06:46.465Z</time></trkpt><trkpt lat="51.08037" lon="-115.364695"><ele>1318.0</ele><time>2022-10-10T19:06:47.465Z</time></trkpt><trkpt lat="51.08038" lon="-115.36470833"><ele>1318.0</ele><time>2022-10-10T19:06:48.464Z</time></trkpt><trkpt lat="51.08038833" lon="-115.36472667"><ele>1318.0</ele><time>2022-10-10T19:06:49.465Z</time></trkpt><trkpt lat="51.08039833" lon="-115.36473833"><ele>1317.0</ele><time>2022-10-10T19:06:50.465Z</time></trkpt><trkpt lat="51.08040333" lon="-115.364745"><ele>1317.0</ele><time>2022-10-10T19:06:51.465Z</time></trkpt><trkpt lat="51.080405" lon="-115.36476167"><ele>1317.0</ele><time>2022-10-10T19:06:52.465Z</time></trkpt><trkpt lat="51.08041167" lon="-115.36477667"><ele>1317.0</ele><time>2022-10-10T19:06:53.465Z</time></trkpt><trkpt lat="51.08041333" lon="-115.364795"><ele>1317.0</ele><time>2022-10-10T19:06:54.465Z</time></trkpt><trkpt lat="51.08042833" lon="-115.364805"><ele>1316.0</ele><time>2022-10-10T19:06:55.465Z</time></trkpt><trkpt lat="51.08044333" lon="-115.36480833"><ele>1316.0</ele><time>2022-10-10T19:06:56.465Z</time></trkpt><trkpt lat="51.08046" lon="-115.36481667"><ele>1316.0</ele><time>2022-10-10T19:06:57.464Z</time></trkpt><trkpt lat="51.08047167" lon="-115.36482667"><ele>1315.0</ele><time>2022-10-10T19:06:58.464Z</time></trkpt><trkpt lat="51.08048167" lon="-115.36483833"><ele>1315.0</ele><time>2022-10-10T19:06:59.465Z</time></trkpt><trkpt lat="51.08048833" lon="-115.36485167"><ele>1315.0</ele><time>2022-10-10T19:07:00.465Z</time></trkpt><trkpt lat="51.08049667" lon="-115.36486667"><ele>1315.0</ele><time>2022-10-10T19:07:01.464Z</time></trkpt><trkpt lat="51.08050167" lon="-115.36488167"><ele>1314.0</ele><time>2022-10-10T19:07:02.465Z</time></trkpt><trkpt lat="51.08050667" lon="-115.36489667"><ele>1314.0</ele><time>2022-10-10T19:07:03.465Z</time></trkpt><trkpt lat="51.08051167" lon="-115.36491167"><ele>1314.0</ele><time>2022-10-10T19:07:04.465Z</time></trkpt><trkpt lat="51.08051667" lon="-115.364925"><ele>1314.0</ele><time>2022-10-10T19:07:05.465Z</time></trkpt><trkpt lat="51.08051833" lon="-115.36494167"><ele>1314.0</ele><time>2022-10-10T19:07:06.465Z</time></trkpt><trkpt lat="51.080515" lon="-115.36495833"><ele>1314.0</ele><time>2022-10-10T19:07:07.464Z</time></trkpt><trkpt lat="51.08050833" lon="-115.36497833"><ele>1314.0</ele><time>2022-10-10T19:07:08.465Z</time></trkpt><trkpt lat="51.0805" lon="-115.36499833"><ele>1314.0</ele><time>2022-10-10T19:07:09.465Z</time></trkpt><trkpt lat="51.08049167" lon="-115.36501333"><ele>1313.0</ele><time>2022-10-10T19:07:10.465Z</time></trkpt><trkpt lat="51.08048333" lon="-115.36503"><ele>1313.0</ele><time>2022-10-10T19:07:11.465Z</time></trkpt><trkpt lat="51.08048" lon="-115.36504667"><ele>1313.0</ele><time>2022-10-10T19:07:12.464Z</time></trkpt><trkpt lat="51.08047667" lon="-115.36506167"><ele>1313.0</ele><time>2022-10-10T19:07:13.465Z</time></trkpt><trkpt lat="51.08047333" lon="-115.36507667"><ele>1313.0</ele><time>2022-10-10T19:07:14.465Z</time></trkpt><trkpt lat="51.08046833" lon="-115.36509167"><ele>1313.0</ele><time>2022-10-10T19:07:15.465Z</time></trkpt><trkpt lat="51.08046333" lon="-115.365105"><ele>1313.0</ele><time>2022-10-10T19:07:16.464Z</time></trkpt><trkpt lat="51.08045833" lon="-115.36512"><ele>1313.0</ele><time>2022-10-10T19:07:17.465Z</time></trkpt><trkpt lat="51.080455" lon="-115.36513333"><ele>1313.0</ele><time>2022-10-10T19:07:18.465Z</time></trkpt><trkpt lat="51.08045167" lon="-115.36514667"><ele>1313.0</ele><time>2022-10-10T19:07:19.465Z</time></trkpt><trkpt lat="51.08044833" lon="-115.36516"><ele>1313.0</ele><time>2022-10-10T19:07:20.464Z</time></trkpt><trkpt lat="51.080445" lon="-115.36517333"><ele>1313.0</ele><time>2022-10-10T19:07:21.465Z</time></trkpt><trkpt lat="51.08044" lon="-115.36519"><ele>1312.0</ele><time>2022-10-10T19:07:22.465Z</time></trkpt><trkpt lat="51.080435" lon="-115.36520667"><ele>1312.0</ele><time>2022-10-10T19:07:23.465Z</time></trkpt><trkpt lat="51.08042833" lon="-115.36522"><ele>1312.0</ele><time>2022-10-10T19:07:24.465Z</time></trkpt><trkpt lat="51.08042167" lon="-115.365225"><ele>1313.0</ele><time>2022-10-10T19:07:25.464Z</time></trkpt><trkpt lat="51.08041167" lon="-115.36522333"><ele>1313.0</ele><time>2022-10-10T19:07:26.464Z</time></trkpt><trkpt lat="51.08040167" lon="-115.36522"><ele>1314.0</ele><time>2022-10-10T19:07:27.465Z</time></trkpt><trkpt lat="51.08038333" lon="-115.36522"><ele>1314.0</ele><time>2022-10-10T19:07:28.464Z</time></trkpt><trkpt lat="51.08037167" lon="-115.36522667"><ele>1314.0</ele><time>2022-10-10T19:07:29.465Z</time></trkpt><trkpt lat="51.08035667" lon="-115.36523"><ele>1315.0</ele><time>2022-10-10T19:07:30.465Z</time></trkpt><trkpt lat="51.08034833" lon="-115.36522333"><ele>1315.0</ele><time>2022-10-10T19:07:31.465Z</time></trkpt><trkpt lat="51.08034167" lon="-115.36521833"><ele>1315.0</ele><time>2022-10-10T19:07:32.465Z</time></trkpt><trkpt lat="51.08032667" lon="-115.36522"><ele>1315.0</ele><time>2022-10-10T19:07:33.465Z</time></trkpt><trkpt lat="51.08031667" lon="-115.36522167"><ele>1315.0</ele><time>2022-10-10T19:07:34.465Z</time></trkpt><trkpt lat="51.08031333" lon="-115.36522"><ele>1315.0</ele><time>2022-10-10T19:07:35.464Z</time></trkpt><trkpt lat="51.08030333" lon="-115.36521333"><ele>1315.0</ele><time>2022-10-10T19:07:36.465Z</time></trkpt><trkpt lat="51.08029333" lon="-115.36520333"><ele>1315.0</ele><time>2022-10-10T19:07:37.465Z</time></trkpt><trkpt lat="51.08028333" lon="-115.36519667"><ele>1315.0</ele><time>2022-10-10T19:07:38.464Z</time></trkpt><trkpt lat="51.080275" lon="-115.36519333"><ele>1315.0</ele><time>2022-10-10T19:07:39.464Z</time></trkpt><trkpt lat="51.080265" lon="-115.36518833"><ele>1315.0</ele><time>2022-10-10T19:07:40.465Z</time></trkpt><trkpt lat="51.08025333" lon="-115.36518667"><ele>1316.0</ele><time>2022-10-10T19:07:41.465Z</time></trkpt><trkpt lat="51.08024333" lon="-115.36518833"><ele>1316.0</ele><time>2022-10-10T19:07:42.465Z</time></trkpt><trkpt lat="51.080235" lon="-115.36518833"><ele>1316.0</ele><time>2022-10-10T19:07:43.465Z</time></trkpt><trkpt lat="51.08022667" lon="-115.36519167"><ele>1317.0</ele><time>2022-10-10T19:07:44.464Z</time></trkpt><trkpt lat="51.080215" lon="-115.36519333"><ele>1317.0</ele><time>2022-10-10T19:07:45.464Z</time></trkpt><trkpt lat="51.080205" lon="-115.365195"><ele>1318.0</ele><time>2022-10-10T19:07:46.465Z</time></trkpt><trkpt lat="51.08019333" lon="-115.36519333"><ele>1318.0</ele><time>2022-10-10T19:07:47.465Z</time></trkpt><trkpt lat="51.08018333" lon="-115.36519"><ele>1318.0</ele><time>2022-10-10T19:07:48.465Z</time></trkpt><trkpt lat="51.08017333" lon="-115.36518833"><ele>1319.0</ele><time>2022-10-10T19:07:49.464Z</time></trkpt><trkpt lat="51.08016333" lon="-115.36518333"><ele>1319.0</ele><time>2022-10-10T19:07:50.464Z</time></trkpt><trkpt lat="51.08015167" lon="-115.36517833"><ele>1319.0</ele><time>2022-10-10T19:07:51.465Z</time></trkpt><trkpt lat="51.08014167" lon="-115.365175"><ele>1318.0</ele><time>2022-10-10T19:07:52.464Z</time></trkpt><trkpt lat="51.08013333" lon="-115.365175"><ele>1319.0</ele><time>2022-10-10T19:07:53.464Z</time></trkpt><trkpt lat="51.08012167" lon="-115.36517667"><ele>1319.0</ele><time>2022-10-10T19:07:54.465Z</time></trkpt><trkpt lat="51.08011" lon="-115.36517667"><ele>1319.0</ele><time>2022-10-10T19:07:55.465Z</time></trkpt><trkpt lat="51.0801" lon="-115.36517333"><ele>1319.0</ele><time>2022-10-10T19:07:56.465Z</time></trkpt><trkpt lat="51.08009167" lon="-115.36516833"><ele>1319.0</ele><time>2022-10-10T19:07:57.464Z</time></trkpt><trkpt lat="51.080085" lon="-115.36514833"><ele>1320.0</ele><time>2022-10-10T19:07:58.464Z</time></trkpt><trkpt lat="51.080075" lon="-115.36514"><ele>1320.0</ele><time>2022-10-10T19:07:59.465Z</time></trkpt><trkpt lat="51.08006667" lon="-115.36513667"><ele>1320.0</ele><time>2022-10-10T19:08:00.465Z</time></trkpt><trkpt lat="51.08005833" lon="-115.36513167"><ele>1320.0</ele><time>2022-10-10T19:08:01.465Z</time></trkpt><trkpt lat="51.08005333" lon="-115.36511833"><ele>1320.0</ele><time>2022-10-10T19:08:02.465Z</time></trkpt><trkpt lat="51.080045" lon="-115.36510667"><ele>1320.0</ele><time>2022-10-10T19:08:03.464Z</time></trkpt><trkpt lat="51.080035" lon="-115.36509"><ele>1320.0</ele><time>2022-10-10T19:08:04.465Z</time></trkpt><trkpt lat="51.08002333" lon="-115.36507167"><ele>1320.0</ele><time>2022-10-10T19:08:05.464Z</time></trkpt><trkpt lat="51.080025" lon="-115.36504333"><ele>1320.0</ele><time>2022-10-10T19:08:06.464Z</time></trkpt><trkpt lat="51.08002167" lon="-115.36503"><ele>1320.0</ele><time>2022-10-10T19:08:07.465Z</time></trkpt><trkpt lat="51.08002" lon="-115.36501333"><ele>1320.0</ele><time>2022-10-10T19:08:08.465Z</time></trkpt><trkpt lat="51.08001667" lon="-115.365"><ele>1320.0</ele><time>2022-10-10T19:08:09.465Z</time></trkpt><trkpt lat="51.080015" lon="-115.36498333"><ele>1320.0</ele><time>2022-10-10T19:08:10.465Z</time></trkpt><trkpt lat="51.08000667" lon="-115.36496833"><ele>1320.0</ele><time>2022-10-10T19:08:11.465Z</time></trkpt><trkpt lat="51.08000167" lon="-115.364955"><ele>1320.0</ele><time>2022-10-10T19:08:12.465Z</time></trkpt><trkpt lat="51.07999833" lon="-115.36494167"><ele>1320.0</ele><time>2022-10-10T19:08:13.465Z</time></trkpt><trkpt lat="51.07999" lon="-115.36493167"><ele>1320.0</ele><time>2022-10-10T19:08:14.465Z</time></trkpt><trkpt lat="51.07997667" lon="-115.36492167"><ele>1320.0</ele><time>2022-10-10T19:08:15.464Z</time></trkpt><trkpt lat="51.079965" lon="-115.36491167"><ele>1319.0</ele><time>2022-10-10T19:08:16.465Z</time></trkpt><trkpt lat="51.07995333" lon="-115.3649"><ele>1319.0</ele><time>2022-10-10T19:08:17.465Z</time></trkpt><trkpt lat="51.07995333" lon="-115.36488667"><ele>1319.0</ele><time>2022-10-10T19:08:18.465Z</time></trkpt><trkpt lat="51.079945" lon="-115.36487333"><ele>1319.0</ele><time>2022-10-10T19:08:19.465Z</time></trkpt><trkpt lat="51.07992667" lon="-115.36486833"><ele>1319.0</ele><time>2022-10-10T19:08:20.465Z</time></trkpt><trkpt lat="51.07991667" lon="-115.36485167"><ele>1319.0</ele><time>2022-10-10T19:08:21.465Z</time></trkpt><trkpt lat="51.07991" lon="-115.36483"><ele>1319.0</ele><time>2022-10-10T19:08:22.465Z</time></trkpt><trkpt lat="51.07989833" lon="-115.36481667"><ele>1319.0</ele><time>2022-10-10T19:08:23.464Z</time></trkpt><trkpt lat="51.07987833" lon="-115.364805"><ele>1319.0</ele><time>2022-10-10T19:08:24.465Z</time></trkpt><trkpt lat="51.07986667" lon="-115.364795"><ele>1319.0</ele><time>2022-10-10T19:08:25.465Z</time></trkpt><trkpt lat="51.07986833" lon="-115.36477667"><ele>1319.0</ele><time>2022-10-10T19:08:26.465Z</time></trkpt><trkpt lat="51.07986833" lon="-115.36475333"><ele>1319.0</ele><time>2022-10-10T19:08:27.465Z</time></trkpt><trkpt lat="51.07986833" lon="-115.364735"><ele>1319.0</ele><time>2022-10-10T19:08:28.465Z</time></trkpt><trkpt lat="51.07985667" lon="-115.36472667"><ele>1319.0</ele><time>2022-10-10T19:08:29.464Z</time></trkpt><trkpt lat="51.07985167" lon="-115.364715"><ele>1319.0</ele><time>2022-10-10T19:08:30.465Z</time></trkpt><trkpt lat="51.07984333" lon="-115.3647"><ele>1319.0</ele><time>2022-10-10T19:08:31.464Z</time></trkpt><trkpt lat="51.07983667" lon="-115.36468667"><ele>1319.0</ele><time>2022-10-10T19:08:32.465Z</time></trkpt><trkpt lat="51.07983" lon="-115.36467167"><ele>1320.0</ele><time>2022-10-10T19:08:33.465Z</time></trkpt><trkpt lat="51.07982167" lon="-115.36465833"><ele>1320.0</ele><time>2022-10-10T19:08:34.464Z</time></trkpt><trkpt lat="51.07981667" lon="-115.36464167"><ele>1320.0</ele><time>2022-10-10T19:08:35.465Z</time></trkpt><trkpt lat="51.07981167" lon="-115.36462833"><ele>1320.0</ele><time>2022-10-10T19:08:36.465Z</time></trkpt><trkpt lat="51.07980667" lon="-115.36461333"><ele>1320.0</ele><time>2022-10-10T19:08:37.465Z</time></trkpt><trkpt lat="51.07979667" lon="-115.36460167"><ele>1321.0</ele><time>2022-10-10T19:08:38.464Z</time></trkpt><trkpt lat="51.07978667" lon="-115.36459167"><ele>1321.0</ele><time>2022-10-10T19:08:39.465Z</time></trkpt><trkpt lat="51.07978" lon="-115.364585"><ele>1321.0</ele><time>2022-10-10T19:08:40.465Z</time></trkpt><trkpt lat="51.07977667" lon="-115.364575"><ele>1322.0</ele><time>2022-10-10T19:08:41.464Z</time></trkpt><trkpt lat="51.07976667" lon="-115.36457"><ele>1323.0</ele><time>2022-10-10T19:08:42.464Z</time></trkpt><trkpt lat="51.07976" lon="-115.364565"><ele>1323.0</ele><time>2022-10-10T19:08:43.464Z</time></trkpt><trkpt lat="51.079755" lon="-115.36456167"><ele>1324.0</ele><time>2022-10-10T19:08:44.465Z</time></trkpt><trkpt lat="51.079745" lon="-115.36454833"><ele>1325.0</ele><time>2022-10-10T19:08:45.465Z</time></trkpt><trkpt lat="51.07973833" lon="-115.364535"><ele>1325.0</ele><time>2022-10-10T19:08:46.464Z</time></trkpt><trkpt lat="51.07972833" lon="-115.364525"><ele>1326.0</ele><time>2022-10-10T19:08:47.464Z</time></trkpt><trkpt lat="51.07971667" lon="-115.36451667"><ele>1326.0</ele><time>2022-10-10T19:08:48.465Z</time></trkpt><trkpt lat="51.07970833" lon="-115.36450833"><ele>1325.0</ele><time>2022-10-10T19:08:49.465Z</time></trkpt><trkpt lat="51.07970333" lon="-115.3645"><ele>1325.0</ele><time>2022-10-10T19:08:50.465Z</time></trkpt><trkpt lat="51.079695" lon="-115.36449833"><ele>1325.0</ele><time>2022-10-10T19:08:51.465Z</time></trkpt><trkpt lat="51.07969" lon="-115.36449167"><ele>1325.0</ele><time>2022-10-10T19:08:52.464Z</time></trkpt><trkpt lat="51.079685" lon="-115.36448333"><ele>1325.0</ele><time>2022-10-10T19:08:53.464Z</time></trkpt><trkpt lat="51.07968167" lon="-115.36447333"><ele>1324.0</ele><time>2022-10-10T19:08:54.465Z</time></trkpt><trkpt lat="51.07967333" lon="-115.364465"><ele>1324.0</ele><time>2022-10-10T19:08:55.465Z</time></trkpt><trkpt lat="51.07966" lon="-115.36445667"><ele>1323.0</ele><time>2022-10-10T19:08:56.465Z</time></trkpt><trkpt lat="51.07964333" lon="-115.36445"><ele>1323.0</ele><time>2022-10-10T19:08:57.465Z</time></trkpt><trkpt lat="51.07963333" lon="-115.36444333"><ele>1322.0</ele><time>2022-10-10T19:08:58.465Z</time></trkpt><trkpt lat="51.079625" lon="-115.364435"><ele>1321.0</ele><time>2022-10-10T19:08:59.465Z</time></trkpt><trkpt lat="51.07961667" lon="-115.36442333"><ele>1321.0</ele><time>2022-10-10T19:09:00.464Z</time></trkpt><trkpt lat="51.07960667" lon="-115.36441333"><ele>1320.0</ele><time>2022-10-10T19:09:01.464Z</time></trkpt><trkpt lat="51.07959333" lon="-115.36440167"><ele>1320.0</ele><time>2022-10-10T19:09:02.464Z</time></trkpt><trkpt lat="51.07958333" lon="-115.364395"><ele>1320.0</ele><time>2022-10-10T19:09:03.464Z</time></trkpt><trkpt lat="51.07957" lon="-115.36438833"><ele>1320.0</ele><time>2022-10-10T19:09:04.464Z</time></trkpt><trkpt lat="51.07955833" lon="-115.36438333"><ele>1320.0</ele><time>2022-10-10T19:09:05.464Z</time></trkpt><trkpt lat="51.079545" lon="-115.364375"><ele>1319.0</ele><time>2022-10-10T19:09:06.465Z</time></trkpt><trkpt lat="51.07953667" lon="-115.364365"><ele>1319.0</ele><time>2022-10-10T19:09:07.464Z</time></trkpt><trkpt lat="51.07952333" lon="-115.36436167"><ele>1319.0</ele><time>2022-10-10T19:09:08.464Z</time></trkpt><trkpt lat="51.079505" lon="-115.364355"><ele>1318.0</ele><time>2022-10-10T19:09:09.465Z</time></trkpt><trkpt lat="51.07949167" lon="-115.36434833"><ele>1318.0</ele><time>2022-10-10T19:09:10.465Z</time></trkpt><trkpt lat="51.07948" lon="-115.36433333"><ele>1318.0</ele><time>2022-10-10T19:09:11.465Z</time></trkpt><trkpt lat="51.07946667" lon="-115.36432"><ele>1318.0</ele><time>2022-10-10T19:09:12.465Z</time></trkpt><trkpt lat="51.07945333" lon="-115.364305"><ele>1317.0</ele><time>2022-10-10T19:09:13.464Z</time></trkpt><trkpt lat="51.07944667" lon="-115.36428833"><ele>1317.0</ele><time>2022-10-10T19:09:14.464Z</time></trkpt><trkpt lat="51.07944" lon="-115.36427667"><ele>1317.0</ele><time>2022-10-10T19:09:15.464Z</time></trkpt><trkpt lat="51.07942333" lon="-115.364265"><ele>1317.0</ele><time>2022-10-10T19:09:16.464Z</time></trkpt><trkpt lat="51.07941333" lon="-115.364255"><ele>1316.0</ele><time>2022-10-10T19:09:17.465Z</time></trkpt><trkpt lat="51.07940333" lon="-115.36424333"><ele>1315.0</ele><time>2022-10-10T19:09:18.465Z</time></trkpt><trkpt lat="51.07939333" lon="-115.36423333"><ele>1315.0</ele><time>2022-10-10T19:09:19.464Z</time></trkpt><trkpt lat="51.079385" lon="-115.36422167"><ele>1315.0</ele><time>2022-10-10T19:09:20.465Z</time></trkpt><trkpt lat="51.07937333" lon="-115.36421"><ele>1315.0</ele><time>2022-10-10T19:09:21.464Z</time></trkpt><trkpt lat="51.07936167" lon="-115.36420167"><ele>1314.0</ele><time>2022-10-10T19:09:22.465Z</time></trkpt><trkpt lat="51.07935" lon="-115.36419333"><ele>1314.0</ele><time>2022-10-10T19:09:23.465Z</time></trkpt><trkpt lat="51.07933833" lon="-115.36418667"><ele>1313.0</ele><time>2022-10-10T19:09:24.464Z</time></trkpt><trkpt lat="51.07932833" lon="-115.36418"><ele>1313.0</ele><time>2022-10-10T19:09:25.465Z</time></trkpt><trkpt lat="51.07931833" lon="-115.36416833"><ele>1314.0</ele><time>2022-10-10T19:09:26.465Z</time></trkpt><trkpt lat="51.07930667" lon="-115.36416"><ele>1314.0</ele><time>2022-10-10T19:09:27.464Z</time></trkpt><trkpt lat="51.079295" lon="-115.36415167"><ele>1314.0</ele><time>2022-10-10T19:09:28.465Z</time></trkpt><trkpt lat="51.07928833" lon="-115.36414"><ele>1314.0</ele><time>2022-10-10T19:09:29.465Z</time></trkpt><trkpt lat="51.07928333" lon="-115.36412333"><ele>1314.0</ele><time>2022-10-10T19:09:30.465Z</time></trkpt><trkpt lat="51.07927667" lon="-115.36411167"><ele>1314.0</ele><time>2022-10-10T19:09:31.465Z</time></trkpt><trkpt lat="51.07927" lon="-115.36409833"><ele>1314.0</ele><time>2022-10-10T19:09:32.464Z</time></trkpt><trkpt lat="51.07926167" lon="-115.36408833"><ele>1314.0</ele><time>2022-10-10T19:09:33.464Z</time></trkpt><trkpt lat="51.07925333" lon="-115.36407667"><ele>1313.0</ele><time>2022-10-10T19:09:34.465Z</time></trkpt><trkpt lat="51.07924667" lon="-115.36405667"><ele>1313.0</ele><time>2022-10-10T19:09:35.465Z</time></trkpt><trkpt lat="51.079235" lon="-115.36404167"><ele>1313.0</ele><time>2022-10-10T19:09:36.465Z</time></trkpt><trkpt lat="51.079225" lon="-115.36402833"><ele>1313.0</ele><time>2022-10-10T19:09:37.465Z</time></trkpt><trkpt lat="51.07921667" lon="-115.36401833"><ele>1313.0</ele><time>2022-10-10T19:09:38.465Z</time></trkpt><trkpt lat="51.07920833" lon="-115.36401"><ele>1313.0</ele><time>2022-10-10T19:09:39.464Z</time></trkpt><trkpt lat="51.07919833" lon="-115.36400333"><ele>1313.0</ele><time>2022-10-10T19:09:40.465Z</time></trkpt><trkpt lat="51.07919" lon="-115.36399667"><ele>1313.0</ele><time>2022-10-10T19:09:41.465Z</time></trkpt><trkpt lat="51.07917833" lon="-115.36399"><ele>1313.0</ele><time>2022-10-10T19:09:42.465Z</time></trkpt><trkpt lat="51.07916667" lon="-115.36398333"><ele>1312.0</ele><time>2022-10-10T19:09:43.464Z</time></trkpt><trkpt lat="51.079155" lon="-115.36397333"><ele>1312.0</ele><time>2022-10-10T19:09:44.465Z</time></trkpt><trkpt lat="51.07914667" lon="-115.363965"><ele>1312.0</ele><time>2022-10-10T19:09:45.464Z</time></trkpt><trkpt lat="51.07913833" lon="-115.36395333"><ele>1312.0</ele><time>2022-10-10T19:09:46.465Z</time></trkpt><trkpt lat="51.07913" lon="-115.36394333"><ele>1312.0</ele><time>2022-10-10T19:09:47.465Z</time></trkpt><trkpt lat="51.07912" lon="-115.36393333"><ele>1312.0</ele><time>2022-10-10T19:09:48.465Z</time></trkpt><trkpt lat="51.07911167" lon="-115.36392833"><ele>1312.0</ele><time>2022-10-10T19:09:49.465Z</time></trkpt><trkpt lat="51.07909667" lon="-115.36392333"><ele>1312.0</ele><time>2022-10-10T19:09:50.465Z</time></trkpt><trkpt lat="51.07908333" lon="-115.36392"><ele>1312.0</ele><time>2022-10-10T19:09:51.464Z</time></trkpt><trkpt lat="51.07907333" lon="-115.36391333"><ele>1313.0</ele><time>2022-10-10T19:09:52.464Z</time></trkpt><trkpt lat="51.07906667" lon="-115.36390333"><ele>1313.0</ele><time>2022-10-10T19:09:53.464Z</time></trkpt><trkpt lat="51.07905833" lon="-115.36389167"><ele>1313.0</ele><time>2022-10-10T19:09:54.465Z</time></trkpt><trkpt lat="51.07905" lon="-115.363885"><ele>1313.0</ele><time>2022-10-10T19:09:55.465Z</time></trkpt><trkpt lat="51.07904167" lon="-115.36387667"><ele>1314.0</ele><time>2022-10-10T19:09:56.464Z</time></trkpt><trkpt lat="51.079035" lon="-115.36387"><ele>1314.0</ele><time>2022-10-10T19:09:57.465Z</time></trkpt><trkpt lat="51.07902667" lon="-115.36385667"><ele>1315.0</ele><time>2022-10-10T19:09:58.465Z</time></trkpt><trkpt lat="51.079025" lon="-115.36384833"><ele>1315.0</ele><time>2022-10-10T19:09:59.465Z</time></trkpt><trkpt lat="51.079015" lon="-115.36385"><ele>1316.0</ele><time>2022-10-10T19:10:00.465Z</time></trkpt><trkpt lat="51.07900167" lon="-115.36385333"><ele>1317.0</ele><time>2022-10-10T19:10:01.465Z</time></trkpt><trkpt lat="51.07898833" lon="-115.36385167"><ele>1317.0</ele><time>2022-10-10T19:10:02.464Z</time></trkpt><trkpt lat="51.07897333" lon="-115.36384667"><ele>1317.0</ele><time>2022-10-10T19:10:03.465Z</time></trkpt><trkpt lat="51.07895833" lon="-115.36384"><ele>1317.0</ele><time>2022-10-10T19:10:04.465Z</time></trkpt><trkpt lat="51.07895167" lon="-115.36383167"><ele>1317.0</ele><time>2022-10-10T19:10:05.464Z</time></trkpt><trkpt lat="51.07894333" lon="-115.36382833"><ele>1316.0</ele><time>2022-10-10T19:10:06.464Z</time></trkpt><trkpt lat="51.07893167" lon="-115.36383"><ele>1316.0</ele><time>2022-10-10T19:10:07.465Z</time></trkpt><trkpt lat="51.07892167" lon="-115.36382833"><ele>1316.0</ele><time>2022-10-10T19:10:08.465Z</time></trkpt><trkpt lat="51.07891167" lon="-115.363825"><ele>1316.0</ele><time>2022-10-10T19:10:09.465Z</time></trkpt><trkpt lat="51.07890333" lon="-115.36381833"><ele>1316.0</ele><time>2022-10-10T19:10:10.465Z</time></trkpt><trkpt lat="51.07889333" lon="-115.36381667"><ele>1316.0</ele><time>2022-10-10T19:10:11.464Z</time></trkpt><trkpt lat="51.07888333" lon="-115.36381333"><ele>1316.0</ele><time>2022-10-10T19:10:12.465Z</time></trkpt><trkpt lat="51.07887333" lon="-115.36381"><ele>1316.0</ele><time>2022-10-10T19:10:13.465Z</time></trkpt><trkpt lat="51.07886333" lon="-115.36380667"><ele>1316.0</ele><time>2022-10-10T19:10:14.465Z</time></trkpt><trkpt lat="51.07885667" lon="-115.363805"><ele>1316.0</ele><time>2022-10-10T19:10:15.465Z</time></trkpt><trkpt lat="51.07884833" lon="-115.36380333"><ele>1316.0</ele><time>2022-10-10T19:10:16.465Z</time></trkpt><trkpt lat="51.07884" lon="-115.3638"><ele>1316.0</ele><time>2022-10-10T19:10:17.464Z</time></trkpt><trkpt lat="51.078835" lon="-115.36379667"><ele>1317.0</ele><time>2022-10-10T19:10:18.465Z</time></trkpt><trkpt lat="51.07882667" lon="-115.36379333"><ele>1317.0</ele><time>2022-10-10T19:10:19.465Z</time></trkpt><trkpt lat="51.07881833" lon="-115.36379"><ele>1317.0</ele><time>2022-10-10T19:10:20.465Z</time></trkpt><trkpt lat="51.07880833" lon="-115.36378333"><ele>1317.0</ele><time>2022-10-10T19:10:21.465Z</time></trkpt><trkpt lat="51.07879667" lon="-115.36378333"><ele>1317.0</ele><time>2022-10-10T19:10:22.464Z</time></trkpt><trkpt lat="51.07878833" lon="-115.36377667"><ele>1316.0</ele><time>2022-10-10T19:10:23.464Z</time></trkpt><trkpt lat="51.07877667" lon="-115.36377667"><ele>1316.0</ele><time>2022-10-10T19:10:24.465Z</time></trkpt><trkpt lat="51.07876667" lon="-115.36377667"><ele>1316.0</ele><time>2022-10-10T19:10:25.465Z</time></trkpt><trkpt lat="51.07875833" lon="-115.36377333"><ele>1316.0</ele><time>2022-10-10T19:10:26.465Z</time></trkpt><trkpt lat="51.07875167" lon="-115.36376667"><ele>1316.0</ele><time>2022-10-10T19:10:27.465Z</time></trkpt><trkpt lat="51.07874333" lon="-115.36375833"><ele>1316.0</ele><time>2022-10-10T19:10:28.464Z</time></trkpt><trkpt lat="51.07872833" lon="-115.36374333"><ele>1315.0</ele><time>2022-10-10T19:10:29.465Z</time></trkpt><trkpt lat="51.07871167" lon="-115.36373833"><ele>1315.0</ele><time>2022-10-10T19:10:30.465Z</time></trkpt><trkpt lat="51.07870167" lon="-115.363735"><ele>1315.0</ele><time>2022-10-10T19:10:31.464Z</time></trkpt><trkpt lat="51.07868833" lon="-115.36373167"><ele>1315.0</ele><time>2022-10-10T19:10:32.464Z</time></trkpt><trkpt lat="51.07867667" lon="-115.36372667"><ele>1316.0</ele><time>2022-10-10T19:10:33.464Z</time></trkpt><trkpt lat="51.07866333" lon="-115.36372"><ele>1316.0</ele><time>2022-10-10T19:10:34.465Z</time></trkpt><trkpt lat="51.07865167" lon="-115.36371333"><ele>1315.0</ele><time>2022-10-10T19:10:35.464Z</time></trkpt><trkpt lat="51.07864" lon="-115.36370667"><ele>1315.0</ele><time>2022-10-10T19:10:36.465Z</time></trkpt><trkpt lat="51.07863" lon="-115.363695"><ele>1315.0</ele><time>2022-10-10T19:10:37.465Z</time></trkpt><trkpt lat="51.07862167" lon="-115.36368"><ele>1315.0</ele><time>2022-10-10T19:10:38.465Z</time></trkpt><trkpt lat="51.07861" lon="-115.36366833"><ele>1314.0</ele><time>2022-10-10T19:10:39.465Z</time></trkpt><trkpt lat="51.07860167" lon="-115.36365667"><ele>1314.0</ele><time>2022-10-10T19:10:40.464Z</time></trkpt><trkpt lat="51.078595" lon="-115.36364167"><ele>1315.0</ele><time>2022-10-10T19:10:41.464Z</time></trkpt><trkpt lat="51.07858333" lon="-115.363635"><ele>1315.0</ele><time>2022-10-10T19:10:42.464Z</time></trkpt><trkpt lat="51.07857167" lon="-115.363625"><ele>1315.0</ele><time>2022-10-10T19:10:43.465Z</time></trkpt><trkpt lat="51.07856167" lon="-115.36360833"><ele>1315.0</ele><time>2022-10-10T19:10:44.465Z</time></trkpt><trkpt lat="51.078555" lon="-115.36359167"><ele>1316.0</ele><time>2022-10-10T19:10:45.465Z</time></trkpt><trkpt lat="51.07855167" lon="-115.36358167"><ele>1316.0</ele><time>2022-10-10T19:10:46.464Z</time></trkpt><trkpt lat="51.07854833" lon="-115.36357"><ele>1316.0</ele><time>2022-10-10T19:10:47.465Z</time></trkpt><trkpt lat="51.07854167" lon="-115.36356167"><ele>1317.0</ele><time>2022-10-10T19:10:48.465Z</time></trkpt><trkpt lat="51.07853333" lon="-115.36355667"><ele>1317.0</ele><time>2022-10-10T19:10:49.464Z</time></trkpt><trkpt lat="51.07851167" lon="-115.36356667"><ele>1317.0</ele><time>2022-10-10T19:10:50.465Z</time></trkpt><trkpt lat="51.0785" lon="-115.363565"><ele>1318.0</ele><time>2022-10-10T19:10:51.464Z</time></trkpt><trkpt lat="51.07849167" lon="-115.36355833"><ele>1319.0</ele><time>2022-10-10T19:10:52.464Z</time></trkpt><trkpt lat="51.07848167" lon="-115.36354833"><ele>1319.0</ele><time>2022-10-10T19:10:53.465Z</time></trkpt><trkpt lat="51.078475" lon="-115.36353833"><ele>1320.0</ele><time>2022-10-10T19:10:54.465Z</time></trkpt><trkpt lat="51.07847" lon="-115.36352333"><ele>1320.0</ele><time>2022-10-10T19:10:55.464Z</time></trkpt><trkpt lat="51.07846333" lon="-115.36350833"><ele>1320.0</ele><time>2022-10-10T19:10:56.465Z</time></trkpt><trkpt lat="51.07845833" lon="-115.363495"><ele>1320.0</ele><time>2022-10-10T19:10:57.465Z</time></trkpt><trkpt lat="51.07845167" lon="-115.36348167"><ele>1320.0</ele><time>2022-10-10T19:10:58.465Z</time></trkpt><trkpt lat="51.07844667" lon="-115.36347"><ele>1321.0</ele><time>2022-10-10T19:10:59.465Z</time></trkpt><trkpt lat="51.07843833" lon="-115.36345833"><ele>1321.0</ele><time>2022-10-10T19:11:00.465Z</time></trkpt><trkpt lat="51.07842333" lon="-115.36344833"><ele>1321.0</ele><time>2022-10-10T19:11:01.465Z</time></trkpt><trkpt lat="51.07841" lon="-115.36343667"><ele>1321.0</ele><time>2022-10-10T19:11:02.465Z</time></trkpt><trkpt lat="51.07839667" lon="-115.36342167"><ele>1320.0</ele><time>2022-10-10T19:11:03.465Z</time></trkpt><trkpt lat="51.07838333" lon="-115.36341167"><ele>1320.0</ele><time>2022-10-10T19:11:04.464Z</time></trkpt><trkpt lat="51.07837167" lon="-115.36340167"><ele>1320.0</ele><time>2022-10-10T19:11:05.465Z</time></trkpt><trkpt lat="51.07836333" lon="-115.36338667"><ele>1320.0</ele><time>2022-10-10T19:11:06.464Z</time></trkpt><trkpt lat="51.07835833" lon="-115.36336333"><ele>1320.0</ele><time>2022-10-10T19:11:07.465Z</time></trkpt><trkpt lat="51.07836" lon="-115.36334167"><ele>1320.0</ele><time>2022-10-10T19:11:08.464Z</time></trkpt><trkpt lat="51.07835333" lon="-115.36333667"><ele>1320.0</ele><time>2022-10-10T19:11:09.465Z</time></trkpt><trkpt lat="51.078345" lon="-115.36333167"><ele>1320.0</ele><time>2022-10-10T19:11:10.465Z</time></trkpt><trkpt lat="51.07833833" lon="-115.36331667"><ele>1320.0</ele><time>2022-10-10T19:11:11.465Z</time></trkpt><trkpt lat="51.078335" lon="-115.36330333"><ele>1321.0</ele><time>2022-10-10T19:11:12.465Z</time></trkpt><trkpt lat="51.07833167" lon="-115.36329167"><ele>1321.0</ele><time>2022-10-10T19:11:13.464Z</time></trkpt><trkpt lat="51.078325" lon="-115.36327333"><ele>1322.0</ele><time>2022-10-10T19:11:14.465Z</time></trkpt><trkpt lat="51.07831667" lon="-115.363255"><ele>1323.0</ele><time>2022-10-10T19:11:15.465Z</time></trkpt><trkpt lat="51.07830833" lon="-115.36323333"><ele>1324.0</ele><time>2022-10-10T19:11:16.465Z</time></trkpt><trkpt lat="51.07828667" lon="-115.363225"><ele>1324.0</ele><time>2022-10-10T19:11:17.464Z</time></trkpt><trkpt lat="51.07826667" lon="-115.36322667"><ele>1323.0</ele><time>2022-10-10T19:11:18.464Z</time></trkpt><trkpt lat="51.07825333" lon="-115.36322167"><ele>1323.0</ele><time>2022-10-10T19:11:19.465Z</time></trkpt><trkpt lat="51.078245" lon="-115.36321"><ele>1322.0</ele><time>2022-10-10T19:11:20.465Z</time></trkpt><trkpt lat="51.07823833" lon="-115.36319"><ele>1321.0</ele><time>2022-10-10T19:11:21.465Z</time></trkpt><trkpt lat="51.078235" lon="-115.36317167"><ele>1321.0</ele><time>2022-10-10T19:11:22.465Z</time></trkpt><trkpt lat="51.07823" lon="-115.36315167"><ele>1320.0</ele><time>2022-10-10T19:11:23.465Z</time></trkpt><trkpt lat="51.07822667" lon="-115.363135"><ele>1319.0</ele><time>2022-10-10T19:11:24.465Z</time></trkpt><trkpt lat="51.07822" lon="-115.36312"><ele>1319.0</ele><time>2022-10-10T19:11:25.465Z</time></trkpt><trkpt lat="51.07820667" lon="-115.36311333"><ele>1319.0</ele><time>2022-10-10T19:11:26.465Z</time></trkpt><trkpt lat="51.07819" lon="-115.36310833"><ele>1319.0</ele><time>2022-10-10T19:11:27.465Z</time></trkpt><trkpt lat="51.07817333" lon="-115.36310167"><ele>1319.0</ele><time>2022-10-10T19:11:28.465Z</time></trkpt><trkpt lat="51.07815667" lon="-115.36309667"><ele>1319.0</ele><time>2022-10-10T19:11:29.465Z</time></trkpt><trkpt lat="51.07814833" lon="-115.36309167"><ele>1319.0</ele><time>2022-10-10T19:11:30.464Z</time></trkpt><trkpt lat="51.07814167" lon="-115.36308167"><ele>1319.0</ele><time>2022-10-10T19:11:31.465Z</time></trkpt><trkpt lat="51.078135" lon="-115.36306667"><ele>1319.0</ele><time>2022-10-10T19:11:32.464Z</time></trkpt><trkpt lat="51.07812833" lon="-115.363055"><ele>1319.0</ele><time>2022-10-10T19:11:33.465Z</time></trkpt><trkpt lat="51.07811667" lon="-115.36304833"><ele>1319.0</ele><time>2022-10-10T19:11:34.465Z</time></trkpt><trkpt lat="51.07811" lon="-115.36303667"><ele>1319.0</ele><time>2022-10-10T19:11:35.465Z</time></trkpt><trkpt lat="51.07810333" lon="-115.36302667"><ele>1319.0</ele><time>2022-10-10T19:11:36.464Z</time></trkpt><trkpt lat="51.07809333" lon="-115.36301833"><ele>1319.0</ele><time>2022-10-10T19:11:37.465Z</time></trkpt><trkpt lat="51.07808167" lon="-115.36300833"><ele>1319.0</ele><time>2022-10-10T19:11:38.464Z</time></trkpt><trkpt lat="51.07806833" lon="-115.363005"><ele>1318.0</ele><time>2022-10-10T19:11:39.465Z</time></trkpt><trkpt lat="51.078055" lon="-115.36299833"><ele>1318.0</ele><time>2022-10-10T19:11:40.464Z</time></trkpt><trkpt lat="51.078045" lon="-115.362985"><ele>1318.0</ele><time>2022-10-10T19:11:41.465Z</time></trkpt><trkpt lat="51.07803667" lon="-115.36297167"><ele>1318.0</ele><time>2022-10-10T19:11:42.465Z</time></trkpt><trkpt lat="51.07803167" lon="-115.36296167"><ele>1318.0</ele><time>2022-10-10T19:11:43.465Z</time></trkpt><trkpt lat="51.07802833" lon="-115.36295"><ele>1318.0</ele><time>2022-10-10T19:11:44.465Z</time></trkpt><trkpt lat="51.07802667" lon="-115.36294167"><ele>1318.0</ele><time>2022-10-10T19:11:45.464Z</time></trkpt><trkpt lat="51.07802167" lon="-115.36293667"><ele>1319.0</ele><time>2022-10-10T19:11:46.464Z</time></trkpt><trkpt lat="51.07801333" lon="-115.36293167"><ele>1320.0</ele><time>2022-10-10T19:11:47.465Z</time></trkpt><trkpt lat="51.078" lon="-115.362925"><ele>1320.0</ele><time>2022-10-10T19:11:48.465Z</time></trkpt><trkpt lat="51.07798833" lon="-115.362915"><ele>1321.0</ele><time>2022-10-10T19:11:49.465Z</time></trkpt><trkpt lat="51.077975" lon="-115.36290833"><ele>1321.0</ele><time>2022-10-10T19:11:50.465Z</time></trkpt><trkpt lat="51.077965" lon="-115.36290333"><ele>1321.0</ele><time>2022-10-10T19:11:51.464Z</time></trkpt><trkpt lat="51.07795333" lon="-115.36289833"><ele>1321.0</ele><time>2022-10-10T19:11:52.465Z</time></trkpt><trkpt lat="51.07794333" lon="-115.362885"><ele>1321.0</ele><time>2022-10-10T19:11:53.464Z</time></trkpt><trkpt lat="51.07793333" lon="-115.36287167"><ele>1321.0</ele><time>2022-10-10T19:11:54.464Z</time></trkpt><trkpt lat="51.077925" lon="-115.36285667"><ele>1320.0</ele><time>2022-10-10T19:11:55.464Z</time></trkpt><trkpt lat="51.07791833" lon="-115.362845"><ele>1320.0</ele><time>2022-10-10T19:11:56.464Z</time></trkpt><trkpt lat="51.07791333" lon="-115.362825"><ele>1320.0</ele><time>2022-10-10T19:11:57.464Z</time></trkpt><trkpt lat="51.07790833" lon="-115.36280167"><ele>1319.0</ele><time>2022-10-10T19:11:58.464Z</time></trkpt><trkpt lat="51.07790167" lon="-115.36278833"><ele>1319.0</ele><time>2022-10-10T19:11:59.464Z</time></trkpt><trkpt lat="51.07789" lon="-115.36277333"><ele>1318.0</ele><time>2022-10-10T19:12:00.465Z</time></trkpt><trkpt lat="51.07787833" lon="-115.36276167"><ele>1318.0</ele><time>2022-10-10T19:12:01.465Z</time></trkpt><trkpt lat="51.07786667" lon="-115.36275333"><ele>1318.0</ele><time>2022-10-10T19:12:02.465Z</time></trkpt><trkpt lat="51.07786" lon="-115.362735"><ele>1318.0</ele><time>2022-10-10T19:12:03.465Z</time></trkpt><trkpt lat="51.077855" lon="-115.362715"><ele>1318.0</ele><time>2022-10-10T19:12:04.464Z</time></trkpt><trkpt lat="51.07784833" lon="-115.36270167"><ele>1318.0</ele><time>2022-10-10T19:12:05.464Z</time></trkpt><trkpt lat="51.07784333" lon="-115.36268667"><ele>1318.0</ele><time>2022-10-10T19:12:06.465Z</time></trkpt><trkpt lat="51.077835" lon="-115.36267667"><ele>1317.0</ele><time>2022-10-10T19:12:07.465Z</time></trkpt><trkpt lat="51.07782667" lon="-115.36266833"><ele>1317.0</ele><time>2022-10-10T19:12:08.465Z</time></trkpt><trkpt lat="51.07782167" lon="-115.36266"><ele>1318.0</ele><time>2022-10-10T19:12:09.464Z</time></trkpt><trkpt lat="51.07782" lon="-115.362645"><ele>1318.0</ele><time>2022-10-10T19:12:10.464Z</time></trkpt><trkpt lat="51.077815" lon="-115.36262"><ele>1318.0</ele><time>2022-10-10T19:12:11.465Z</time></trkpt><trkpt lat="51.07781167" lon="-115.36259667"><ele>1317.0</ele><time>2022-10-10T19:12:12.464Z</time></trkpt><trkpt lat="51.07780333" lon="-115.36258333"><ele>1317.0</ele><time>2022-10-10T19:12:13.465Z</time></trkpt><trkpt lat="51.07779833" lon="-115.36256667"><ele>1318.0</ele><time>2022-10-10T19:12:14.465Z</time></trkpt><trkpt lat="51.07778833" lon="-115.36255833"><ele>1318.0</ele><time>2022-10-10T19:12:15.465Z</time></trkpt><trkpt lat="51.07777667" lon="-115.36255167"><ele>1318.0</ele><time>2022-10-10T19:12:16.465Z</time></trkpt><trkpt lat="51.07776167" lon="-115.36254167"><ele>1318.0</ele><time>2022-10-10T19:12:17.465Z</time></trkpt><trkpt lat="51.077755" lon="-115.362525"><ele>1317.0</ele><time>2022-10-10T19:12:18.464Z</time></trkpt><trkpt lat="51.07774" lon="-115.36251"><ele>1317.0</ele><time>2022-10-10T19:12:19.465Z</time></trkpt><trkpt lat="51.07772833" lon="-115.36249333"><ele>1317.0</ele><time>2022-10-10T19:12:20.465Z</time></trkpt><trkpt lat="51.07771667" lon="-115.36248167"><ele>1316.0</ele><time>2022-10-10T19:12:21.465Z</time></trkpt><trkpt lat="51.07771167" lon="-115.36246167"><ele>1316.0</ele><time>2022-10-10T19:12:22.465Z</time></trkpt><trkpt lat="51.07770667" lon="-115.36244"><ele>1315.0</ele><time>2022-10-10T19:12:23.464Z</time></trkpt><trkpt lat="51.07769833" lon="-115.36242833"><ele>1315.0</ele><time>2022-10-10T19:12:24.464Z</time></trkpt><trkpt lat="51.07768833" lon="-115.36242"><ele>1314.0</ele><time>2022-10-10T19:12:25.465Z</time></trkpt><trkpt lat="51.07768" lon="-115.36241"><ele>1314.0</ele><time>2022-10-10T19:12:26.464Z</time></trkpt><trkpt lat="51.07767167" lon="-115.36239833"><ele>1313.0</ele><time>2022-10-10T19:12:27.465Z</time></trkpt><trkpt lat="51.077665" lon="-115.36238167"><ele>1313.0</ele><time>2022-10-10T19:12:28.465Z</time></trkpt><trkpt lat="51.07765667" lon="-115.36236667"><ele>1313.0</ele><time>2022-10-10T19:12:29.465Z</time></trkpt><trkpt lat="51.077655" lon="-115.36234667"><ele>1312.0</ele><time>2022-10-10T19:12:30.464Z</time></trkpt><trkpt lat="51.07765" lon="-115.36232833"><ele>1312.0</ele><time>2022-10-10T19:12:31.465Z</time></trkpt><trkpt lat="51.07764333" lon="-115.36231167"><ele>1312.0</ele><time>2022-10-10T19:12:32.464Z</time></trkpt><trkpt lat="51.07763167" lon="-115.36229667"><ele>1312.0</ele><time>2022-10-10T19:12:33.464Z</time></trkpt><trkpt lat="51.07762667" lon="-115.36227833"><ele>1311.0</ele><time>2022-10-10T19:12:34.464Z</time></trkpt><trkpt lat="51.077625" lon="-115.36225667"><ele>1311.0</ele><time>2022-10-10T19:12:35.465Z</time></trkpt><trkpt lat="51.07762333" lon="-115.36224167"><ele>1310.0</ele><time>2022-10-10T19:12:36.465Z</time></trkpt><trkpt lat="51.077615" lon="-115.362225"><ele>1310.0</ele><time>2022-10-10T19:12:37.465Z</time></trkpt><trkpt lat="51.07760333" lon="-115.36220667"><ele>1311.0</ele><time>2022-10-10T19:12:38.464Z</time></trkpt><trkpt lat="51.0776" lon="-115.36218833"><ele>1311.0</ele><time>2022-10-10T19:12:39.465Z</time></trkpt><trkpt lat="51.077595" lon="-115.36217333"><ele>1312.0</ele><time>2022-10-10T19:12:40.465Z</time></trkpt><trkpt lat="51.07759" lon="-115.36216"><ele>1312.0</ele><time>2022-10-10T19:12:41.465Z</time></trkpt><trkpt lat="51.07757333" lon="-115.36216167"><ele>1313.0</ele><time>2022-10-10T19:12:42.465Z</time></trkpt><trkpt lat="51.07756333" lon="-115.362145"><ele>1314.0</ele><time>2022-10-10T19:12:43.464Z</time></trkpt><trkpt lat="51.07755667" lon="-115.362135"><ele>1315.0</ele><time>2022-10-10T19:12:44.464Z</time></trkpt><trkpt lat="51.07755" lon="-115.362125"><ele>1316.0</ele><time>2022-10-10T19:12:45.465Z</time></trkpt><trkpt lat="51.07754" lon="-115.36211667"><ele>1317.0</ele><time>2022-10-10T19:12:46.464Z</time></trkpt><trkpt lat="51.07752833" lon="-115.36211167"><ele>1318.0</ele><time>2022-10-10T19:12:47.465Z</time></trkpt><trkpt lat="51.07751333" lon="-115.36210667"><ele>1319.0</ele><time>2022-10-10T19:12:48.465Z</time></trkpt><trkpt lat="51.07749833" lon="-115.36210333"><ele>1320.0</ele><time>2022-10-10T19:12:49.464Z</time></trkpt><trkpt lat="51.07749167" lon="-115.36209"><ele>1321.0</ele><time>2022-10-10T19:12:50.465Z</time></trkpt><trkpt lat="51.077485" lon="-115.362085"><ele>1321.0</ele><time>2022-10-10T19:12:51.465Z</time></trkpt><trkpt lat="51.07749" lon="-115.36207"><ele>1322.0</ele><time>2022-10-10T19:12:52.465Z</time></trkpt><trkpt lat="51.07749167" lon="-115.362055"><ele>1323.0</ele><time>2022-10-10T19:12:53.465Z</time></trkpt><trkpt lat="51.07748667" lon="-115.36204333"><ele>1323.0</ele><time>2022-10-10T19:12:54.465Z</time></trkpt><trkpt lat="51.077475" lon="-115.36203"><ele>1324.0</ele><time>2022-10-10T19:12:55.465Z</time></trkpt><trkpt lat="51.077465" lon="-115.36202"><ele>1323.0</ele><time>2022-10-10T19:12:56.464Z</time></trkpt><trkpt lat="51.07746167" lon="-115.36200833"><ele>1323.0</ele><time>2022-10-10T19:12:57.464Z</time></trkpt><trkpt lat="51.07746" lon="-115.361995"><ele>1323.0</ele><time>2022-10-10T19:12:58.465Z</time></trkpt><trkpt lat="51.07745667" lon="-115.36198"><ele>1323.0</ele><time>2022-10-10T19:12:59.465Z</time></trkpt><trkpt lat="51.07745667" lon="-115.361965"><ele>1322.0</ele><time>2022-10-10T19:13:00.465Z</time></trkpt><trkpt lat="51.07745833" lon="-115.36195"><ele>1322.0</ele><time>2022-10-10T19:13:01.465Z</time></trkpt><trkpt lat="51.07746167" lon="-115.361935"><ele>1321.0</ele><time>2022-10-10T19:13:02.464Z</time></trkpt><trkpt lat="51.07746167" lon="-115.361925"><ele>1320.0</ele><time>2022-10-10T19:13:03.465Z</time></trkpt><trkpt lat="51.077465" lon="-115.36191333"><ele>1320.0</ele><time>2022-10-10T19:13:04.464Z</time></trkpt><trkpt lat="51.07746833" lon="-115.36189667"><ele>1319.0</ele><time>2022-10-10T19:13:05.464Z</time></trkpt><trkpt lat="51.07746333" lon="-115.36189"><ele>1318.0</ele><time>2022-10-10T19:13:06.464Z</time></trkpt><trkpt lat="51.07745833" lon="-115.36188"><ele>1317.0</ele><time>2022-10-10T19:13:07.465Z</time></trkpt><trkpt lat="51.07745333" lon="-115.36187333"><ele>1316.0</ele><time>2022-10-10T19:13:08.465Z</time></trkpt><trkpt lat="51.077445" lon="-115.361865"><ele>1316.0</ele><time>2022-10-10T19:13:09.465Z</time></trkpt><trkpt lat="51.07743833" lon="-115.36186333"><ele>1315.0</ele><time>2022-10-10T19:13:10.464Z</time></trkpt><trkpt lat="51.07743333" lon="-115.36185833"><ele>1314.0</ele><time>2022-10-10T19:13:11.464Z</time></trkpt><trkpt lat="51.07743167" lon="-115.361855"><ele>1314.0</ele><time>2022-10-10T19:13:12.465Z</time></trkpt><trkpt lat="51.07743" lon="-115.36185"><ele>1313.0</ele><time>2022-10-10T19:13:13.465Z</time></trkpt><trkpt lat="51.07743" lon="-115.36184667"><ele>1313.0</ele><time>2022-10-10T19:13:14.465Z</time></trkpt><trkpt lat="51.07742833" lon="-115.36184"><ele>1313.0</ele><time>2022-10-10T19:13:15.465Z</time></trkpt><trkpt lat="51.07742833" lon="-115.36183667"><ele>1312.0</ele><time>2022-10-10T19:13:16.465Z</time></trkpt><trkpt lat="51.07742667" lon="-115.36184333"><ele>1312.0</ele><time>2022-10-10T19:13:17.464Z</time></trkpt><trkpt lat="51.077425" lon="-115.36184667"><ele>1312.0</ele><time>2022-10-10T19:13:18.465Z</time></trkpt><trkpt lat="51.07742167" lon="-115.36184667"><ele>1312.0</ele><time>2022-10-10T19:13:19.465Z</time></trkpt><trkpt lat="51.07741333" lon="-115.36184833"><ele>1312.0</ele><time>2022-10-10T19:13:20.465Z</time></trkpt><trkpt lat="51.07740833" lon="-115.36185"><ele>1313.0</ele><time>2022-10-10T19:13:21.465Z</time></trkpt><trkpt lat="51.07741167" lon="-115.36184833"><ele>1313.0</ele><time>2022-10-10T19:13:22.464Z</time></trkpt><trkpt lat="51.07741333" lon="-115.36184833"><ele>1313.0</ele><time>2022-10-10T19:13:23.465Z</time></trkpt><trkpt lat="51.077415" lon="-115.361855"><ele>1314.0</ele><time>2022-10-10T19:13:24.465Z</time></trkpt><trkpt lat="51.07741333" lon="-115.36186"><ele>1314.0</ele><time>2022-10-10T19:13:25.465Z</time></trkpt><trkpt lat="51.07741167" lon="-115.36186333"><ele>1314.0</ele><time>2022-10-10T19:13:26.465Z</time></trkpt><trkpt lat="51.07741" lon="-115.361865"><ele>1315.0</ele><time>2022-10-10T19:13:27.464Z</time></trkpt><trkpt lat="51.07740667" lon="-115.36186667"><ele>1315.0</ele><time>2022-10-10T19:13:28.464Z</time></trkpt><trkpt lat="51.07740333" lon="-115.36186833"><ele>1315.0</ele><time>2022-10-10T19:13:29.464Z</time></trkpt><trkpt lat="51.07739667" lon="-115.36187667"><ele>1315.0</ele><time>2022-10-10T19:13:30.465Z</time></trkpt><trkpt lat="51.07739333" lon="-115.361885"><ele>1316.0</ele><time>2022-10-10T19:13:31.465Z</time></trkpt><trkpt lat="51.07739167" lon="-115.36189"><ele>1316.0</ele><time>2022-10-10T19:13:32.465Z</time></trkpt><trkpt lat="51.07739333" lon="-115.36190167"><ele>1316.0</ele><time>2022-10-10T19:13:33.465Z</time></trkpt><trkpt lat="51.07739167" lon="-115.36190333"><ele>1316.0</ele><time>2022-10-10T19:13:34.464Z</time></trkpt><trkpt lat="51.07738167" lon="-115.36193"><ele>1315.0</ele><time>2022-10-10T19:13:35.465Z</time></trkpt><trkpt lat="51.07737833" lon="-115.36195667"><ele>1315.0</ele><time>2022-10-10T19:13:36.465Z</time></trkpt><trkpt lat="51.07737167" lon="-115.361975"><ele>1315.0</ele><time>2022-10-10T19:13:37.465Z</time></trkpt><trkpt lat="51.077365" lon="-115.36199167"><ele>1314.0</ele><time>2022-10-10T19:13:38.465Z</time></trkpt><trkpt lat="51.07735833" lon="-115.36200333"><ele>1314.0</ele><time>2022-10-10T19:13:39.465Z</time></trkpt><trkpt lat="51.07735667" lon="-115.362005"><ele>1314.0</ele><time>2022-10-10T19:13:40.464Z</time></trkpt><trkpt lat="51.07735833" lon="-115.36200333"><ele>1314.0</ele><time>2022-10-10T19:13:41.465Z</time></trkpt><trkpt lat="51.07735833" lon="-115.36200167"><ele>1314.0</ele><time>2022-10-10T19:13:42.465Z</time></trkpt><trkpt lat="51.077355" lon="-115.362"><ele>1314.0</ele><time>2022-10-10T19:13:43.465Z</time></trkpt><trkpt lat="51.07734167" lon="-115.36199167"><ele>1314.0</ele><time>2022-10-10T19:13:44.465Z</time></trkpt><trkpt lat="51.07733333" lon="-115.361985"><ele>1314.0</ele><time>2022-10-10T19:13:45.464Z</time></trkpt><trkpt lat="51.07733" lon="-115.36197"><ele>1314.0</ele><time>2022-10-10T19:13:46.464Z</time></trkpt><trkpt lat="51.07732" lon="-115.361965"><ele>1314.0</ele><time>2022-10-10T19:13:47.464Z</time></trkpt><trkpt lat="51.077315" lon="-115.36196667"><ele>1314.0</ele><time>2022-10-10T19:13:48.465Z</time></trkpt><trkpt lat="51.07731667" lon="-115.36196667"><ele>1313.0</ele><time>2022-10-10T19:13:49.464Z</time></trkpt><trkpt lat="51.07731667" lon="-115.36196333"><ele>1314.0</ele><time>2022-10-10T19:13:50.465Z</time></trkpt><trkpt lat="51.07731667" lon="-115.36195833"><ele>1314.0</ele><time>2022-10-10T19:13:51.465Z</time></trkpt><trkpt lat="51.07732167" lon="-115.36195"><ele>1314.0</ele><time>2022-10-10T19:13:52.464Z</time></trkpt><trkpt lat="51.07732667" lon="-115.36194"><ele>1315.0</ele><time>2022-10-10T19:13:53.465Z</time></trkpt><trkpt lat="51.07733167" lon="-115.36193"><ele>1316.0</ele><time>2022-10-10T19:13:54.465Z</time></trkpt><trkpt lat="51.07733667" lon="-115.36192333"><ele>1318.0</ele><time>2022-10-10T19:13:55.465Z</time></trkpt><trkpt lat="51.07734" lon="-115.36191833"><ele>1319.0</ele><time>2022-10-10T19:13:56.465Z</time></trkpt><trkpt lat="51.077345" lon="-115.36191333"><ele>1320.0</ele><time>2022-10-10T19:13:57.464Z</time></trkpt><trkpt lat="51.07735" lon="-115.36190667"><ele>1321.0</ele><time>2022-10-10T19:13:58.465Z</time></trkpt><trkpt lat="51.07735333" lon="-115.36190833"><ele>1322.0</ele><time>2022-10-10T19:13:59.465Z</time></trkpt><trkpt lat="51.07735167" lon="-115.36191167"><ele>1322.0</ele><time>2022-10-10T19:14:00.464Z</time></trkpt><trkpt lat="51.07735167" lon="-115.361915"><ele>1323.0</ele><time>2022-10-10T19:14:01.464Z</time></trkpt><trkpt lat="51.07735333" lon="-115.361915"><ele>1324.0</ele><time>2022-10-10T19:14:02.465Z</time></trkpt><trkpt lat="51.07735333" lon="-115.36191667"><ele>1324.0</ele><time>2022-10-10T19:14:03.465Z</time></trkpt><trkpt lat="51.077355" lon="-115.36191667"><ele>1324.0</ele><time>2022-10-10T19:14:04.465Z</time></trkpt><trkpt lat="51.07736167" lon="-115.361915"><ele>1324.0</ele><time>2022-10-10T19:14:05.465Z</time></trkpt><trkpt lat="51.07737" lon="-115.36191333"><ele>1324.0</ele><time>2022-10-10T19:14:06.464Z</time></trkpt><trkpt lat="51.07737833" lon="-115.361915"><ele>1324.0</ele><time>2022-10-10T19:14:07.465Z</time></trkpt><trkpt lat="51.07738333" lon="-115.36191"><ele>1324.0</ele><time>2022-10-10T19:14:08.464Z</time></trkpt><trkpt lat="51.07738333" lon="-115.36190833"><ele>1324.0</ele><time>2022-10-10T19:14:09.465Z</time></trkpt><trkpt lat="51.07738333" lon="-115.361905"><ele>1325.0</ele><time>2022-10-10T19:14:10.465Z</time></trkpt><trkpt lat="51.077385" lon="-115.36190167"><ele>1325.0</ele><time>2022-10-10T19:14:11.465Z</time></trkpt><trkpt lat="51.077385" lon="-115.36190333"><ele>1325.0</ele><time>2022-10-10T19:14:12.465Z</time></trkpt><trkpt lat="51.07738833" lon="-115.36190167"><ele>1325.0</ele><time>2022-10-10T19:14:13.465Z</time></trkpt><trkpt lat="51.07739" lon="-115.3619"><ele>1325.0</ele><time>2022-10-10T19:14:14.464Z</time></trkpt><trkpt lat="51.07738833" lon="-115.36189333"><ele>1325.0</ele><time>2022-10-10T19:14:15.464Z</time></trkpt><trkpt lat="51.07739167" lon="-115.36189167"><ele>1325.0</ele><time>2022-10-10T19:14:16.465Z</time></trkpt><trkpt lat="51.07739667" lon="-115.361895"><ele>1325.0</ele><time>2022-10-10T19:14:17.465Z</time></trkpt><trkpt lat="51.07739833" lon="-115.361895"><ele>1324.0</ele><time>2022-10-10T19:14:18.465Z</time></trkpt><trkpt lat="51.0774" lon="-115.36189167"><ele>1324.0</ele><time>2022-10-10T19:14:19.465Z</time></trkpt><trkpt lat="51.0774" lon="-115.36189333"><ele>1324.0</ele><time>2022-10-10T19:14:20.464Z</time></trkpt><trkpt lat="51.0774" lon="-115.36189667"><ele>1323.0</ele><time>2022-10-10T19:14:21.464Z</time></trkpt><trkpt lat="51.07739667" lon="-115.361895"><ele>1323.0</ele><time>2022-10-10T19:14:22.465Z</time></trkpt><trkpt lat="51.07739667" lon="-115.36188667"><ele>1322.0</ele><time>2022-10-10T19:14:23.465Z</time></trkpt><trkpt lat="51.077405" lon="-115.36187167"><ele>1322.0</ele><time>2022-10-10T19:14:24.464Z</time></trkpt><trkpt lat="51.077415" lon="-115.36184833"><ele>1322.0</ele><time>2022-10-10T19:14:25.465Z</time></trkpt><trkpt lat="51.07741833" lon="-115.36183333"><ele>1322.0</ele><time>2022-10-10T19:14:26.465Z</time></trkpt><trkpt lat="51.077425" lon="-115.36181333"><ele>1322.0</ele><time>2022-10-10T19:14:27.465Z</time></trkpt><trkpt lat="51.07742833" lon="-115.361805"><ele>1322.0</ele><time>2022-10-10T19:14:28.465Z</time></trkpt><trkpt lat="51.077425" lon="-115.361785"><ele>1322.0</ele><time>2022-10-10T19:14:29.465Z</time></trkpt><trkpt lat="51.07742167" lon="-115.36177167"><ele>1322.0</ele><time>2022-10-10T19:14:30.465Z</time></trkpt><trkpt lat="51.07741833" lon="-115.36175667"><ele>1322.0</ele><time>2022-10-10T19:14:31.465Z</time></trkpt><trkpt lat="51.07741333" lon="-115.36174"><ele>1321.0</ele><time>2022-10-10T19:14:32.464Z</time></trkpt><trkpt lat="51.07741" lon="-115.36172333"><ele>1320.0</ele><time>2022-10-10T19:14:33.465Z</time></trkpt><trkpt lat="51.07740833" lon="-115.36170833"><ele>1320.0</ele><time>2022-10-10T19:14:34.465Z</time></trkpt><trkpt lat="51.07740667" lon="-115.36169167"><ele>1319.0</ele><time>2022-10-10T19:14:35.464Z</time></trkpt><trkpt lat="51.07740667" lon="-115.36167333"><ele>1319.0</ele><time>2022-10-10T19:14:36.465Z</time></trkpt><trkpt lat="51.07740333" lon="-115.36165667"><ele>1318.0</ele><time>2022-10-10T19:14:37.465Z</time></trkpt><trkpt lat="51.0774" lon="-115.36164167"><ele>1318.0</ele><time>2022-10-10T19:14:38.465Z</time></trkpt><trkpt lat="51.077395" lon="-115.361625"><ele>1318.0</ele><time>2022-10-10T19:14:39.465Z</time></trkpt><trkpt lat="51.07738833" lon="-115.36161167"><ele>1318.0</ele><time>2022-10-10T19:14:40.465Z</time></trkpt><trkpt lat="51.07738667" lon="-115.3616"><ele>1318.0</ele><time>2022-10-10T19:14:41.465Z</time></trkpt><trkpt lat="51.07738333" lon="-115.36158167"><ele>1318.0</ele><time>2022-10-10T19:14:42.465Z</time></trkpt><trkpt lat="51.07737167" lon="-115.36157333"><ele>1318.0</ele><time>2022-10-10T19:14:43.464Z</time></trkpt><trkpt lat="51.07736" lon="-115.36156"><ele>1318.0</ele><time>2022-10-10T19:14:44.465Z</time></trkpt><trkpt lat="51.07735333" lon="-115.36154667"><ele>1318.0</ele><time>2022-10-10T19:14:45.465Z</time></trkpt><trkpt lat="51.07733833" lon="-115.36154167"><ele>1318.0</ele><time>2022-10-10T19:14:46.464Z</time></trkpt><trkpt lat="51.07733" lon="-115.36152833"><ele>1318.0</ele><time>2022-10-10T19:14:47.464Z</time></trkpt><trkpt lat="51.077325" lon="-115.36151333"><ele>1318.0</ele><time>2022-10-10T19:14:48.465Z</time></trkpt><trkpt lat="51.07731667" lon="-115.36150167"><ele>1318.0</ele><time>2022-10-10T19:14:49.465Z</time></trkpt><trkpt lat="51.07731" lon="-115.36148667"><ele>1318.0</ele><time>2022-10-10T19:14:50.465Z</time></trkpt><trkpt lat="51.07730167" lon="-115.36146667"><ele>1318.0</ele><time>2022-10-10T19:14:51.465Z</time></trkpt><trkpt lat="51.077295" lon="-115.36144667"><ele>1317.0</ele><time>2022-10-10T19:14:52.464Z</time></trkpt><trkpt lat="51.07729167" lon="-115.36142667"><ele>1317.0</ele><time>2022-10-10T19:14:53.464Z</time></trkpt><trkpt lat="51.07728833" lon="-115.36141333"><ele>1316.0</ele><time>2022-10-10T19:14:54.464Z</time></trkpt><trkpt lat="51.07728" lon="-115.361395"><ele>1316.0</ele><time>2022-10-10T19:14:55.465Z</time></trkpt><trkpt lat="51.07727833" lon="-115.36137167"><ele>1315.0</ele><time>2022-10-10T19:14:56.465Z</time></trkpt><trkpt lat="51.077285" lon="-115.36135333"><ele>1315.0</ele><time>2022-10-10T19:14:57.464Z</time></trkpt><trkpt lat="51.07728333" lon="-115.36134"><ele>1316.0</ele><time>2022-10-10T19:14:58.464Z</time></trkpt><trkpt lat="51.07728167" lon="-115.36133"><ele>1316.0</ele><time>2022-10-10T19:14:59.465Z</time></trkpt><trkpt lat="51.07728" lon="-115.36131833"><ele>1316.0</ele><time>2022-10-10T19:15:00.464Z</time></trkpt><trkpt lat="51.07727667" lon="-115.36131333"><ele>1317.0</ele><time>2022-10-10T19:15:01.465Z</time></trkpt><trkpt lat="51.07727333" lon="-115.36130167"><ele>1317.0</ele><time>2022-10-10T19:15:02.464Z</time></trkpt><trkpt lat="51.07726833" lon="-115.361285"><ele>1317.0</ele><time>2022-10-10T19:15:03.464Z</time></trkpt><trkpt lat="51.07727" lon="-115.36126"><ele>1318.0</ele><time>2022-10-10T19:15:04.465Z</time></trkpt><trkpt lat="51.07727" lon="-115.361235"><ele>1319.0</ele><time>2022-10-10T19:15:05.464Z</time></trkpt><trkpt lat="51.07727333" lon="-115.36120833"><ele>1320.0</ele><time>2022-10-10T19:15:06.465Z</time></trkpt><trkpt lat="51.07727333" lon="-115.36118833"><ele>1321.0</ele><time>2022-10-10T19:15:07.464Z</time></trkpt><trkpt lat="51.07727333" lon="-115.36117"><ele>1322.0</ele><time>2022-10-10T19:15:08.464Z</time></trkpt><trkpt lat="51.07727333" lon="-115.36115333"><ele>1323.0</ele><time>2022-10-10T19:15:09.464Z</time></trkpt><trkpt lat="51.07727667" lon="-115.36113833"><ele>1324.0</ele><time>2022-10-10T19:15:10.464Z</time></trkpt><trkpt lat="51.07728" lon="-115.361115"><ele>1325.0</ele><time>2022-10-10T19:15:11.464Z</time></trkpt><trkpt lat="51.07728167" lon="-115.36110167"><ele>1325.0</ele><time>2022-10-10T19:15:12.464Z</time></trkpt><trkpt lat="51.07728333" lon="-115.361085"><ele>1326.0</ele><time>2022-10-10T19:15:13.465Z</time></trkpt><trkpt lat="51.07728" lon="-115.361075"><ele>1326.0</ele><time>2022-10-10T19:15:14.464Z</time></trkpt><trkpt lat="51.07728333" lon="-115.36106167"><ele>1326.0</ele><time>2022-10-10T19:15:15.464Z</time></trkpt><trkpt lat="51.077285" lon="-115.36104167"><ele>1327.0</ele><time>2022-10-10T19:15:16.464Z</time></trkpt><trkpt lat="51.07728667" lon="-115.36101"><ele>1326.0</ele><time>2022-10-10T19:15:17.465Z</time></trkpt><trkpt lat="51.07729333" lon="-115.36098"><ele>1326.0</ele><time>2022-10-10T19:15:18.465Z</time></trkpt><trkpt lat="51.07729667" lon="-115.360955"><ele>1327.0</ele><time>2022-10-10T19:15:19.465Z</time></trkpt><trkpt lat="51.077295" lon="-115.36093667"><ele>1327.0</ele><time>2022-10-10T19:15:20.465Z</time></trkpt><trkpt lat="51.07728667" lon="-115.36092167"><ele>1327.0</ele><time>2022-10-10T19:15:21.464Z</time></trkpt><trkpt lat="51.07728667" lon="-115.36089833"><ele>1326.0</ele><time>2022-10-10T19:15:22.465Z</time></trkpt><trkpt lat="51.07729" lon="-115.36086833"><ele>1326.0</ele><time>2022-10-10T19:15:23.465Z</time></trkpt><trkpt lat="51.07728667" lon="-115.36084833"><ele>1325.0</ele><time>2022-10-10T19:15:24.465Z</time></trkpt><trkpt lat="51.07728" lon="-115.36082333"><ele>1324.0</ele><time>2022-10-10T19:15:25.464Z</time></trkpt><trkpt lat="51.07727" lon="-115.36081167"><ele>1323.0</ele><time>2022-10-10T19:15:26.465Z</time></trkpt><trkpt lat="51.07727" lon="-115.36079667"><ele>1322.0</ele><time>2022-10-10T19:15:27.465Z</time></trkpt><trkpt lat="51.07726833" lon="-115.36078"><ele>1321.0</ele><time>2022-10-10T19:15:28.464Z</time></trkpt><trkpt lat="51.07726833" lon="-115.36076"><ele>1320.0</ele><time>2022-10-10T19:15:29.465Z</time></trkpt><trkpt lat="51.07727333" lon="-115.36073833"><ele>1319.0</ele><time>2022-10-10T19:15:30.465Z</time></trkpt><trkpt lat="51.07727333" lon="-115.36071833"><ele>1319.0</ele><time>2022-10-10T19:15:31.464Z</time></trkpt><trkpt lat="51.07727333" lon="-115.3607"><ele>1318.0</ele><time>2022-10-10T19:15:32.464Z</time></trkpt><trkpt lat="51.07727167" lon="-115.36067833"><ele>1318.0</ele><time>2022-10-10T19:15:33.465Z</time></trkpt><trkpt lat="51.07727" lon="-115.36066167"><ele>1318.0</ele><time>2022-10-10T19:15:34.464Z</time></trkpt><trkpt lat="51.07727" lon="-115.36064167"><ele>1318.0</ele><time>2022-10-10T19:15:35.464Z</time></trkpt><trkpt lat="51.07726667" lon="-115.36063"><ele>1318.0</ele><time>2022-10-10T19:15:36.464Z</time></trkpt><trkpt lat="51.07726333" lon="-115.36061833"><ele>1318.0</ele><time>2022-10-10T19:15:37.465Z</time></trkpt><trkpt lat="51.07726167" lon="-115.3606"><ele>1318.0</ele><time>2022-10-10T19:15:38.465Z</time></trkpt><trkpt lat="51.07725667" lon="-115.36058"><ele>1318.0</ele><time>2022-10-10T19:15:39.465Z</time></trkpt><trkpt lat="51.077255" lon="-115.36056167"><ele>1318.0</ele><time>2022-10-10T19:15:40.464Z</time></trkpt><trkpt lat="51.07725167" lon="-115.36054333"><ele>1319.0</ele><time>2022-10-10T19:15:41.464Z</time></trkpt><trkpt lat="51.07724833" lon="-115.360525"><ele>1319.0</ele><time>2022-10-10T19:15:42.465Z</time></trkpt><trkpt lat="51.07724333" lon="-115.360505"><ele>1319.0</ele><time>2022-10-10T19:15:43.464Z</time></trkpt><trkpt lat="51.07724" lon="-115.36047833"><ele>1320.0</ele><time>2022-10-10T19:15:44.465Z</time></trkpt><trkpt lat="51.07723667" lon="-115.36045833"><ele>1320.0</ele><time>2022-10-10T19:15:45.464Z</time></trkpt><trkpt lat="51.07723833" lon="-115.36043667"><ele>1320.0</ele><time>2022-10-10T19:15:46.464Z</time></trkpt><trkpt lat="51.07723833" lon="-115.36042"><ele>1320.0</ele><time>2022-10-10T19:15:47.464Z</time></trkpt><trkpt lat="51.077235" lon="-115.3604"><ele>1320.0</ele><time>2022-10-10T19:15:48.465Z</time></trkpt><trkpt lat="51.07722667" lon="-115.36037833"><ele>1319.0</ele><time>2022-10-10T19:15:49.464Z</time></trkpt><trkpt lat="51.077225" lon="-115.36035833"><ele>1319.0</ele><time>2022-10-10T19:15:50.464Z</time></trkpt><trkpt lat="51.07722333" lon="-115.36034"><ele>1318.0</ele><time>2022-10-10T19:15:51.464Z</time></trkpt><trkpt lat="51.07721833" lon="-115.36032667"><ele>1317.0</ele><time>2022-10-10T19:15:52.464Z</time></trkpt><trkpt lat="51.07721" lon="-115.36030667"><ele>1317.0</ele><time>2022-10-10T19:15:53.465Z</time></trkpt><trkpt lat="51.07720333" lon="-115.36028833"><ele>1316.0</ele><time>2022-10-10T19:15:54.464Z</time></trkpt><trkpt lat="51.07719833" lon="-115.36026667"><ele>1316.0</ele><time>2022-10-10T19:15:55.464Z</time></trkpt><trkpt lat="51.07719667" lon="-115.36025167"><ele>1316.0</ele><time>2022-10-10T19:15:56.464Z</time></trkpt><trkpt lat="51.077195" lon="-115.36023167"><ele>1315.0</ele><time>2022-10-10T19:15:57.465Z</time></trkpt><trkpt lat="51.077195" lon="-115.36021167"><ele>1315.0</ele><time>2022-10-10T19:15:58.465Z</time></trkpt><trkpt lat="51.077195" lon="-115.36019333"><ele>1314.0</ele><time>2022-10-10T19:15:59.465Z</time></trkpt><trkpt lat="51.07719333" lon="-115.36016833"><ele>1315.0</ele><time>2022-10-10T19:16:00.464Z</time></trkpt><trkpt lat="51.07719" lon="-115.36015333"><ele>1315.0</ele><time>2022-10-10T19:16:01.464Z</time></trkpt><trkpt lat="51.07718667" lon="-115.36014333"><ele>1315.0</ele><time>2022-10-10T19:16:02.464Z</time></trkpt><trkpt lat="51.07718" lon="-115.360125"><ele>1315.0</ele><time>2022-10-10T19:16:03.464Z</time></trkpt><trkpt lat="51.07717333" lon="-115.36011167"><ele>1316.0</ele><time>2022-10-10T19:16:04.465Z</time></trkpt><trkpt lat="51.07717167" lon="-115.36009833"><ele>1316.0</ele><time>2022-10-10T19:16:05.464Z</time></trkpt><trkpt lat="51.07717333" lon="-115.36008333"><ele>1317.0</ele><time>2022-10-10T19:16:06.465Z</time></trkpt><trkpt lat="51.077175" lon="-115.360055"><ele>1318.0</ele><time>2022-10-10T19:16:07.464Z</time></trkpt><trkpt lat="51.077175" lon="-115.36003167"><ele>1319.0</ele><time>2022-10-10T19:16:08.464Z</time></trkpt><trkpt lat="51.07717167" lon="-115.36001167"><ele>1320.0</ele><time>2022-10-10T19:16:09.465Z</time></trkpt><trkpt lat="51.07716333" lon="-115.35999167"><ele>1320.0</ele><time>2022-10-10T19:16:10.464Z</time></trkpt><trkpt lat="51.07715" lon="-115.35998"><ele>1320.0</ele><time>2022-10-10T19:16:11.464Z</time></trkpt><trkpt lat="51.07714" lon="-115.35997167"><ele>1320.0</ele><time>2022-10-10T19:16:12.464Z</time></trkpt><trkpt lat="51.07713333" lon="-115.35996833"><ele>1320.0</ele><time>2022-10-10T19:16:13.464Z</time></trkpt><trkpt lat="51.077125" lon="-115.35996167"><ele>1319.0</ele><time>2022-10-10T19:16:14.464Z</time></trkpt><trkpt lat="51.07711167" lon="-115.35995333"><ele>1319.0</ele><time>2022-10-10T19:16:15.464Z</time></trkpt><trkpt lat="51.0771" lon="-115.35994167"><ele>1319.0</ele><time>2022-10-10T19:16:16.464Z</time></trkpt><trkpt lat="51.07709333" lon="-115.35993"><ele>1318.0</ele><time>2022-10-10T19:16:17.465Z</time></trkpt><trkpt lat="51.077085" lon="-115.359925"><ele>1318.0</ele><time>2022-10-10T19:16:18.464Z</time></trkpt><trkpt lat="51.07708167" lon="-115.35991833"><ele>1318.0</ele><time>2022-10-10T19:16:19.465Z</time></trkpt><trkpt lat="51.07708333" lon="-115.359905"><ele>1318.0</ele><time>2022-10-10T19:16:20.464Z</time></trkpt><trkpt lat="51.07709333" lon="-115.35988667"><ele>1318.0</ele><time>2022-10-10T19:16:21.465Z</time></trkpt><trkpt lat="51.07710167" lon="-115.359875"><ele>1318.0</ele><time>2022-10-10T19:16:22.464Z</time></trkpt><trkpt lat="51.07711167" lon="-115.35986833"><ele>1318.0</ele><time>2022-10-10T19:16:23.465Z</time></trkpt><trkpt lat="51.07711667" lon="-115.35986"><ele>1318.0</ele><time>2022-10-10T19:16:24.464Z</time></trkpt><trkpt lat="51.07712" lon="-115.35985667"><ele>1318.0</ele><time>2022-10-10T19:16:25.465Z</time></trkpt><trkpt lat="51.077125" lon="-115.35985"><ele>1318.0</ele><time>2022-10-10T19:16:26.464Z</time></trkpt><trkpt lat="51.07712667" lon="-115.35984667"><ele>1318.0</ele><time>2022-10-10T19:16:27.464Z</time></trkpt><trkpt lat="51.077125" lon="-115.35984833"><ele>1318.0</ele><time>2022-10-10T19:16:28.465Z</time></trkpt><trkpt lat="51.07712333" lon="-115.35984833"><ele>1318.0</ele><time>2022-10-10T19:16:29.465Z</time></trkpt><trkpt lat="51.07712167" lon="-115.35985"><ele>1317.0</ele><time>2022-10-10T19:16:30.464Z</time></trkpt><trkpt lat="51.07712167" lon="-115.35984667"><ele>1317.0</ele><time>2022-10-10T19:16:31.464Z</time></trkpt><trkpt lat="51.07712167" lon="-115.35984167"><ele>1317.0</ele><time>2022-10-10T19:16:32.464Z</time></trkpt><trkpt lat="51.07712167" lon="-115.35984"><ele>1317.0</ele><time>2022-10-10T19:16:33.464Z</time></trkpt><trkpt lat="51.07711833" lon="-115.35983833"><ele>1317.0</ele><time>2022-10-10T19:16:34.465Z</time></trkpt><trkpt lat="51.07712" lon="-115.359835"><ele>1317.0</ele><time>2022-10-10T19:16:35.464Z</time></trkpt><trkpt lat="51.07711833" lon="-115.359835"><ele>1317.0</ele><time>2022-10-10T19:16:36.465Z</time></trkpt><trkpt lat="51.077115" lon="-115.35983833"><ele>1317.0</ele><time>2022-10-10T19:16:37.464Z</time></trkpt><trkpt lat="51.077115" lon="-115.35984"><ele>1318.0</ele><time>2022-10-10T19:16:38.465Z</time></trkpt><trkpt lat="51.07711333" lon="-115.35984333"><ele>1318.0</ele><time>2022-10-10T19:16:39.465Z</time></trkpt><trkpt lat="51.07711" lon="-115.35985333"><ele>1319.0</ele><time>2022-10-10T19:16:40.464Z</time></trkpt><trkpt lat="51.07711167" lon="-115.35985"><ele>1319.0</ele><time>2022-10-10T19:16:41.464Z</time></trkpt><trkpt lat="51.07711167" lon="-115.35984167"><ele>1319.0</ele><time>2022-10-10T19:16:42.464Z</time></trkpt><trkpt lat="51.077115" lon="-115.35983"><ele>1319.0</ele><time>2022-10-10T19:16:43.465Z</time></trkpt><trkpt lat="51.07712333" lon="-115.35983167"><ele>1319.0</ele><time>2022-10-10T19:16:44.465Z</time></trkpt><trkpt lat="51.07712333" lon="-115.35983333"><ele>1320.0</ele><time>2022-10-10T19:16:45.464Z</time></trkpt><trkpt lat="51.07712167" lon="-115.359835"><ele>1320.0</ele><time>2022-10-10T19:16:46.464Z</time></trkpt><trkpt lat="51.07711667" lon="-115.35983167"><ele>1320.0</ele><time>2022-10-10T19:16:47.464Z</time></trkpt><trkpt lat="51.077115" lon="-115.35983167"><ele>1320.0</ele><time>2022-10-10T19:16:48.464Z</time></trkpt><trkpt lat="51.07711333" lon="-115.35983"><ele>1319.0</ele><time>2022-10-10T19:16:49.464Z</time></trkpt><trkpt lat="51.077115" lon="-115.35982833"><ele>1319.0</ele><time>2022-10-10T19:16:50.464Z</time></trkpt><trkpt lat="51.07711667" lon="-115.35982833"><ele>1319.0</ele><time>2022-10-10T19:16:51.464Z</time></trkpt><trkpt lat="51.07711833" lon="-115.35982667"><ele>1319.0</ele><time>2022-10-10T19:16:52.465Z</time></trkpt><trkpt lat="51.07712" lon="-115.359825"><ele>1319.0</ele><time>2022-10-10T19:16:53.464Z</time></trkpt><trkpt lat="51.07712167" lon="-115.359825"><ele>1319.0</ele><time>2022-10-10T19:16:54.464Z</time></trkpt><trkpt lat="51.077125" lon="-115.35982333"><ele>1318.0</ele><time>2022-10-10T19:16:55.464Z</time></trkpt><trkpt lat="51.077125" lon="-115.35982333"><ele>1318.0</ele><time>2022-10-10T19:16:56.464Z</time></trkpt><trkpt lat="51.07712333" lon="-115.35982833"><ele>1318.0</ele><time>2022-10-10T19:16:57.464Z</time></trkpt><trkpt lat="51.07712167" lon="-115.35983167"><ele>1319.0</ele><time>2022-10-10T19:16:58.465Z</time></trkpt><trkpt lat="51.07712" lon="-115.359835"><ele>1319.0</ele><time>2022-10-10T19:16:59.465Z</time></trkpt><trkpt lat="51.07712" lon="-115.35983833"><ele>1319.0</ele><time>2022-10-10T19:17:00.464Z</time></trkpt><trkpt lat="51.07712333" lon="-115.35984333"><ele>1319.0</ele><time>2022-10-10T19:17:01.465Z</time></trkpt><trkpt lat="51.07712333" lon="-115.359845"><ele>1319.0</ele><time>2022-10-10T19:17:02.465Z</time></trkpt><trkpt lat="51.07712333" lon="-115.35984667"><ele>1319.0</ele><time>2022-10-10T19:17:03.465Z</time></trkpt><trkpt lat="51.077125" lon="-115.35984333"><ele>1319.0</ele><time>2022-10-10T19:17:04.465Z</time></trkpt><trkpt lat="51.077125" lon="-115.35984"><ele>1319.0</ele><time>2022-10-10T19:17:05.464Z</time></trkpt><trkpt lat="51.077125" lon="-115.35983833"><ele>1319.0</ele><time>2022-10-10T19:17:06.465Z</time></trkpt><trkpt lat="51.07712" lon="-115.359845"><ele>1319.0</ele><time>2022-10-10T19:17:07.465Z</time></trkpt><trkpt lat="51.07711667" lon="-115.35984833"><ele>1319.0</ele><time>2022-10-10T19:17:08.465Z</time></trkpt><trkpt lat="51.07711667" lon="-115.35984333"><ele>1319.0</ele><time>2022-10-10T19:17:09.464Z</time></trkpt><trkpt lat="51.07712" lon="-115.35983167"><ele>1319.0</ele><time>2022-10-10T19:17:10.465Z</time></trkpt><trkpt lat="51.07712333" lon="-115.35982333"><ele>1319.0</ele><time>2022-10-10T19:17:11.465Z</time></trkpt><trkpt lat="51.07712" lon="-115.35982"><ele>1319.0</ele><time>2022-10-10T19:17:12.465Z</time></trkpt><trkpt lat="51.07712" lon="-115.359815"><ele>1319.0</ele><time>2022-10-10T19:17:13.465Z</time></trkpt><trkpt lat="51.07712167" lon="-115.35980833"><ele>1318.0</ele><time>2022-10-10T19:17:14.465Z</time></trkpt><trkpt lat="51.07712667" lon="-115.35980167"><ele>1317.0</ele><time>2022-10-10T19:17:15.465Z</time></trkpt><trkpt lat="51.07712667" lon="-115.35979833"><ele>1316.0</ele><time>2022-10-10T19:17:16.465Z</time></trkpt><trkpt lat="51.07712833" lon="-115.359795"><ele>1316.0</ele><time>2022-10-10T19:17:17.465Z</time></trkpt><trkpt lat="51.07713167" lon="-115.35979"><ele>1316.0</ele><time>2022-10-10T19:17:18.464Z</time></trkpt><trkpt lat="51.07713167" lon="-115.35978667"><ele>1316.0</ele><time>2022-10-10T19:17:19.465Z</time></trkpt><trkpt lat="51.07713" lon="-115.35978667"><ele>1316.0</ele><time>2022-10-10T19:17:20.465Z</time></trkpt><trkpt lat="51.07713" lon="-115.35979"><ele>1317.0</ele><time>2022-10-10T19:17:21.465Z</time></trkpt><trkpt lat="51.07712833" lon="-115.35979333"><ele>1317.0</ele><time>2022-10-10T19:17:22.465Z</time></trkpt><trkpt lat="51.07712667" lon="-115.359795"><ele>1317.0</ele><time>2022-10-10T19:17:23.464Z</time></trkpt><trkpt lat="51.07712667" lon="-115.35980167"><ele>1317.0</ele><time>2022-10-10T19:17:24.465Z</time></trkpt><trkpt lat="51.07712667" lon="-115.35980167"><ele>1316.0</ele><time>2022-10-10T19:17:25.465Z</time></trkpt><trkpt lat="51.07712667" lon="-115.3598"><ele>1316.0</ele><time>2022-10-10T19:17:26.465Z</time></trkpt><trkpt lat="51.07713" lon="-115.3598"><ele>1315.0</ele><time>2022-10-10T19:17:27.465Z</time></trkpt><trkpt lat="51.07712667" lon="-115.35980333"><ele>1315.0</ele><time>2022-10-10T19:17:28.464Z</time></trkpt><trkpt lat="51.07712333" lon="-115.35980333"><ele>1315.0</ele><time>2022-10-10T19:17:29.465Z</time></trkpt><trkpt lat="51.077125" lon="-115.359795"><ele>1315.0</ele><time>2022-10-10T19:17:30.465Z</time></trkpt><trkpt lat="51.07712667" lon="-115.35978833"><ele>1314.0</ele><time>2022-10-10T19:17:31.465Z</time></trkpt><trkpt lat="51.07713167" lon="-115.35978"><ele>1314.0</ele><time>2022-10-10T19:17:32.464Z</time></trkpt><trkpt lat="51.07713333" lon="-115.35977167"><ele>1314.0</ele><time>2022-10-10T19:17:33.465Z</time></trkpt><trkpt lat="51.077135" lon="-115.35977"><ele>1314.0</ele><time>2022-10-10T19:17:34.465Z</time></trkpt><trkpt lat="51.07713667" lon="-115.35977167"><ele>1314.0</ele><time>2022-10-10T19:17:35.465Z</time></trkpt><trkpt lat="51.07713833" lon="-115.35977167"><ele>1314.0</ele><time>2022-10-10T19:17:36.465Z</time></trkpt><trkpt lat="51.07714167" lon="-115.35977167"><ele>1314.0</ele><time>2022-10-10T19:17:37.464Z</time></trkpt><trkpt lat="51.077145" lon="-115.35977"><ele>1315.0</ele><time>2022-10-10T19:17:38.464Z</time></trkpt><trkpt lat="51.077145" lon="-115.35977"><ele>1316.0</ele><time>2022-10-10T19:17:39.464Z</time></trkpt><trkpt lat="51.07714333" lon="-115.35977"><ele>1316.0</ele><time>2022-10-10T19:17:40.464Z</time></trkpt><trkpt lat="51.07714" lon="-115.35977"><ele>1317.0</ele><time>2022-10-10T19:17:41.465Z</time></trkpt><trkpt lat="51.07713167" lon="-115.35976"><ele>1317.0</ele><time>2022-10-10T19:17:42.464Z</time></trkpt><trkpt lat="51.07712667" lon="-115.35976"><ele>1317.0</ele><time>2022-10-10T19:17:43.465Z</time></trkpt><trkpt lat="51.07712833" lon="-115.35975"><ele>1317.0</ele><time>2022-10-10T19:17:44.464Z</time></trkpt><trkpt lat="51.07712833" lon="-115.35974333"><ele>1318.0</ele><time>2022-10-10T19:17:45.465Z</time></trkpt><trkpt lat="51.07713" lon="-115.35974167"><ele>1318.0</ele><time>2022-10-10T19:17:46.465Z</time></trkpt><trkpt lat="51.07713" lon="-115.35974167"><ele>1318.0</ele><time>2022-10-10T19:17:47.464Z</time></trkpt><trkpt lat="51.077135" lon="-115.35974333"><ele>1319.0</ele><time>2022-10-10T19:17:48.465Z</time></trkpt><trkpt lat="51.07713667" lon="-115.35974167"><ele>1319.0</ele><time>2022-10-10T19:17:49.465Z</time></trkpt><trkpt lat="51.07714" lon="-115.35974333"><ele>1319.0</ele><time>2022-10-10T19:17:50.465Z</time></trkpt><trkpt lat="51.07714167" lon="-115.359745"><ele>1320.0</ele><time>2022-10-10T19:17:51.465Z</time></trkpt><trkpt lat="51.07714167" lon="-115.35974667"><ele>1320.0</ele><time>2022-10-10T19:17:52.464Z</time></trkpt><trkpt lat="51.07714167" lon="-115.359745"><ele>1320.0</ele><time>2022-10-10T19:17:53.465Z</time></trkpt><trkpt lat="51.07713833" lon="-115.359755"><ele>1319.0</ele><time>2022-10-10T19:17:54.465Z</time></trkpt><trkpt lat="51.07714" lon="-115.35975833"><ele>1319.0</ele><time>2022-10-10T19:17:55.465Z</time></trkpt><trkpt lat="51.07714167" lon="-115.35976"><ele>1319.0</ele><time>2022-10-10T19:17:56.464Z</time></trkpt><trkpt lat="51.07713833" lon="-115.35976667"><ele>1319.0</ele><time>2022-10-10T19:17:57.465Z</time></trkpt><trkpt lat="51.077135" lon="-115.359775"><ele>1319.0</ele><time>2022-10-10T19:17:58.465Z</time></trkpt><trkpt lat="51.07712667" lon="-115.35978667"><ele>1319.0</ele><time>2022-10-10T19:17:59.465Z</time></trkpt><trkpt lat="51.07713" lon="-115.35979"><ele>1320.0</ele><time>2022-10-10T19:18:00.465Z</time></trkpt><trkpt lat="51.07713167" lon="-115.35978333"><ele>1320.0</ele><time>2022-10-10T19:18:01.464Z</time></trkpt><trkpt lat="51.07713333" lon="-115.359785"><ele>1320.0</ele><time>2022-10-10T19:18:02.465Z</time></trkpt><trkpt lat="51.07713833" lon="-115.35978"><ele>1320.0</ele><time>2022-10-10T19:18:03.465Z</time></trkpt><trkpt lat="51.07714333" lon="-115.35978333"><ele>1320.0</ele><time>2022-10-10T19:18:04.465Z</time></trkpt><trkpt lat="51.077145" lon="-115.359785"><ele>1320.0</ele><time>2022-10-10T19:18:05.464Z</time></trkpt><trkpt lat="51.07713833" lon="-115.35979167"><ele>1319.0</ele><time>2022-10-10T19:18:06.464Z</time></trkpt><trkpt lat="51.077135" lon="-115.35979333"><ele>1319.0</ele><time>2022-10-10T19:18:07.465Z</time></trkpt><trkpt lat="51.07713667" lon="-115.35979333"><ele>1318.0</ele><time>2022-10-10T19:18:08.465Z</time></trkpt><trkpt lat="51.07713333" lon="-115.35979333"><ele>1317.0</ele><time>2022-10-10T19:18:09.465Z</time></trkpt><trkpt lat="51.077125" lon="-115.35979833"><ele>1317.0</ele><time>2022-10-10T19:18:10.464Z</time></trkpt><trkpt lat="51.07711333" lon="-115.3598"><ele>1316.0</ele><time>2022-10-10T19:18:11.465Z</time></trkpt><trkpt lat="51.07709833" lon="-115.35980833"><ele>1315.0</ele><time>2022-10-10T19:18:12.465Z</time></trkpt><trkpt lat="51.07707833" lon="-115.359815"><ele>1315.0</ele><time>2022-10-10T19:18:13.465Z</time></trkpt><trkpt lat="51.077065" lon="-115.35981333"><ele>1315.0</ele><time>2022-10-10T19:18:14.464Z</time></trkpt><trkpt lat="51.07705333" lon="-115.35981"><ele>1315.0</ele><time>2022-10-10T19:18:15.464Z</time></trkpt><trkpt lat="51.07704" lon="-115.35980333"><ele>1314.0</ele><time>2022-10-10T19:18:16.465Z</time></trkpt><trkpt lat="51.07702833" lon="-115.35979667"><ele>1314.0</ele><time>2022-10-10T19:18:17.465Z</time></trkpt><trkpt lat="51.07702" lon="-115.35979"><ele>1314.0</ele><time>2022-10-10T19:18:18.465Z</time></trkpt><trkpt lat="51.07701" lon="-115.35977833"><ele>1314.0</ele><time>2022-10-10T19:18:19.464Z</time></trkpt><trkpt lat="51.077" lon="-115.35976667"><ele>1314.0</ele><time>2022-10-10T19:18:20.465Z</time></trkpt><trkpt lat="51.07699333" lon="-115.35975667"><ele>1314.0</ele><time>2022-10-10T19:18:21.465Z</time></trkpt><trkpt lat="51.07698167" lon="-115.35974333"><ele>1314.0</ele><time>2022-10-10T19:18:22.465Z</time></trkpt><trkpt lat="51.07697333" lon="-115.35972833"><ele>1314.0</ele><time>2022-10-10T19:18:23.465Z</time></trkpt><trkpt lat="51.076965" lon="-115.359715"><ele>1314.0</ele><time>2022-10-10T19:18:24.464Z</time></trkpt><trkpt lat="51.07695833" lon="-115.35969833"><ele>1314.0</ele><time>2022-10-10T19:18:25.465Z</time></trkpt><trkpt lat="51.07695333" lon="-115.35968667"><ele>1314.0</ele><time>2022-10-10T19:18:26.465Z</time></trkpt><trkpt lat="51.076945" lon="-115.35967667"><ele>1314.0</ele><time>2022-10-10T19:18:27.465Z</time></trkpt><trkpt lat="51.076935" lon="-115.35966333"><ele>1314.0</ele><time>2022-10-10T19:18:28.464Z</time></trkpt><trkpt lat="51.07692833" lon="-115.35965333"><ele>1314.0</ele><time>2022-10-10T19:18:29.465Z</time></trkpt><trkpt lat="51.07692" lon="-115.35964833"><ele>1314.0</ele><time>2022-10-10T19:18:30.465Z</time></trkpt><trkpt lat="51.07690833" lon="-115.35964167"><ele>1314.0</ele><time>2022-10-10T19:18:31.465Z</time></trkpt><trkpt lat="51.07690167" lon="-115.359635"><ele>1315.0</ele><time>2022-10-10T19:18:32.465Z</time></trkpt><trkpt lat="51.07688833" lon="-115.35962833"><ele>1315.0</ele><time>2022-10-10T19:18:33.464Z</time></trkpt><trkpt lat="51.07687333" lon="-115.35961833"><ele>1315.0</ele><time>2022-10-10T19:18:34.464Z</time></trkpt><trkpt lat="51.07686333" lon="-115.35961167"><ele>1315.0</ele><time>2022-10-10T19:18:35.465Z</time></trkpt><trkpt lat="51.07685167" lon="-115.3596"><ele>1315.0</ele><time>2022-10-10T19:18:36.465Z</time></trkpt><trkpt lat="51.07683833" lon="-115.35958833"><ele>1315.0</ele><time>2022-10-10T19:18:37.464Z</time></trkpt><trkpt lat="51.07683167" lon="-115.35957667"><ele>1315.0</ele><time>2022-10-10T19:18:38.464Z</time></trkpt><trkpt lat="51.07682333" lon="-115.359565"><ele>1315.0</ele><time>2022-10-10T19:18:39.465Z</time></trkpt><trkpt lat="51.076815" lon="-115.35955167"><ele>1314.0</ele><time>2022-10-10T19:18:40.464Z</time></trkpt><trkpt lat="51.07680333" lon="-115.35953833"><ele>1314.0</ele><time>2022-10-10T19:18:41.465Z</time></trkpt><trkpt lat="51.07679667" lon="-115.35953"><ele>1314.0</ele><time>2022-10-10T19:18:42.464Z</time></trkpt><trkpt lat="51.076785" lon="-115.35952"><ele>1314.0</ele><time>2022-10-10T19:18:43.465Z</time></trkpt><trkpt lat="51.07677333" lon="-115.35951"><ele>1314.0</ele><time>2022-10-10T19:18:44.465Z</time></trkpt><trkpt lat="51.07676" lon="-115.35949833"><ele>1314.0</ele><time>2022-10-10T19:18:45.465Z</time></trkpt><trkpt lat="51.07674833" lon="-115.35949333"><ele>1314.0</ele><time>2022-10-10T19:18:46.464Z</time></trkpt><trkpt lat="51.07674" lon="-115.35948167"><ele>1313.0</ele><time>2022-10-10T19:18:47.465Z</time></trkpt><trkpt lat="51.07673" lon="-115.35947167"><ele>1313.0</ele><time>2022-10-10T19:18:48.464Z</time></trkpt><trkpt lat="51.07672167" lon="-115.35946333"><ele>1313.0</ele><time>2022-10-10T19:18:49.464Z</time></trkpt><trkpt lat="51.07671167" lon="-115.35945333"><ele>1313.0</ele><time>2022-10-10T19:18:50.465Z</time></trkpt><trkpt lat="51.07670167" lon="-115.35942833"><ele>1312.0</ele><time>2022-10-10T19:18:51.464Z</time></trkpt><trkpt lat="51.076685" lon="-115.35942333"><ele>1312.0</ele><time>2022-10-10T19:18:52.465Z</time></trkpt><trkpt lat="51.07667667" lon="-115.35941167"><ele>1312.0</ele><time>2022-10-10T19:18:53.465Z</time></trkpt><trkpt lat="51.07667" lon="-115.35940167"><ele>1312.0</ele><time>2022-10-10T19:18:54.465Z</time></trkpt><trkpt lat="51.076665" lon="-115.35938833"><ele>1312.0</ele><time>2022-10-10T19:18:55.464Z</time></trkpt><trkpt lat="51.07665833" lon="-115.35936833"><ele>1312.0</ele><time>2022-10-10T19:18:56.465Z</time></trkpt><trkpt lat="51.07665" lon="-115.35935667"><ele>1312.0</ele><time>2022-10-10T19:18:57.465Z</time></trkpt><trkpt lat="51.07664167" lon="-115.35934333"><ele>1312.0</ele><time>2022-10-10T19:18:58.464Z</time></trkpt><trkpt lat="51.07663333" lon="-115.35933"><ele>1313.0</ele><time>2022-10-10T19:18:59.465Z</time></trkpt><trkpt lat="51.076625" lon="-115.359315"><ele>1313.0</ele><time>2022-10-10T19:19:00.465Z</time></trkpt><trkpt lat="51.07661667" lon="-115.359305"><ele>1313.0</ele><time>2022-10-10T19:19:01.465Z</time></trkpt><trkpt lat="51.07661167" lon="-115.35929333"><ele>1313.0</ele><time>2022-10-10T19:19:02.465Z</time></trkpt><trkpt lat="51.07660333" lon="-115.35927833"><ele>1312.0</ele><time>2022-10-10T19:19:03.465Z</time></trkpt><trkpt lat="51.07659333" lon="-115.35926667"><ele>1312.0</ele><time>2022-10-10T19:19:04.465Z</time></trkpt><trkpt lat="51.076585" lon="-115.35925833"><ele>1312.0</ele><time>2022-10-10T19:19:05.464Z</time></trkpt><trkpt lat="51.07657667" lon="-115.35925333"><ele>1313.0</ele><time>2022-10-10T19:19:06.465Z</time></trkpt><trkpt lat="51.07656833" lon="-115.35924167"><ele>1313.0</ele><time>2022-10-10T19:19:07.465Z</time></trkpt><trkpt lat="51.07655667" lon="-115.359235"><ele>1313.0</ele><time>2022-10-10T19:19:08.464Z</time></trkpt><trkpt lat="51.07654333" lon="-115.35922833"><ele>1313.0</ele><time>2022-10-10T19:19:09.464Z</time></trkpt><trkpt lat="51.07653333" lon="-115.359215"><ele>1313.0</ele><time>2022-10-10T19:19:10.464Z</time></trkpt><trkpt lat="51.07652833" lon="-115.35920667"><ele>1313.0</ele><time>2022-10-10T19:19:11.464Z</time></trkpt><trkpt lat="51.07652" lon="-115.35919833"><ele>1313.0</ele><time>2022-10-10T19:19:12.465Z</time></trkpt><trkpt lat="51.07651" lon="-115.35919"><ele>1313.0</ele><time>2022-10-10T19:19:13.464Z</time></trkpt><trkpt lat="51.0765" lon="-115.35918667"><ele>1313.0</ele><time>2022-10-10T19:19:14.465Z</time></trkpt><trkpt lat="51.07649167" lon="-115.35917333"><ele>1313.0</ele><time>2022-10-10T19:19:15.465Z</time></trkpt><trkpt lat="51.07648" lon="-115.359165"><ele>1313.0</ele><time>2022-10-10T19:19:16.465Z</time></trkpt><trkpt lat="51.07647" lon="-115.35915333"><ele>1313.0</ele><time>2022-10-10T19:19:17.465Z</time></trkpt><trkpt lat="51.07645833" lon="-115.35914"><ele>1314.0</ele><time>2022-10-10T19:19:18.465Z</time></trkpt><trkpt lat="51.07644667" lon="-115.35912667"><ele>1314.0</ele><time>2022-10-10T19:19:19.465Z</time></trkpt><trkpt lat="51.07644167" lon="-115.359115"><ele>1315.0</ele><time>2022-10-10T19:19:20.465Z</time></trkpt><trkpt lat="51.076435" lon="-115.35910333"><ele>1316.0</ele><time>2022-10-10T19:19:21.464Z</time></trkpt><trkpt lat="51.07643" lon="-115.35909167"><ele>1317.0</ele><time>2022-10-10T19:19:22.465Z</time></trkpt><trkpt lat="51.076425" lon="-115.35909167"><ele>1318.0</ele><time>2022-10-10T19:19:23.464Z</time></trkpt><trkpt lat="51.07641833" lon="-115.35909333"><ele>1318.0</ele><time>2022-10-10T19:19:24.464Z</time></trkpt><trkpt lat="51.07641" lon="-115.35909667"><ele>1319.0</ele><time>2022-10-10T19:19:25.464Z</time></trkpt><trkpt lat="51.076405" lon="-115.3591"><ele>1319.0</ele><time>2022-10-10T19:19:26.465Z</time></trkpt><trkpt lat="51.07640167" lon="-115.35910667"><ele>1319.0</ele><time>2022-10-10T19:19:27.465Z</time></trkpt><trkpt lat="51.07639333" lon="-115.35912333"><ele>1319.0</ele><time>2022-10-10T19:19:28.464Z</time></trkpt><trkpt lat="51.07638667" lon="-115.359135"><ele>1319.0</ele><time>2022-10-10T19:19:29.465Z</time></trkpt><trkpt lat="51.07638667" lon="-115.35913833"><ele>1318.0</ele><time>2022-10-10T19:19:30.465Z</time></trkpt><trkpt lat="51.07639167" lon="-115.35913167"><ele>1318.0</ele><time>2022-10-10T19:19:31.465Z</time></trkpt><trkpt lat="51.07639167" lon="-115.35912833"><ele>1318.0</ele><time>2022-10-10T19:19:32.465Z</time></trkpt><trkpt lat="51.07639667" lon="-115.35912333"><ele>1318.0</ele><time>2022-10-10T19:19:33.464Z</time></trkpt><trkpt lat="51.07640167" lon="-115.35912167"><ele>1318.0</ele><time>2022-10-10T19:19:34.465Z</time></trkpt><trkpt lat="51.07640333" lon="-115.35912167"><ele>1317.0</ele><time>2022-10-10T19:19:35.465Z</time></trkpt><trkpt lat="51.076405" lon="-115.35912"><ele>1318.0</ele><time>2022-10-10T19:19:36.465Z</time></trkpt><trkpt lat="51.07640333" lon="-115.35912"><ele>1318.0</ele><time>2022-10-10T19:19:37.465Z</time></trkpt><trkpt lat="51.07639833" lon="-115.35911833"><ele>1318.0</ele><time>2022-10-10T19:19:38.465Z</time></trkpt><trkpt lat="51.076395" lon="-115.35911167"><ele>1318.0</ele><time>2022-10-10T19:19:39.465Z</time></trkpt><trkpt lat="51.07638833" lon="-115.35910167"><ele>1319.0</ele><time>2022-10-10T19:19:40.465Z</time></trkpt><trkpt lat="51.07638167" lon="-115.35908833"><ele>1319.0</ele><time>2022-10-10T19:19:41.465Z</time></trkpt><trkpt lat="51.07637333" lon="-115.35907667"><ele>1319.0</ele><time>2022-10-10T19:19:42.464Z</time></trkpt><trkpt lat="51.07636833" lon="-115.35906667"><ele>1320.0</ele><time>2022-10-10T19:19:43.465Z</time></trkpt><trkpt lat="51.07636167" lon="-115.35906167"><ele>1320.0</ele><time>2022-10-10T19:19:44.465Z</time></trkpt><trkpt lat="51.076355" lon="-115.35905833"><ele>1321.0</ele><time>2022-10-10T19:19:45.464Z</time></trkpt><trkpt lat="51.076345" lon="-115.35905167"><ele>1321.0</ele><time>2022-10-10T19:19:46.464Z</time></trkpt><trkpt lat="51.07633667" lon="-115.35905"><ele>1321.0</ele><time>2022-10-10T19:19:47.465Z</time></trkpt><trkpt lat="51.07633333" lon="-115.35905167"><ele>1321.0</ele><time>2022-10-10T19:19:48.465Z</time></trkpt><trkpt lat="51.076325" lon="-115.35905167"><ele>1321.0</ele><time>2022-10-10T19:19:49.464Z</time></trkpt><trkpt lat="51.07631333" lon="-115.35905"><ele>1321.0</ele><time>2022-10-10T19:19:50.464Z</time></trkpt><trkpt lat="51.076305" lon="-115.35903833"><ele>1322.0</ele><time>2022-10-10T19:19:51.465Z</time></trkpt><trkpt lat="51.07629333" lon="-115.35903"><ele>1322.0</ele><time>2022-10-10T19:19:52.465Z</time></trkpt><trkpt lat="51.07628333" lon="-115.35902833"><ele>1322.0</ele><time>2022-10-10T19:19:53.465Z</time></trkpt><trkpt lat="51.07627333" lon="-115.359025"><ele>1321.0</ele><time>2022-10-10T19:19:54.465Z</time></trkpt><trkpt lat="51.07626" lon="-115.35902333"><ele>1321.0</ele><time>2022-10-10T19:19:55.465Z</time></trkpt><trkpt lat="51.07625167" lon="-115.35902167"><ele>1321.0</ele><time>2022-10-10T19:19:56.465Z</time></trkpt><trkpt lat="51.07624167" lon="-115.35902"><ele>1321.0</ele><time>2022-10-10T19:19:57.465Z</time></trkpt><trkpt lat="51.076235" lon="-115.35901333"><ele>1321.0</ele><time>2022-10-10T19:19:58.464Z</time></trkpt><trkpt lat="51.07622833" lon="-115.35900667"><ele>1321.0</ele><time>2022-10-10T19:19:59.465Z</time></trkpt><trkpt lat="51.07622" lon="-115.359"><ele>1321.0</ele><time>2022-10-10T19:20:00.464Z</time></trkpt><trkpt lat="51.07621333" lon="-115.35899333"><ele>1321.0</ele><time>2022-10-10T19:20:01.465Z</time></trkpt><trkpt lat="51.07620333" lon="-115.35898667"><ele>1320.0</ele><time>2022-10-10T19:20:02.465Z</time></trkpt><trkpt lat="51.07619667" lon="-115.35898"><ele>1320.0</ele><time>2022-10-10T19:20:03.464Z</time></trkpt><trkpt lat="51.07619" lon="-115.35897333"><ele>1320.0</ele><time>2022-10-10T19:20:04.465Z</time></trkpt><trkpt lat="51.07618167" lon="-115.358965"><ele>1320.0</ele><time>2022-10-10T19:20:05.464Z</time></trkpt><trkpt lat="51.076175" lon="-115.358965"><ele>1319.0</ele><time>2022-10-10T19:20:06.464Z</time></trkpt><trkpt lat="51.076165" lon="-115.35896"><ele>1319.0</ele><time>2022-10-10T19:20:07.465Z</time></trkpt><trkpt lat="51.076155" lon="-115.358955"><ele>1319.0</ele><time>2022-10-10T19:20:08.464Z</time></trkpt><trkpt lat="51.07614333" lon="-115.35895167"><ele>1319.0</ele><time>2022-10-10T19:20:09.465Z</time></trkpt><trkpt lat="51.07613167" lon="-115.35894667"><ele>1318.0</ele><time>2022-10-10T19:20:10.465Z</time></trkpt><trkpt lat="51.07611833" lon="-115.35894333"><ele>1318.0</ele><time>2022-10-10T19:20:11.464Z</time></trkpt><trkpt lat="51.07611" lon="-115.35893667"><ele>1318.0</ele><time>2022-10-10T19:20:12.464Z</time></trkpt><trkpt lat="51.07610167" lon="-115.35892667"><ele>1318.0</ele><time>2022-10-10T19:20:13.465Z</time></trkpt><trkpt lat="51.07609333" lon="-115.358915"><ele>1318.0</ele><time>2022-10-10T19:20:14.465Z</time></trkpt><trkpt lat="51.076085" lon="-115.35890167"><ele>1317.0</ele><time>2022-10-10T19:20:15.465Z</time></trkpt><trkpt lat="51.07608" lon="-115.35889333"><ele>1317.0</ele><time>2022-10-10T19:20:16.465Z</time></trkpt><trkpt lat="51.07607167" lon="-115.35888"><ele>1316.0</ele><time>2022-10-10T19:20:17.465Z</time></trkpt><trkpt lat="51.07606167" lon="-115.35886667"><ele>1316.0</ele><time>2022-10-10T19:20:18.464Z</time></trkpt><trkpt lat="51.07605333" lon="-115.358855"><ele>1316.0</ele><time>2022-10-10T19:20:19.465Z</time></trkpt><trkpt lat="51.07604333" lon="-115.35884833"><ele>1317.0</ele><time>2022-10-10T19:20:20.464Z</time></trkpt><trkpt lat="51.07603333" lon="-115.35884333"><ele>1316.0</ele><time>2022-10-10T19:20:21.465Z</time></trkpt><trkpt lat="51.07602667" lon="-115.35883167"><ele>1316.0</ele><time>2022-10-10T19:20:22.464Z</time></trkpt><trkpt lat="51.07602" lon="-115.35882"><ele>1315.0</ele><time>2022-10-10T19:20:23.465Z</time></trkpt><trkpt lat="51.076015" lon="-115.35880667"><ele>1314.0</ele><time>2022-10-10T19:20:24.465Z</time></trkpt><trkpt lat="51.07600667" lon="-115.35879667"><ele>1314.0</ele><time>2022-10-10T19:20:25.465Z</time></trkpt><trkpt lat="51.07600167" lon="-115.35879333"><ele>1314.0</ele><time>2022-10-10T19:20:26.465Z</time></trkpt><trkpt lat="51.075995" lon="-115.35878833"><ele>1313.0</ele><time>2022-10-10T19:20:27.464Z</time></trkpt><trkpt lat="51.07598833" lon="-115.358785"><ele>1313.0</ele><time>2022-10-10T19:20:28.464Z</time></trkpt><trkpt lat="51.07598833" lon="-115.35877667"><ele>1313.0</ele><time>2022-10-10T19:20:29.464Z</time></trkpt><trkpt lat="51.075985" lon="-115.35876667"><ele>1313.0</ele><time>2022-10-10T19:20:30.465Z</time></trkpt><trkpt lat="51.07598" lon="-115.35875333"><ele>1314.0</ele><time>2022-10-10T19:20:31.465Z</time></trkpt><trkpt lat="51.07597333" lon="-115.35874"><ele>1314.0</ele><time>2022-10-10T19:20:32.465Z</time></trkpt><trkpt lat="51.07596833" lon="-115.358725"><ele>1314.0</ele><time>2022-10-10T19:20:33.465Z</time></trkpt><trkpt lat="51.07596167" lon="-115.35871"><ele>1314.0</ele><time>2022-10-10T19:20:34.465Z</time></trkpt><trkpt lat="51.07595333" lon="-115.35869333"><ele>1314.0</ele><time>2022-10-10T19:20:35.464Z</time></trkpt><trkpt lat="51.07594833" lon="-115.35867667"><ele>1314.0</ele><time>2022-10-10T19:20:36.465Z</time></trkpt><trkpt lat="51.07594167" lon="-115.35866333"><ele>1315.0</ele><time>2022-10-10T19:20:37.465Z</time></trkpt><trkpt lat="51.07593333" lon="-115.35865333"><ele>1315.0</ele><time>2022-10-10T19:20:38.465Z</time></trkpt><trkpt lat="51.07592333" lon="-115.35863833"><ele>1315.0</ele><time>2022-10-10T19:20:39.465Z</time></trkpt><trkpt lat="51.07591167" lon="-115.35862667"><ele>1315.0</ele><time>2022-10-10T19:20:40.465Z</time></trkpt><trkpt lat="51.07590167" lon="-115.358615"><ele>1314.0</ele><time>2022-10-10T19:20:41.464Z</time></trkpt><trkpt lat="51.07589167" lon="-115.35860333"><ele>1314.0</ele><time>2022-10-10T19:20:42.465Z</time></trkpt><trkpt lat="51.075875" lon="-115.35858333"><ele>1314.0</ele><time>2022-10-10T19:20:43.465Z</time></trkpt><trkpt lat="51.07586333" lon="-115.358565"><ele>1314.0</ele><time>2022-10-10T19:20:44.465Z</time></trkpt><trkpt lat="51.07585667" lon="-115.35854833"><ele>1314.0</ele><time>2022-10-10T19:20:45.464Z</time></trkpt><trkpt lat="51.07585167" lon="-115.35853333"><ele>1314.0</ele><time>2022-10-10T19:20:46.464Z</time></trkpt><trkpt lat="51.07584667" lon="-115.35851833"><ele>1314.0</ele><time>2022-10-10T19:20:47.464Z</time></trkpt><trkpt lat="51.07584167" lon="-115.358505"><ele>1314.0</ele><time>2022-10-10T19:20:48.464Z</time></trkpt><trkpt lat="51.07583667" lon="-115.35849"><ele>1314.0</ele><time>2022-10-10T19:20:49.465Z</time></trkpt><trkpt lat="51.07583333" lon="-115.35848"><ele>1314.0</ele><time>2022-10-10T19:20:50.465Z</time></trkpt><trkpt lat="51.07583" lon="-115.35846333"><ele>1314.0</ele><time>2022-10-10T19:20:51.465Z</time></trkpt><trkpt lat="51.07582833" lon="-115.35843833"><ele>1314.0</ele><time>2022-10-10T19:20:52.465Z</time></trkpt><trkpt lat="51.07582167" lon="-115.358425"><ele>1314.0</ele><time>2022-10-10T19:20:53.465Z</time></trkpt><trkpt lat="51.07581333" lon="-115.35840833"><ele>1314.0</ele><time>2022-10-10T19:20:54.464Z</time></trkpt><trkpt lat="51.07580833" lon="-115.35839"><ele>1314.0</ele><time>2022-10-10T19:20:55.465Z</time></trkpt><trkpt lat="51.0758" lon="-115.35837"><ele>1314.0</ele><time>2022-10-10T19:20:56.465Z</time></trkpt><trkpt lat="51.07578833" lon="-115.35835667"><ele>1314.0</ele><time>2022-10-10T19:20:57.465Z</time></trkpt><trkpt lat="51.07578167" lon="-115.35834"><ele>1314.0</ele><time>2022-10-10T19:20:58.465Z</time></trkpt><trkpt lat="51.07577667" lon="-115.35832667"><ele>1314.0</ele><time>2022-10-10T19:20:59.465Z</time></trkpt><trkpt lat="51.07577" lon="-115.35831667"><ele>1314.0</ele><time>2022-10-10T19:21:00.464Z</time></trkpt><trkpt lat="51.07576333" lon="-115.358305"><ele>1314.0</ele><time>2022-10-10T19:21:01.464Z</time></trkpt><trkpt lat="51.07575833" lon="-115.35829167"><ele>1314.0</ele><time>2022-10-10T19:21:02.465Z</time></trkpt><trkpt lat="51.07575333" lon="-115.35827667"><ele>1313.0</ele><time>2022-10-10T19:21:03.465Z</time></trkpt><trkpt lat="51.07574667" lon="-115.35826333"><ele>1313.0</ele><time>2022-10-10T19:21:04.465Z</time></trkpt><trkpt lat="51.07574167" lon="-115.35824667"><ele>1313.0</ele><time>2022-10-10T19:21:05.464Z</time></trkpt><trkpt lat="51.07573667" lon="-115.35822333"><ele>1313.0</ele><time>2022-10-10T19:21:06.464Z</time></trkpt><trkpt lat="51.07572833" lon="-115.35820333"><ele>1312.0</ele><time>2022-10-10T19:21:07.464Z</time></trkpt><trkpt lat="51.07571833" lon="-115.35818833"><ele>1312.0</ele><time>2022-10-10T19:21:08.465Z</time></trkpt><trkpt lat="51.07571167" lon="-115.35817667"><ele>1312.0</ele><time>2022-10-10T19:21:09.465Z</time></trkpt><trkpt lat="51.07570167" lon="-115.35816167"><ele>1312.0</ele><time>2022-10-10T19:21:10.465Z</time></trkpt><trkpt lat="51.07569" lon="-115.35815"><ele>1313.0</ele><time>2022-10-10T19:21:11.465Z</time></trkpt><trkpt lat="51.07568167" lon="-115.35813833"><ele>1313.0</ele><time>2022-10-10T19:21:12.465Z</time></trkpt><trkpt lat="51.07567333" lon="-115.35813167"><ele>1313.0</ele><time>2022-10-10T19:21:13.464Z</time></trkpt><trkpt lat="51.075665" lon="-115.35812167"><ele>1314.0</ele><time>2022-10-10T19:21:14.465Z</time></trkpt><trkpt lat="51.075655" lon="-115.35811333"><ele>1314.0</ele><time>2022-10-10T19:21:15.465Z</time></trkpt><trkpt lat="51.07564833" lon="-115.35810333"><ele>1314.0</ele><time>2022-10-10T19:21:16.465Z</time></trkpt><trkpt lat="51.07564167" lon="-115.35809833"><ele>1314.0</ele><time>2022-10-10T19:21:17.465Z</time></trkpt><trkpt lat="51.07563333" lon="-115.358095"><ele>1314.0</ele><time>2022-10-10T19:21:18.464Z</time></trkpt><trkpt lat="51.07562667" lon="-115.35809333"><ele>1315.0</ele><time>2022-10-10T19:21:19.464Z</time></trkpt><trkpt lat="51.07562" lon="-115.358085"><ele>1315.0</ele><time>2022-10-10T19:21:20.465Z</time></trkpt><trkpt lat="51.07562" lon="-115.35807667"><ele>1316.0</ele><time>2022-10-10T19:21:21.465Z</time></trkpt><trkpt lat="51.07562167" lon="-115.358075"><ele>1316.0</ele><time>2022-10-10T19:21:22.465Z</time></trkpt><trkpt lat="51.075625" lon="-115.35807167"><ele>1315.0</ele><time>2022-10-10T19:21:23.465Z</time></trkpt><trkpt lat="51.07562667" lon="-115.35806667"><ele>1316.0</ele><time>2022-10-10T19:21:24.464Z</time></trkpt><trkpt lat="51.07562833" lon="-115.35806"><ele>1316.0</ele><time>2022-10-10T19:21:25.464Z</time></trkpt><trkpt lat="51.07562333" lon="-115.35804833"><ele>1317.0</ele><time>2022-10-10T19:21:26.465Z</time></trkpt><trkpt lat="51.07562167" lon="-115.35803667"><ele>1317.0</ele><time>2022-10-10T19:21:27.465Z</time></trkpt><trkpt lat="51.07561" lon="-115.358045"><ele>1318.0</ele><time>2022-10-10T19:21:28.465Z</time></trkpt><trkpt lat="51.07560167" lon="-115.35805167"><ele>1319.0</ele><time>2022-10-10T19:21:29.464Z</time></trkpt><trkpt lat="51.075595" lon="-115.35804833"><ele>1320.0</ele><time>2022-10-10T19:21:30.465Z</time></trkpt><trkpt lat="51.07558833" lon="-115.35804333"><ele>1320.0</ele><time>2022-10-10T19:21:31.465Z</time></trkpt><trkpt lat="51.07557833" lon="-115.35803333"><ele>1321.0</ele><time>2022-10-10T19:21:32.465Z</time></trkpt><trkpt lat="51.07556833" lon="-115.358025"><ele>1321.0</ele><time>2022-10-10T19:21:33.465Z</time></trkpt><trkpt lat="51.07556" lon="-115.358015"><ele>1321.0</ele><time>2022-10-10T19:21:34.464Z</time></trkpt><trkpt lat="51.07555167" lon="-115.35800333"><ele>1321.0</ele><time>2022-10-10T19:21:35.464Z</time></trkpt><trkpt lat="51.07554667" lon="-115.35798833"><ele>1321.0</ele><time>2022-10-10T19:21:36.465Z</time></trkpt><trkpt lat="51.07554167" lon="-115.35797667"><ele>1321.0</ele><time>2022-10-10T19:21:37.465Z</time></trkpt><trkpt lat="51.07553667" lon="-115.35796167"><ele>1322.0</ele><time>2022-10-10T19:21:38.464Z</time></trkpt><trkpt lat="51.07553333" lon="-115.35795167"><ele>1322.0</ele><time>2022-10-10T19:21:39.464Z</time></trkpt><trkpt lat="51.07553" lon="-115.35794"><ele>1322.0</ele><time>2022-10-10T19:21:40.465Z</time></trkpt><trkpt lat="51.07552833" lon="-115.35792833"><ele>1322.0</ele><time>2022-10-10T19:21:41.465Z</time></trkpt><trkpt lat="51.07552167" lon="-115.35791667"><ele>1322.0</ele><time>2022-10-10T19:21:42.465Z</time></trkpt><trkpt lat="51.07551667" lon="-115.35790333"><ele>1322.0</ele><time>2022-10-10T19:21:43.465Z</time></trkpt><trkpt lat="51.07550667" lon="-115.35789333"><ele>1321.0</ele><time>2022-10-10T19:21:44.464Z</time></trkpt><trkpt lat="51.07549833" lon="-115.35788333"><ele>1320.0</ele><time>2022-10-10T19:21:45.465Z</time></trkpt><trkpt lat="51.07549167" lon="-115.35787167"><ele>1319.0</ele><time>2022-10-10T19:21:46.465Z</time></trkpt><trkpt lat="51.075485" lon="-115.35786167"><ele>1319.0</ele><time>2022-10-10T19:21:47.465Z</time></trkpt><trkpt lat="51.07547833" lon="-115.35785167"><ele>1318.0</ele><time>2022-10-10T19:21:48.465Z</time></trkpt><trkpt lat="51.07546833" lon="-115.35784167"><ele>1318.0</ele><time>2022-10-10T19:21:49.465Z</time></trkpt><trkpt lat="51.07546333" lon="-115.35782667"><ele>1318.0</ele><time>2022-10-10T19:21:50.464Z</time></trkpt><trkpt lat="51.07545667" lon="-115.35781333"><ele>1318.0</ele><time>2022-10-10T19:21:51.465Z</time></trkpt><trkpt lat="51.07545333" lon="-115.35780167"><ele>1317.0</ele><time>2022-10-10T19:21:52.465Z</time></trkpt><trkpt lat="51.07545" lon="-115.35779"><ele>1317.0</ele><time>2022-10-10T19:21:53.465Z</time></trkpt><trkpt lat="51.07544333" lon="-115.35778167"><ele>1317.0</ele><time>2022-10-10T19:21:54.465Z</time></trkpt><trkpt lat="51.07543667" lon="-115.35777167"><ele>1317.0</ele><time>2022-10-10T19:21:55.464Z</time></trkpt><trkpt lat="51.07543" lon="-115.35776"><ele>1317.0</ele><time>2022-10-10T19:21:56.464Z</time></trkpt><trkpt lat="51.075425" lon="-115.35775"><ele>1317.0</ele><time>2022-10-10T19:21:57.465Z</time></trkpt><trkpt lat="51.075415" lon="-115.35774"><ele>1317.0</ele><time>2022-10-10T19:21:58.465Z</time></trkpt><trkpt lat="51.075405" lon="-115.35773"><ele>1317.0</ele><time>2022-10-10T19:21:59.465Z</time></trkpt><trkpt lat="51.075395" lon="-115.35772333"><ele>1317.0</ele><time>2022-10-10T19:22:00.465Z</time></trkpt><trkpt lat="51.075385" lon="-115.35771333"><ele>1317.0</ele><time>2022-10-10T19:22:01.464Z</time></trkpt><trkpt lat="51.07537667" lon="-115.35770167"><ele>1317.0</ele><time>2022-10-10T19:22:02.464Z</time></trkpt><trkpt lat="51.07537167" lon="-115.35769"><ele>1317.0</ele><time>2022-10-10T19:22:03.465Z</time></trkpt><trkpt lat="51.07536833" lon="-115.357685"><ele>1317.0</ele><time>2022-10-10T19:22:04.464Z</time></trkpt><trkpt lat="51.07536167" lon="-115.35768333"><ele>1316.0</ele><time>2022-10-10T19:22:05.465Z</time></trkpt><trkpt lat="51.07535667" lon="-115.35768"><ele>1316.0</ele><time>2022-10-10T19:22:06.464Z</time></trkpt><trkpt lat="51.07535667" lon="-115.35767833"><ele>1316.0</ele><time>2022-10-10T19:22:07.464Z</time></trkpt><trkpt lat="51.07535667" lon="-115.35767833"><ele>1316.0</ele><time>2022-10-10T19:22:08.464Z</time></trkpt><trkpt lat="51.07535833" lon="-115.357675"><ele>1316.0</ele><time>2022-10-10T19:22:09.464Z</time></trkpt><trkpt lat="51.07535667" lon="-115.35767333"><ele>1315.0</ele><time>2022-10-10T19:22:10.464Z</time></trkpt><trkpt lat="51.07535333" lon="-115.35767167"><ele>1315.0</ele><time>2022-10-10T19:22:11.464Z</time></trkpt><trkpt lat="51.07535667" lon="-115.35767333"><ele>1315.0</ele><time>2022-10-10T19:22:12.464Z</time></trkpt><trkpt lat="51.07535333" lon="-115.35768"><ele>1315.0</ele><time>2022-10-10T19:22:13.464Z</time></trkpt><trkpt lat="51.07535333" lon="-115.357685"><ele>1315.0</ele><time>2022-10-10T19:22:14.465Z</time></trkpt><trkpt lat="51.075355" lon="-115.35768667"><ele>1315.0</ele><time>2022-10-10T19:22:15.465Z</time></trkpt><trkpt lat="51.07535333" lon="-115.35769"><ele>1316.0</ele><time>2022-10-10T19:22:16.465Z</time></trkpt><trkpt lat="51.075355" lon="-115.35769167"><ele>1317.0</ele><time>2022-10-10T19:22:17.465Z</time></trkpt><trkpt lat="51.07536167" lon="-115.35768"><ele>1317.0</ele><time>2022-10-10T19:22:18.464Z</time></trkpt><trkpt lat="51.07536333" lon="-115.35767"><ele>1317.0</ele><time>2022-10-10T19:22:19.464Z</time></trkpt><trkpt lat="51.07536333" lon="-115.35766333"><ele>1317.0</ele><time>2022-10-10T19:22:20.465Z</time></trkpt><trkpt lat="51.07536333" lon="-115.35766167"><ele>1317.0</ele><time>2022-10-10T19:22:21.465Z</time></trkpt><trkpt lat="51.07536167" lon="-115.35766333"><ele>1317.0</ele><time>2022-10-10T19:22:22.465Z</time></trkpt><trkpt lat="51.07535833" lon="-115.35766333"><ele>1318.0</ele><time>2022-10-10T19:22:23.465Z</time></trkpt><trkpt lat="51.07535667" lon="-115.35767"><ele>1318.0</ele><time>2022-10-10T19:22:24.465Z</time></trkpt><trkpt lat="51.07535667" lon="-115.35767667"><ele>1319.0</ele><time>2022-10-10T19:22:25.464Z</time></trkpt><trkpt lat="51.07535833" lon="-115.35768167"><ele>1319.0</ele><time>2022-10-10T19:22:26.465Z</time></trkpt><trkpt lat="51.07535833" lon="-115.35768167"><ele>1319.0</ele><time>2022-10-10T19:22:27.465Z</time></trkpt><trkpt lat="51.07536" lon="-115.35767833"><ele>1320.0</ele><time>2022-10-10T19:22:28.465Z</time></trkpt><trkpt lat="51.07536167" lon="-115.35767667"><ele>1320.0</ele><time>2022-10-10T19:22:29.464Z</time></trkpt><trkpt lat="51.07536167" lon="-115.35767833"><ele>1320.0</ele><time>2022-10-10T19:22:30.464Z</time></trkpt><trkpt lat="51.07536" lon="-115.35768167"><ele>1320.0</ele><time>2022-10-10T19:22:31.465Z</time></trkpt><trkpt lat="51.07535833" lon="-115.35768333"><ele>1320.0</ele><time>2022-10-10T19:22:32.465Z</time></trkpt><trkpt lat="51.07535833" lon="-115.35768667"><ele>1320.0</ele><time>2022-10-10T19:22:33.465Z</time></trkpt><trkpt lat="51.07535833" lon="-115.35768667"><ele>1320.0</ele><time>2022-10-10T19:22:34.465Z</time></trkpt><trkpt lat="51.07536167" lon="-115.35768333"><ele>1320.0</ele><time>2022-10-10T19:22:35.465Z</time></trkpt><trkpt lat="51.075365" lon="-115.35768"><ele>1320.0</ele><time>2022-10-10T19:22:36.464Z</time></trkpt><trkpt lat="51.07537167" lon="-115.357675"><ele>1320.0</ele><time>2022-10-10T19:22:37.465Z</time></trkpt><trkpt lat="51.07537167" lon="-115.35767167"><ele>1319.0</ele><time>2022-10-10T19:22:38.464Z</time></trkpt><trkpt lat="51.07536833" lon="-115.35767167"><ele>1319.0</ele><time>2022-10-10T19:22:39.465Z</time></trkpt><trkpt lat="51.07536833" lon="-115.35767167"><ele>1319.0</ele><time>2022-10-10T19:22:40.465Z</time></trkpt><trkpt lat="51.075375" lon="-115.357665"><ele>1319.0</ele><time>2022-10-10T19:22:41.465Z</time></trkpt><trkpt lat="51.07538167" lon="-115.35766333"><ele>1320.0</ele><time>2022-10-10T19:22:42.464Z</time></trkpt><trkpt lat="51.07539" lon="-115.35766167"><ele>1320.0</ele><time>2022-10-10T19:22:43.465Z</time></trkpt><trkpt lat="51.07539" lon="-115.35766333"><ele>1320.0</ele><time>2022-10-10T19:22:44.465Z</time></trkpt><trkpt lat="51.07538833" lon="-115.35767167"><ele>1319.0</ele><time>2022-10-10T19:22:45.465Z</time></trkpt><trkpt lat="51.07539167" lon="-115.35767333"><ele>1319.0</ele><time>2022-10-10T19:22:46.465Z</time></trkpt><trkpt lat="51.07539333" lon="-115.35767333"><ele>1319.0</ele><time>2022-10-10T19:22:47.464Z</time></trkpt><trkpt lat="51.07539667" lon="-115.35767333"><ele>1319.0</ele><time>2022-10-10T19:22:48.465Z</time></trkpt><trkpt lat="51.0754" lon="-115.35767333"><ele>1319.0</ele><time>2022-10-10T19:22:49.465Z</time></trkpt><trkpt lat="51.07540333" lon="-115.357675"><ele>1319.0</ele><time>2022-10-10T19:22:50.465Z</time></trkpt><trkpt lat="51.075405" lon="-115.357675"><ele>1318.0</ele><time>2022-10-10T19:22:51.465Z</time></trkpt><trkpt lat="51.07540167" lon="-115.35767667"><ele>1318.0</ele><time>2022-10-10T19:22:52.465Z</time></trkpt><trkpt lat="51.07539833" lon="-115.35767833"><ele>1318.0</ele><time>2022-10-10T19:22:53.464Z</time></trkpt><trkpt lat="51.075395" lon="-115.35767667"><ele>1318.0</ele><time>2022-10-10T19:22:54.465Z</time></trkpt><trkpt lat="51.075395" lon="-115.35767667"><ele>1318.0</ele><time>2022-10-10T19:22:55.465Z</time></trkpt><trkpt lat="51.075395" lon="-115.357675"><ele>1317.0</ele><time>2022-10-10T19:22:56.465Z</time></trkpt><trkpt lat="51.075395" lon="-115.357675"><ele>1317.0</ele><time>2022-10-10T19:22:57.465Z</time></trkpt><trkpt lat="51.07539333" lon="-115.357675"><ele>1317.0</ele><time>2022-10-10T19:22:58.465Z</time></trkpt><trkpt lat="51.07539667" lon="-115.35767667"><ele>1317.0</ele><time>2022-10-10T19:22:59.464Z</time></trkpt><trkpt lat="51.07539667" lon="-115.35768"><ele>1317.0</ele><time>2022-10-10T19:23:00.465Z</time></trkpt><trkpt lat="51.0754" lon="-115.35767667"><ele>1317.0</ele><time>2022-10-10T19:23:01.464Z</time></trkpt><trkpt lat="51.0754" lon="-115.35767167"><ele>1317.0</ele><time>2022-10-10T19:23:02.464Z</time></trkpt><trkpt lat="51.07539667" lon="-115.35767"><ele>1317.0</ele><time>2022-10-10T19:23:03.464Z</time></trkpt><trkpt lat="51.07539167" lon="-115.35767167"><ele>1317.0</ele><time>2022-10-10T19:23:04.465Z</time></trkpt><trkpt lat="51.07538667" lon="-115.35768167"><ele>1316.0</ele><time>2022-10-10T19:23:05.465Z</time></trkpt><trkpt lat="51.07538333" lon="-115.357685"><ele>1316.0</ele><time>2022-10-10T19:23:06.465Z</time></trkpt><trkpt lat="51.07538333" lon="-115.357685"><ele>1316.0</ele><time>2022-10-10T19:23:07.465Z</time></trkpt><trkpt lat="51.075385" lon="-115.35768333"><ele>1316.0</ele><time>2022-10-10T19:23:08.464Z</time></trkpt><trkpt lat="51.075385" lon="-115.35768833"><ele>1316.0</ele><time>2022-10-10T19:23:09.465Z</time></trkpt><trkpt lat="51.07538667" lon="-115.35769333"><ele>1316.0</ele><time>2022-10-10T19:23:10.465Z</time></trkpt><trkpt lat="51.07538667" lon="-115.357695"><ele>1316.0</ele><time>2022-10-10T19:23:11.465Z</time></trkpt><trkpt lat="51.07538833" lon="-115.357695"><ele>1315.0</ele><time>2022-10-10T19:23:12.465Z</time></trkpt><trkpt lat="51.07538833" lon="-115.357695"><ele>1315.0</ele><time>2022-10-10T19:23:13.464Z</time></trkpt><trkpt lat="51.07538667" lon="-115.35769"><ele>1314.0</ele><time>2022-10-10T19:23:14.464Z</time></trkpt><trkpt lat="51.07538333" lon="-115.35769167"><ele>1314.0</ele><time>2022-10-10T19:23:15.465Z</time></trkpt><trkpt lat="51.07538333" lon="-115.35769"><ele>1313.0</ele><time>2022-10-10T19:23:16.465Z</time></trkpt><trkpt lat="51.07538667" lon="-115.35769"><ele>1313.0</ele><time>2022-10-10T19:23:17.465Z</time></trkpt><trkpt lat="51.07538667" lon="-115.35769167"><ele>1313.0</ele><time>2022-10-10T19:23:18.465Z</time></trkpt><trkpt lat="51.07538333" lon="-115.357695"><ele>1313.0</ele><time>2022-10-10T19:23:19.464Z</time></trkpt><trkpt lat="51.07538" lon="-115.35769667"><ele>1313.0</ele><time>2022-10-10T19:23:20.465Z</time></trkpt><trkpt lat="51.07538" lon="-115.357695"><ele>1313.0</ele><time>2022-10-10T19:23:21.465Z</time></trkpt><trkpt lat="51.07538333" lon="-115.35768667"><ele>1314.0</ele><time>2022-10-10T19:23:22.465Z</time></trkpt><trkpt lat="51.07538667" lon="-115.35767833"><ele>1314.0</ele><time>2022-10-10T19:23:23.465Z</time></trkpt><trkpt lat="51.07538667" lon="-115.35767167"><ele>1314.0</ele><time>2022-10-10T19:23:24.465Z</time></trkpt><trkpt lat="51.07539167" lon="-115.35766833"><ele>1314.0</ele><time>2022-10-10T19:23:25.464Z</time></trkpt><trkpt lat="51.07539833" lon="-115.35766667"><ele>1314.0</ele><time>2022-10-10T19:23:26.465Z</time></trkpt><trkpt lat="51.07539833" lon="-115.35767"><ele>1314.0</ele><time>2022-10-10T19:23:27.464Z</time></trkpt><trkpt lat="51.07539833" lon="-115.35766833"><ele>1314.0</ele><time>2022-10-10T19:23:28.465Z</time></trkpt><trkpt lat="51.0754" lon="-115.35766833"><ele>1314.0</ele><time>2022-10-10T19:23:29.465Z</time></trkpt><trkpt lat="51.0754" lon="-115.35767167"><ele>1315.0</ele><time>2022-10-10T19:23:30.464Z</time></trkpt><trkpt lat="51.07540333" lon="-115.35766833"><ele>1316.0</ele><time>2022-10-10T19:23:31.465Z</time></trkpt><trkpt lat="51.075405" lon="-115.35766667"><ele>1316.0</ele><time>2022-10-10T19:23:32.464Z</time></trkpt><trkpt lat="51.075405" lon="-115.35766833"><ele>1317.0</ele><time>2022-10-10T19:23:33.465Z</time></trkpt><trkpt lat="51.075405" lon="-115.35767167"><ele>1317.0</ele><time>2022-10-10T19:23:34.465Z</time></trkpt><trkpt lat="51.07540333" lon="-115.35767333"><ele>1317.0</ele><time>2022-10-10T19:23:35.464Z</time></trkpt><trkpt lat="51.07540167" lon="-115.35767167"><ele>1317.0</ele><time>2022-10-10T19:23:36.465Z</time></trkpt><trkpt lat="51.0754" lon="-115.35766833"><ele>1317.0</ele><time>2022-10-10T19:23:37.465Z</time></trkpt><trkpt lat="51.075395" lon="-115.35767167"><ele>1317.0</ele><time>2022-10-10T19:23:38.465Z</time></trkpt><trkpt lat="51.07539167" lon="-115.35767833"><ele>1317.0</ele><time>2022-10-10T19:23:39.465Z</time></trkpt><trkpt lat="51.07539" lon="-115.35767667"><ele>1318.0</ele><time>2022-10-10T19:23:40.465Z</time></trkpt><trkpt lat="51.07538667" lon="-115.35767833"><ele>1318.0</ele><time>2022-10-10T19:23:41.464Z</time></trkpt><trkpt lat="51.075385" lon="-115.35767833"><ele>1318.0</ele><time>2022-10-10T19:23:42.465Z</time></trkpt><trkpt lat="51.075385" lon="-115.35767333"><ele>1318.0</ele><time>2022-10-10T19:23:43.464Z</time></trkpt><trkpt lat="51.07538333" lon="-115.357665"><ele>1318.0</ele><time>2022-10-10T19:23:44.465Z</time></trkpt><trkpt lat="51.07538" lon="-115.35765667"><ele>1318.0</ele><time>2022-10-10T19:23:45.465Z</time></trkpt><trkpt lat="51.07537333" lon="-115.357655"><ele>1318.0</ele><time>2022-10-10T19:23:46.464Z</time></trkpt><trkpt lat="51.07536667" lon="-115.357655"><ele>1318.0</ele><time>2022-10-10T19:23:47.464Z</time></trkpt><trkpt lat="51.07536" lon="-115.35765833"><ele>1317.0</ele><time>2022-10-10T19:23:48.465Z</time></trkpt><trkpt lat="51.07535833" lon="-115.35766167"><ele>1317.0</ele><time>2022-10-10T19:23:49.464Z</time></trkpt><trkpt lat="51.07535667" lon="-115.35766333"><ele>1317.0</ele><time>2022-10-10T19:23:50.465Z</time></trkpt><trkpt lat="51.07535833" lon="-115.35766667"><ele>1317.0</ele><time>2022-10-10T19:23:51.464Z</time></trkpt><trkpt lat="51.07536" lon="-115.35767833"><ele>1316.0</ele><time>2022-10-10T19:23:52.465Z</time></trkpt><trkpt lat="51.075365" lon="-115.35769"><ele>1316.0</ele><time>2022-10-10T19:23:53.465Z</time></trkpt><trkpt lat="51.075365" lon="-115.35769"><ele>1316.0</ele><time>2022-10-10T19:23:54.465Z</time></trkpt><trkpt lat="51.07536" lon="-115.357685"><ele>1317.0</ele><time>2022-10-10T19:23:55.464Z</time></trkpt><trkpt lat="51.07535833" lon="-115.35768167"><ele>1318.0</ele><time>2022-10-10T19:23:56.465Z</time></trkpt><trkpt lat="51.07536333" lon="-115.35766833"><ele>1319.0</ele><time>2022-10-10T19:23:57.464Z</time></trkpt><trkpt lat="51.07536667" lon="-115.35766333"><ele>1319.0</ele><time>2022-10-10T19:23:58.465Z</time></trkpt><trkpt lat="51.07536833" lon="-115.35766167"><ele>1320.0</ele><time>2022-10-10T19:23:59.464Z</time></trkpt><trkpt lat="51.07537333" lon="-115.35766"><ele>1320.0</ele><time>2022-10-10T19:24:00.465Z</time></trkpt><trkpt lat="51.075375" lon="-115.35765667"><ele>1320.0</ele><time>2022-10-10T19:24:01.465Z</time></trkpt><trkpt lat="51.07537667" lon="-115.35765333"><ele>1320.0</ele><time>2022-10-10T19:24:02.465Z</time></trkpt><trkpt lat="51.075375" lon="-115.35765"><ele>1319.0</ele><time>2022-10-10T19:24:03.465Z</time></trkpt><trkpt lat="51.07537167" lon="-115.35764333"><ele>1319.0</ele><time>2022-10-10T19:24:04.465Z</time></trkpt><trkpt lat="51.07536833" lon="-115.357645"><ele>1319.0</ele><time>2022-10-10T19:24:05.465Z</time></trkpt><trkpt lat="51.07537" lon="-115.35764"><ele>1319.0</ele><time>2022-10-10T19:24:06.465Z</time></trkpt><trkpt lat="51.07537333" lon="-115.35762833"><ele>1319.0</ele><time>2022-10-10T19:24:07.464Z</time></trkpt><trkpt lat="51.07537167" lon="-115.35762833"><ele>1319.0</ele><time>2022-10-10T19:24:08.465Z</time></trkpt><trkpt lat="51.07537167" lon="-115.35762667"><ele>1319.0</ele><time>2022-10-10T19:24:09.465Z</time></trkpt><trkpt lat="51.07537" lon="-115.35762667"><ele>1319.0</ele><time>2022-10-10T19:24:10.464Z</time></trkpt><trkpt lat="51.07537" lon="-115.35762833"><ele>1319.0</ele><time>2022-10-10T19:24:11.465Z</time></trkpt><trkpt lat="51.07537" lon="-115.35762833"><ele>1318.0</ele><time>2022-10-10T19:24:12.465Z</time></trkpt><trkpt lat="51.07537" lon="-115.35762833"><ele>1318.0</ele><time>2022-10-10T19:24:13.465Z</time></trkpt><trkpt lat="51.07537333" lon="-115.35763167"><ele>1318.0</ele><time>2022-10-10T19:24:14.465Z</time></trkpt><trkpt lat="51.07537667" lon="-115.35764167"><ele>1318.0</ele><time>2022-10-10T19:24:15.465Z</time></trkpt><trkpt lat="51.07538333" lon="-115.35764833"><ele>1318.0</ele><time>2022-10-10T19:24:16.464Z</time></trkpt><trkpt lat="51.07538833" lon="-115.35765333"><ele>1318.0</ele><time>2022-10-10T19:24:17.465Z</time></trkpt><trkpt lat="51.07539333" lon="-115.35766"><ele>1318.0</ele><time>2022-10-10T19:24:18.465Z</time></trkpt><trkpt lat="51.07539667" lon="-115.35766333"><ele>1318.0</ele><time>2022-10-10T19:24:19.465Z</time></trkpt><trkpt lat="51.07539833" lon="-115.35766333"><ele>1318.0</ele><time>2022-10-10T19:24:20.464Z</time></trkpt><trkpt lat="51.07539667" lon="-115.35766167"><ele>1318.0</ele><time>2022-10-10T19:24:21.465Z</time></trkpt><trkpt lat="51.07539167" lon="-115.35766333"><ele>1318.0</ele><time>2022-10-10T19:24:22.465Z</time></trkpt><trkpt lat="51.07538667" lon="-115.35766667"><ele>1318.0</ele><time>2022-10-10T19:24:23.465Z</time></trkpt><trkpt lat="51.07537333" lon="-115.35768333"><ele>1318.0</ele><time>2022-10-10T19:24:24.465Z</time></trkpt><trkpt lat="51.075375" lon="-115.357685"><ele>1318.0</ele><time>2022-10-10T19:24:25.464Z</time></trkpt><trkpt lat="51.075365" lon="-115.35768833"><ele>1318.0</ele><time>2022-10-10T19:24:26.464Z</time></trkpt><trkpt lat="51.07535833" lon="-115.35769167"><ele>1318.0</ele><time>2022-10-10T19:24:27.465Z</time></trkpt><trkpt lat="51.075355" lon="-115.35769167"><ele>1318.0</ele><time>2022-10-10T19:24:28.465Z</time></trkpt><trkpt lat="51.07535167" lon="-115.35769333"><ele>1318.0</ele><time>2022-10-10T19:24:29.465Z</time></trkpt><trkpt lat="51.07535167" lon="-115.35769"><ele>1317.0</ele><time>2022-10-10T19:24:30.465Z</time></trkpt><trkpt lat="51.07535" lon="-115.35768667"><ele>1316.0</ele><time>2022-10-10T19:24:31.464Z</time></trkpt><trkpt lat="51.07534667" lon="-115.35768"><ele>1315.0</ele><time>2022-10-10T19:24:32.465Z</time></trkpt><trkpt lat="51.07534333" lon="-115.35768167"><ele>1314.0</ele><time>2022-10-10T19:24:33.465Z</time></trkpt><trkpt lat="51.07533833" lon="-115.357685"><ele>1314.0</ele><time>2022-10-10T19:24:34.465Z</time></trkpt><trkpt lat="51.07533333" lon="-115.35769"><ele>1313.0</ele><time>2022-10-10T19:24:35.465Z</time></trkpt><trkpt lat="51.075335" lon="-115.35769"><ele>1312.0</ele><time>2022-10-10T19:24:36.465Z</time></trkpt><trkpt lat="51.07534167" lon="-115.35768167"><ele>1312.0</ele><time>2022-10-10T19:24:37.464Z</time></trkpt><trkpt lat="51.075345" lon="-115.35767833"><ele>1312.0</ele><time>2022-10-10T19:24:38.465Z</time></trkpt><trkpt lat="51.07534333" lon="-115.35767833"><ele>1312.0</ele><time>2022-10-10T19:24:39.465Z</time></trkpt><trkpt lat="51.07534167" lon="-115.35767667"><ele>1312.0</ele><time>2022-10-10T19:24:40.465Z</time></trkpt><trkpt lat="51.075345" lon="-115.35767667"><ele>1312.0</ele><time>2022-10-10T19:24:41.465Z</time></trkpt><trkpt lat="51.07534667" lon="-115.35767833"><ele>1312.0</ele><time>2022-10-10T19:24:42.464Z</time></trkpt><trkpt lat="51.07534667" lon="-115.35768167"><ele>1312.0</ele><time>2022-10-10T19:24:43.465Z</time></trkpt><trkpt lat="51.07534667" lon="-115.357685"><ele>1312.0</ele><time>2022-10-10T19:24:44.465Z</time></trkpt><trkpt lat="51.07534833" lon="-115.35769167"><ele>1313.0</ele><time>2022-10-10T19:24:45.465Z</time></trkpt><trkpt lat="51.07535167" lon="-115.35769167"><ele>1313.0</ele><time>2022-10-10T19:24:46.464Z</time></trkpt><trkpt lat="51.075355" lon="-115.35769167"><ele>1312.0</ele><time>2022-10-10T19:24:47.464Z</time></trkpt><trkpt lat="51.07535667" lon="-115.35768667"><ele>1312.0</ele><time>2022-10-10T19:24:48.464Z</time></trkpt><trkpt lat="51.07535667" lon="-115.35768833"><ele>1312.0</ele><time>2022-10-10T19:24:49.465Z</time></trkpt><trkpt lat="51.075355" lon="-115.35768333"><ele>1312.0</ele><time>2022-10-10T19:24:50.465Z</time></trkpt><trkpt lat="51.075355" lon="-115.35768"><ele>1312.0</ele><time>2022-10-10T19:24:51.465Z</time></trkpt><trkpt lat="51.07536" lon="-115.35767167"><ele>1312.0</ele><time>2022-10-10T19:24:52.465Z</time></trkpt><trkpt lat="51.07536333" lon="-115.35766667"><ele>1311.0</ele><time>2022-10-10T19:24:53.464Z</time></trkpt><trkpt lat="51.075365" lon="-115.35766167"><ele>1310.0</ele><time>2022-10-10T19:24:54.464Z</time></trkpt><trkpt lat="51.07536667" lon="-115.35765833"><ele>1309.0</ele><time>2022-10-10T19:24:55.465Z</time></trkpt><trkpt lat="51.07536333" lon="-115.35766"><ele>1308.0</ele><time>2022-10-10T19:24:56.465Z</time></trkpt><trkpt lat="51.07535833" lon="-115.357665"><ele>1308.0</ele><time>2022-10-10T19:24:57.465Z</time></trkpt><trkpt lat="51.07535667" lon="-115.35766167"><ele>1307.0</ele><time>2022-10-10T19:24:58.465Z</time></trkpt><trkpt lat="51.07535833" lon="-115.357655"><ele>1307.0</ele><time>2022-10-10T19:24:59.465Z</time></trkpt><trkpt lat="51.07535667" lon="-115.35764667"><ele>1307.0</ele><time>2022-10-10T19:25:00.465Z</time></trkpt><trkpt lat="51.07535167" lon="-115.35764833"><ele>1307.0</ele><time>2022-10-10T19:25:01.464Z</time></trkpt><trkpt lat="51.07534667" lon="-115.35765"><ele>1307.0</ele><time>2022-10-10T19:25:02.464Z</time></trkpt><trkpt lat="51.07534167" lon="-115.357655"><ele>1307.0</ele><time>2022-10-10T19:25:03.464Z</time></trkpt><trkpt lat="51.07533833" lon="-115.35766"><ele>1307.0</ele><time>2022-10-10T19:25:04.465Z</time></trkpt><trkpt lat="51.07534" lon="-115.35765667"><ele>1307.0</ele><time>2022-10-10T19:25:05.465Z</time></trkpt><trkpt lat="51.07534333" lon="-115.35764667"><ele>1307.0</ele><time>2022-10-10T19:25:06.465Z</time></trkpt><trkpt lat="51.07534833" lon="-115.35764"><ele>1307.0</ele><time>2022-10-10T19:25:07.464Z</time></trkpt><trkpt lat="51.07535" lon="-115.35763833"><ele>1307.0</ele><time>2022-10-10T19:25:08.465Z</time></trkpt><trkpt lat="51.07535" lon="-115.35764"><ele>1306.0</ele><time>2022-10-10T19:25:09.465Z</time></trkpt><trkpt lat="51.07535" lon="-115.35764"><ele>1306.0</ele><time>2022-10-10T19:25:10.465Z</time></trkpt><trkpt lat="51.07534667" lon="-115.357645"><ele>1306.0</ele><time>2022-10-10T19:25:11.465Z</time></trkpt><trkpt lat="51.07534667" lon="-115.35764833"><ele>1306.0</ele><time>2022-10-10T19:25:12.464Z</time></trkpt><trkpt lat="51.07534667" lon="-115.357655"><ele>1306.0</ele><time>2022-10-10T19:25:13.464Z</time></trkpt><trkpt lat="51.07534833" lon="-115.357665"><ele>1306.0</ele><time>2022-10-10T19:25:14.465Z</time></trkpt><trkpt lat="51.07535" lon="-115.35767167"><ele>1306.0</ele><time>2022-10-10T19:25:15.465Z</time></trkpt><trkpt lat="51.07535167" lon="-115.35767667"><ele>1306.0</ele><time>2022-10-10T19:25:16.465Z</time></trkpt><trkpt lat="51.07535" lon="-115.357685"><ele>1306.0</ele><time>2022-10-10T19:25:17.465Z</time></trkpt><trkpt lat="51.07535167" lon="-115.35768167"><ele>1305.0</ele><time>2022-10-10T19:25:18.464Z</time></trkpt><trkpt lat="51.07535333" lon="-115.35767"><ele>1305.0</ele><time>2022-10-10T19:25:19.465Z</time></trkpt><trkpt lat="51.07535333" lon="-115.35766167"><ele>1305.0</ele><time>2022-10-10T19:25:20.464Z</time></trkpt><trkpt lat="51.075355" lon="-115.35765833"><ele>1306.0</ele><time>2022-10-10T19:25:21.464Z</time></trkpt><trkpt lat="51.07535667" lon="-115.35766167"><ele>1307.0</ele><time>2022-10-10T19:25:22.465Z</time></trkpt><trkpt lat="51.07536167" lon="-115.35767167"><ele>1307.0</ele><time>2022-10-10T19:25:23.465Z</time></trkpt><trkpt lat="51.07536667" lon="-115.357685"><ele>1307.0</ele><time>2022-10-10T19:25:24.465Z</time></trkpt><trkpt lat="51.07536833" lon="-115.35769833"><ele>1308.0</ele><time>2022-10-10T19:25:25.464Z</time></trkpt><trkpt lat="51.07537333" lon="-115.35770667"><ele>1308.0</ele><time>2022-10-10T19:25:26.464Z</time></trkpt><trkpt lat="51.07537833" lon="-115.35771333"><ele>1309.0</ele><time>2022-10-10T19:25:27.465Z</time></trkpt><trkpt lat="51.075385" lon="-115.35771667"><ele>1309.0</ele><time>2022-10-10T19:25:28.465Z</time></trkpt><trkpt lat="51.07539" lon="-115.35772"><ele>1310.0</ele><time>2022-10-10T19:25:29.465Z</time></trkpt><trkpt lat="51.07539" lon="-115.357725"><ele>1310.0</ele><time>2022-10-10T19:25:30.465Z</time></trkpt><trkpt lat="51.07539333" lon="-115.35772833"><ele>1311.0</ele><time>2022-10-10T19:25:31.464Z</time></trkpt><trkpt lat="51.075395" lon="-115.35773333"><ele>1312.0</ele><time>2022-10-10T19:25:32.465Z</time></trkpt><trkpt lat="51.075395" lon="-115.357735"><ele>1312.0</ele><time>2022-10-10T19:25:33.464Z</time></trkpt><trkpt lat="51.0754" lon="-115.35773833"><ele>1312.0</ele><time>2022-10-10T19:25:34.465Z</time></trkpt><trkpt lat="51.0754" lon="-115.35775167"><ele>1313.0</ele><time>2022-10-10T19:25:35.465Z</time></trkpt><trkpt lat="51.07540167" lon="-115.35776833"><ele>1313.0</ele><time>2022-10-10T19:25:36.465Z</time></trkpt><trkpt lat="51.07540833" lon="-115.35778"><ele>1313.0</ele><time>2022-10-10T19:25:37.464Z</time></trkpt><trkpt lat="51.075415" lon="-115.35779167"><ele>1314.0</ele><time>2022-10-10T19:25:38.464Z</time></trkpt><trkpt lat="51.07542" lon="-115.35780167"><ele>1314.0</ele><time>2022-10-10T19:25:39.465Z</time></trkpt><trkpt lat="51.075425" lon="-115.35781167"><ele>1315.0</ele><time>2022-10-10T19:25:40.465Z</time></trkpt><trkpt lat="51.07543167" lon="-115.35781667"><ele>1315.0</ele><time>2022-10-10T19:25:41.464Z</time></trkpt><trkpt lat="51.07543667" lon="-115.35781833"><ele>1315.0</ele><time>2022-10-10T19:25:42.464Z</time></trkpt><trkpt lat="51.07543833" lon="-115.35781667"><ele>1316.0</ele><time>2022-10-10T19:25:43.464Z</time></trkpt><trkpt lat="51.07544167" lon="-115.35781333"><ele>1316.0</ele><time>2022-10-10T19:25:44.465Z</time></trkpt><trkpt lat="51.07544333" lon="-115.35781333"><ele>1316.0</ele><time>2022-10-10T19:25:45.464Z</time></trkpt><trkpt lat="51.07544333" lon="-115.35780833"><ele>1316.0</ele><time>2022-10-10T19:25:46.464Z</time></trkpt><trkpt lat="51.075445" lon="-115.35781"><ele>1316.0</ele><time>2022-10-10T19:25:47.465Z</time></trkpt><trkpt lat="51.075445" lon="-115.35781"><ele>1316.0</ele><time>2022-10-10T19:25:48.464Z</time></trkpt><trkpt lat="51.07544667" lon="-115.35781"><ele>1317.0</ele><time>2022-10-10T19:25:49.465Z</time></trkpt><trkpt lat="51.07545" lon="-115.35781"><ele>1317.0</ele><time>2022-10-10T19:25:50.465Z</time></trkpt><trkpt lat="51.07545" lon="-115.35781"><ele>1317.0</ele><time>2022-10-10T19:25:51.464Z</time></trkpt><trkpt lat="51.07544833" lon="-115.35780333"><ele>1318.0</ele><time>2022-10-10T19:25:52.464Z</time></trkpt><trkpt lat="51.07544333" lon="-115.35779833"><ele>1318.0</ele><time>2022-10-10T19:25:53.465Z</time></trkpt><trkpt lat="51.07544" lon="-115.357795"><ele>1318.0</ele><time>2022-10-10T19:25:54.465Z</time></trkpt><trkpt lat="51.07544" lon="-115.35778833"><ele>1318.0</ele><time>2022-10-10T19:25:55.465Z</time></trkpt><trkpt lat="51.07543833" lon="-115.35778667"><ele>1318.0</ele><time>2022-10-10T19:25:56.464Z</time></trkpt><trkpt lat="51.07543667" lon="-115.35778333"><ele>1318.0</ele><time>2022-10-10T19:25:57.464Z</time></trkpt><trkpt lat="51.07543833" lon="-115.35778"><ele>1318.0</ele><time>2022-10-10T19:25:58.465Z</time></trkpt><trkpt lat="51.07544" lon="-115.35777667"><ele>1319.0</ele><time>2022-10-10T19:25:59.464Z</time></trkpt><trkpt lat="51.07544" lon="-115.35777833"><ele>1318.0</ele><time>2022-10-10T19:26:00.464Z</time></trkpt><trkpt lat="51.07544" lon="-115.35778"><ele>1318.0</ele><time>2022-10-10T19:26:01.464Z</time></trkpt><trkpt lat="51.07544" lon="-115.35778333"><ele>1318.0</ele><time>2022-10-10T19:26:02.464Z</time></trkpt><trkpt lat="51.07544833" lon="-115.35778333"><ele>1318.0</ele><time>2022-10-10T19:26:03.465Z</time></trkpt><trkpt lat="51.07545333" lon="-115.35778167"><ele>1319.0</ele><time>2022-10-10T19:26:04.464Z</time></trkpt><trkpt lat="51.07546167" lon="-115.35777667"><ele>1319.0</ele><time>2022-10-10T19:26:05.464Z</time></trkpt><trkpt lat="51.07547333" lon="-115.35777667"><ele>1319.0</ele><time>2022-10-10T19:26:06.464Z</time></trkpt><trkpt lat="51.07547833" lon="-115.35777833"><ele>1319.0</ele><time>2022-10-10T19:26:07.464Z</time></trkpt><trkpt lat="51.07547167" lon="-115.357785"><ele>1320.0</ele><time>2022-10-10T19:26:08.464Z</time></trkpt><trkpt lat="51.075465" lon="-115.35779333"><ele>1320.0</ele><time>2022-10-10T19:26:09.464Z</time></trkpt><trkpt lat="51.07545667" lon="-115.35780667"><ele>1320.0</ele><time>2022-10-10T19:26:10.465Z</time></trkpt><trkpt lat="51.07544667" lon="-115.35781667"><ele>1320.0</ele><time>2022-10-10T19:26:11.464Z</time></trkpt><trkpt lat="51.07543667" lon="-115.35782333"><ele>1320.0</ele><time>2022-10-10T19:26:12.465Z</time></trkpt><trkpt lat="51.075435" lon="-115.35782333"><ele>1320.0</ele><time>2022-10-10T19:26:13.465Z</time></trkpt><trkpt lat="51.07543333" lon="-115.35782333"><ele>1320.0</ele><time>2022-10-10T19:26:14.465Z</time></trkpt><trkpt lat="51.07543333" lon="-115.35782333"><ele>1320.0</ele><time>2022-10-10T19:26:15.465Z</time></trkpt><trkpt lat="51.07542833" lon="-115.35782833"><ele>1320.0</ele><time>2022-10-10T19:26:16.465Z</time></trkpt><trkpt lat="51.07542833" lon="-115.35783167"><ele>1320.0</ele><time>2022-10-10T19:26:17.465Z</time></trkpt><trkpt lat="51.07542833" lon="-115.35783333"><ele>1320.0</ele><time>2022-10-10T19:26:18.464Z</time></trkpt><trkpt lat="51.07543" lon="-115.35783333"><ele>1320.0</ele><time>2022-10-10T19:26:19.464Z</time></trkpt><trkpt lat="51.07542833" lon="-115.35782667"><ele>1320.0</ele><time>2022-10-10T19:26:20.465Z</time></trkpt><trkpt lat="51.07542167" lon="-115.35782"><ele>1320.0</ele><time>2022-10-10T19:26:21.465Z</time></trkpt><trkpt lat="51.07541333" lon="-115.35781"><ele>1320.0</ele><time>2022-10-10T19:26:22.465Z</time></trkpt><trkpt lat="51.075405" lon="-115.357805"><ele>1320.0</ele><time>2022-10-10T19:26:23.465Z</time></trkpt><trkpt lat="51.07539667" lon="-115.35779833"><ele>1320.0</ele><time>2022-10-10T19:26:24.464Z</time></trkpt><trkpt lat="51.07538667" lon="-115.357795"><ele>1320.0</ele><time>2022-10-10T19:26:25.465Z</time></trkpt><trkpt lat="51.07538" lon="-115.35778833"><ele>1320.0</ele><time>2022-10-10T19:26:26.465Z</time></trkpt><trkpt lat="51.07537167" lon="-115.35778"><ele>1320.0</ele><time>2022-10-10T19:26:27.465Z</time></trkpt><trkpt lat="51.07536167" lon="-115.357775"><ele>1320.0</ele><time>2022-10-10T19:26:28.465Z</time></trkpt><trkpt lat="51.07535333" lon="-115.35776667"><ele>1320.0</ele><time>2022-10-10T19:26:29.464Z</time></trkpt><trkpt lat="51.07534167" lon="-115.35775667"><ele>1321.0</ele><time>2022-10-10T19:26:30.464Z</time></trkpt><trkpt lat="51.07533" lon="-115.35774833"><ele>1321.0</ele><time>2022-10-10T19:26:31.465Z</time></trkpt><trkpt lat="51.07532" lon="-115.35773833"><ele>1321.0</ele><time>2022-10-10T19:26:32.464Z</time></trkpt><trkpt lat="51.07531" lon="-115.35772833"><ele>1321.0</ele><time>2022-10-10T19:26:33.465Z</time></trkpt><trkpt lat="51.07530167" lon="-115.35772167"><ele>1321.0</ele><time>2022-10-10T19:26:34.464Z</time></trkpt><trkpt lat="51.075295" lon="-115.35771333"><ele>1321.0</ele><time>2022-10-10T19:26:35.465Z</time></trkpt><trkpt lat="51.075285" lon="-115.35770333"><ele>1320.0</ele><time>2022-10-10T19:26:36.464Z</time></trkpt><trkpt lat="51.07527333" lon="-115.35768833"><ele>1320.0</ele><time>2022-10-10T19:26:37.465Z</time></trkpt><trkpt lat="51.07527" lon="-115.35766167"><ele>1320.0</ele><time>2022-10-10T19:26:38.465Z</time></trkpt><trkpt lat="51.075265" lon="-115.35764833"><ele>1319.0</ele><time>2022-10-10T19:26:39.465Z</time></trkpt><trkpt lat="51.075255" lon="-115.35763667"><ele>1319.0</ele><time>2022-10-10T19:26:40.465Z</time></trkpt><trkpt lat="51.075245" lon="-115.35763167"><ele>1319.0</ele><time>2022-10-10T19:26:41.465Z</time></trkpt><trkpt lat="51.07523833" lon="-115.35762667"><ele>1319.0</ele><time>2022-10-10T19:26:42.465Z</time></trkpt><trkpt lat="51.07522667" lon="-115.35763"><ele>1319.0</ele><time>2022-10-10T19:26:43.465Z</time></trkpt><trkpt lat="51.07522333" lon="-115.35762833"><ele>1320.0</ele><time>2022-10-10T19:26:44.465Z</time></trkpt><trkpt lat="51.075225" lon="-115.35762333"><ele>1320.0</ele><time>2022-10-10T19:26:45.465Z</time></trkpt><trkpt lat="51.07522167" lon="-115.35762667"><ele>1320.0</ele><time>2022-10-10T19:26:46.465Z</time></trkpt><trkpt lat="51.07522" lon="-115.35762167"><ele>1320.0</ele><time>2022-10-10T19:26:47.465Z</time></trkpt><trkpt lat="51.07522333" lon="-115.35761333"><ele>1321.0</ele><time>2022-10-10T19:26:48.465Z</time></trkpt><trkpt lat="51.07522333" lon="-115.35760833"><ele>1321.0</ele><time>2022-10-10T19:26:49.465Z</time></trkpt><trkpt lat="51.07522333" lon="-115.35760333"><ele>1321.0</ele><time>2022-10-10T19:26:50.465Z</time></trkpt><trkpt lat="51.07522167" lon="-115.35759333"><ele>1322.0</ele><time>2022-10-10T19:26:51.465Z</time></trkpt><trkpt lat="51.07522333" lon="-115.35758667"><ele>1322.0</ele><time>2022-10-10T19:26:52.465Z</time></trkpt><trkpt lat="51.07522833" lon="-115.357585"><ele>1322.0</ele><time>2022-10-10T19:26:53.465Z</time></trkpt><trkpt lat="51.07523333" lon="-115.35758667"><ele>1321.0</ele><time>2022-10-10T19:26:54.465Z</time></trkpt><trkpt lat="51.07523833" lon="-115.35759333"><ele>1320.0</ele><time>2022-10-10T19:26:55.464Z</time></trkpt><trkpt lat="51.07524333" lon="-115.35759"><ele>1318.0</ele><time>2022-10-10T19:26:56.465Z</time></trkpt><trkpt lat="51.07524667" lon="-115.35758833"><ele>1317.0</ele><time>2022-10-10T19:26:57.465Z</time></trkpt><trkpt lat="51.07525" lon="-115.35758667"><ele>1316.0</ele><time>2022-10-10T19:26:58.465Z</time></trkpt><trkpt lat="51.07525167" lon="-115.35758333"><ele>1315.0</ele><time>2022-10-10T19:26:59.465Z</time></trkpt><trkpt lat="51.075255" lon="-115.35757667"><ele>1314.0</ele><time>2022-10-10T19:27:00.465Z</time></trkpt><trkpt lat="51.075255" lon="-115.35757667"><ele>1314.0</ele><time>2022-10-10T19:27:01.465Z</time></trkpt><trkpt lat="51.075255" lon="-115.35757667"><ele>1313.0</ele><time>2022-10-10T19:27:02.465Z</time></trkpt><trkpt lat="51.07525333" lon="-115.357575"><ele>1313.0</ele><time>2022-10-10T19:27:03.465Z</time></trkpt><trkpt lat="51.075255" lon="-115.35757833"><ele>1313.0</ele><time>2022-10-10T19:27:04.465Z</time></trkpt><trkpt lat="51.075255" lon="-115.35757833"><ele>1313.0</ele><time>2022-10-10T19:27:05.465Z</time></trkpt><trkpt lat="51.07525333" lon="-115.357575"><ele>1313.0</ele><time>2022-10-10T19:27:06.465Z</time></trkpt><trkpt lat="51.07524833" lon="-115.35757667"><ele>1313.0</ele><time>2022-10-10T19:27:07.465Z</time></trkpt><trkpt lat="51.07524833" lon="-115.35757333"><ele>1314.0</ele><time>2022-10-10T19:27:08.465Z</time></trkpt><trkpt lat="51.07524667" lon="-115.35757"><ele>1314.0</ele><time>2022-10-10T19:27:09.465Z</time></trkpt><trkpt lat="51.075245" lon="-115.35756667"><ele>1315.0</ele><time>2022-10-10T19:27:10.465Z</time></trkpt><trkpt lat="51.07523833" lon="-115.35756667"><ele>1316.0</ele><time>2022-10-10T19:27:11.464Z</time></trkpt><trkpt lat="51.075235" lon="-115.35756333"><ele>1316.0</ele><time>2022-10-10T19:27:12.465Z</time></trkpt><trkpt lat="51.07522833" lon="-115.35756167"><ele>1317.0</ele><time>2022-10-10T19:27:13.465Z</time></trkpt><trkpt lat="51.07522167" lon="-115.357555"><ele>1318.0</ele><time>2022-10-10T19:27:14.465Z</time></trkpt><trkpt lat="51.07521833" lon="-115.357555"><ele>1320.0</ele><time>2022-10-10T19:27:15.465Z</time></trkpt><trkpt lat="51.07521833" lon="-115.35755667"><ele>1321.0</ele><time>2022-10-10T19:27:16.465Z</time></trkpt><trkpt lat="51.07521667" lon="-115.35755833"><ele>1321.0</ele><time>2022-10-10T19:27:17.464Z</time></trkpt><trkpt lat="51.07521833" lon="-115.35756"><ele>1322.0</ele><time>2022-10-10T19:27:18.465Z</time></trkpt><trkpt lat="51.07522333" lon="-115.35756"><ele>1322.0</ele><time>2022-10-10T19:27:19.465Z</time></trkpt><trkpt lat="51.07523833" lon="-115.35756333"><ele>1322.0</ele><time>2022-10-10T19:27:20.464Z</time></trkpt><trkpt lat="51.075245" lon="-115.35756333"><ele>1322.0</ele><time>2022-10-10T19:27:21.465Z</time></trkpt><trkpt lat="51.07524" lon="-115.357555"><ele>1322.0</ele><time>2022-10-10T19:27:22.465Z</time></trkpt><trkpt lat="51.075235" lon="-115.35754833"><ele>1322.0</ele><time>2022-10-10T19:27:23.465Z</time></trkpt><trkpt lat="51.07522667" lon="-115.35753833"><ele>1321.0</ele><time>2022-10-10T19:27:24.465Z</time></trkpt><trkpt lat="51.07522" lon="-115.35752833"><ele>1321.0</ele><time>2022-10-10T19:27:25.465Z</time></trkpt><trkpt lat="51.07521" lon="-115.35752167"><ele>1321.0</ele><time>2022-10-10T19:27:26.465Z</time></trkpt><trkpt lat="51.0752" lon="-115.35751167"><ele>1321.0</ele><time>2022-10-10T19:27:27.465Z</time></trkpt><trkpt lat="51.07519" lon="-115.3575"><ele>1320.0</ele><time>2022-10-10T19:27:28.465Z</time></trkpt><trkpt lat="51.07518" lon="-115.35749167"><ele>1320.0</ele><time>2022-10-10T19:27:29.465Z</time></trkpt><trkpt lat="51.07517167" lon="-115.357485"><ele>1319.0</ele><time>2022-10-10T19:27:30.465Z</time></trkpt><trkpt lat="51.07516333" lon="-115.35747667"><ele>1319.0</ele><time>2022-10-10T19:27:31.464Z</time></trkpt><trkpt lat="51.07515667" lon="-115.35746833"><ele>1318.0</ele><time>2022-10-10T19:27:32.464Z</time></trkpt><trkpt lat="51.07514833" lon="-115.35746333"><ele>1318.0</ele><time>2022-10-10T19:27:33.465Z</time></trkpt><trkpt lat="51.07513833" lon="-115.35745667"><ele>1317.0</ele><time>2022-10-10T19:27:34.465Z</time></trkpt><trkpt lat="51.07512167" lon="-115.35745333"><ele>1317.0</ele><time>2022-10-10T19:27:35.464Z</time></trkpt><trkpt lat="51.07511" lon="-115.35744667"><ele>1317.0</ele><time>2022-10-10T19:27:36.464Z</time></trkpt><trkpt lat="51.07509833" lon="-115.35743667"><ele>1316.0</ele><time>2022-10-10T19:27:37.465Z</time></trkpt><trkpt lat="51.07509167" lon="-115.35742667"><ele>1316.0</ele><time>2022-10-10T19:27:38.465Z</time></trkpt><trkpt lat="51.07508167" lon="-115.35741667"><ele>1315.0</ele><time>2022-10-10T19:27:39.464Z</time></trkpt><trkpt lat="51.07507" lon="-115.35741"><ele>1315.0</ele><time>2022-10-10T19:27:40.465Z</time></trkpt><trkpt lat="51.07506" lon="-115.35740333"><ele>1314.0</ele><time>2022-10-10T19:27:41.465Z</time></trkpt><trkpt lat="51.07504667" lon="-115.357395"><ele>1314.0</ele><time>2022-10-10T19:27:42.465Z</time></trkpt><trkpt lat="51.075035" lon="-115.35739333"><ele>1314.0</ele><time>2022-10-10T19:27:43.465Z</time></trkpt><trkpt lat="51.07502333" lon="-115.35739333"><ele>1313.0</ele><time>2022-10-10T19:27:44.465Z</time></trkpt><trkpt lat="51.07501" lon="-115.35739167"><ele>1313.0</ele><time>2022-10-10T19:27:45.465Z</time></trkpt><trkpt lat="51.07499833" lon="-115.35737833"><ele>1313.0</ele><time>2022-10-10T19:27:46.465Z</time></trkpt><trkpt lat="51.07499333" lon="-115.357365"><ele>1313.0</ele><time>2022-10-10T19:27:47.465Z</time></trkpt><trkpt lat="51.074985" lon="-115.35735667"><ele>1312.0</ele><time>2022-10-10T19:27:48.465Z</time></trkpt><trkpt lat="51.07497833" lon="-115.357345"><ele>1312.0</ele><time>2022-10-10T19:27:49.465Z</time></trkpt><trkpt lat="51.07496667" lon="-115.35733167"><ele>1313.0</ele><time>2022-10-10T19:27:50.465Z</time></trkpt><trkpt lat="51.074955" lon="-115.35732"><ele>1313.0</ele><time>2022-10-10T19:27:51.465Z</time></trkpt><trkpt lat="51.07494833" lon="-115.35731"><ele>1313.0</ele><time>2022-10-10T19:27:52.465Z</time></trkpt><trkpt lat="51.074945" lon="-115.35729667"><ele>1314.0</ele><time>2022-10-10T19:27:53.465Z</time></trkpt><trkpt lat="51.07494333" lon="-115.357285"><ele>1313.0</ele><time>2022-10-10T19:27:54.465Z</time></trkpt><trkpt lat="51.07493667" lon="-115.35728"><ele>1313.0</ele><time>2022-10-10T19:27:55.465Z</time></trkpt><trkpt lat="51.07492333" lon="-115.357275"><ele>1313.0</ele><time>2022-10-10T19:27:56.464Z</time></trkpt><trkpt lat="51.074915" lon="-115.35726667"><ele>1313.0</ele><time>2022-10-10T19:27:57.465Z</time></trkpt><trkpt lat="51.07490833" lon="-115.35725667"><ele>1313.0</ele><time>2022-10-10T19:27:58.465Z</time></trkpt><trkpt lat="51.07490333" lon="-115.35724333"><ele>1313.0</ele><time>2022-10-10T19:27:59.464Z</time></trkpt><trkpt lat="51.07489667" lon="-115.357235"><ele>1312.0</ele><time>2022-10-10T19:28:00.465Z</time></trkpt><trkpt lat="51.07488833" lon="-115.35722833"><ele>1312.0</ele><time>2022-10-10T19:28:01.465Z</time></trkpt><trkpt lat="51.07487667" lon="-115.35722667"><ele>1312.0</ele><time>2022-10-10T19:28:02.465Z</time></trkpt><trkpt lat="51.07486667" lon="-115.35722333"><ele>1312.0</ele><time>2022-10-10T19:28:03.465Z</time></trkpt><trkpt lat="51.07485833" lon="-115.35721833"><ele>1312.0</ele><time>2022-10-10T19:28:04.465Z</time></trkpt><trkpt lat="51.07484667" lon="-115.35721167"><ele>1313.0</ele><time>2022-10-10T19:28:05.464Z</time></trkpt><trkpt lat="51.07482833" lon="-115.3572"><ele>1313.0</ele><time>2022-10-10T19:28:06.465Z</time></trkpt><trkpt lat="51.07480833" lon="-115.357195"><ele>1314.0</ele><time>2022-10-10T19:28:07.465Z</time></trkpt><trkpt lat="51.07479667" lon="-115.35719"><ele>1314.0</ele><time>2022-10-10T19:28:08.465Z</time></trkpt><trkpt lat="51.07478167" lon="-115.35719"><ele>1315.0</ele><time>2022-10-10T19:28:09.465Z</time></trkpt><trkpt lat="51.07476833" lon="-115.35718667"><ele>1315.0</ele><time>2022-10-10T19:28:10.465Z</time></trkpt><trkpt lat="51.07475833" lon="-115.35717833"><ele>1315.0</ele><time>2022-10-10T19:28:11.465Z</time></trkpt><trkpt lat="51.07475" lon="-115.35717333"><ele>1315.0</ele><time>2022-10-10T19:28:12.465Z</time></trkpt><trkpt lat="51.074745" lon="-115.35716167"><ele>1316.0</ele><time>2022-10-10T19:28:13.465Z</time></trkpt><trkpt lat="51.07473833" lon="-115.35715667"><ele>1316.0</ele><time>2022-10-10T19:28:14.465Z</time></trkpt><trkpt lat="51.07473167" lon="-115.35714667"><ele>1316.0</ele><time>2022-10-10T19:28:15.465Z</time></trkpt><trkpt lat="51.074725" lon="-115.35714"><ele>1316.0</ele><time>2022-10-10T19:28:16.465Z</time></trkpt><trkpt lat="51.074715" lon="-115.35713167"><ele>1317.0</ele><time>2022-10-10T19:28:17.465Z</time></trkpt><trkpt lat="51.07470667" lon="-115.35712333"><ele>1317.0</ele><time>2022-10-10T19:28:18.464Z</time></trkpt><trkpt lat="51.0747" lon="-115.357115"><ele>1317.0</ele><time>2022-10-10T19:28:19.465Z</time></trkpt><trkpt lat="51.074695" lon="-115.357105"><ele>1317.0</ele><time>2022-10-10T19:28:20.464Z</time></trkpt><trkpt lat="51.07468833" lon="-115.35709333"><ele>1317.0</ele><time>2022-10-10T19:28:21.465Z</time></trkpt><trkpt lat="51.07468167" lon="-115.35708167"><ele>1317.0</ele><time>2022-10-10T19:28:22.465Z</time></trkpt><trkpt lat="51.07467" lon="-115.35707167"><ele>1317.0</ele><time>2022-10-10T19:28:23.464Z</time></trkpt><trkpt lat="51.07466" lon="-115.35706333"><ele>1317.0</ele><time>2022-10-10T19:28:24.465Z</time></trkpt><trkpt lat="51.07464833" lon="-115.35706333"><ele>1317.0</ele><time>2022-10-10T19:28:25.465Z</time></trkpt><trkpt lat="51.07463333" lon="-115.357065"><ele>1316.0</ele><time>2022-10-10T19:28:26.464Z</time></trkpt><trkpt lat="51.07461833" lon="-115.35708333"><ele>1316.0</ele><time>2022-10-10T19:28:27.465Z</time></trkpt><trkpt lat="51.07460333" lon="-115.357085"><ele>1315.0</ele><time>2022-10-10T19:28:28.465Z</time></trkpt><trkpt lat="51.07458833" lon="-115.35708167"><ele>1315.0</ele><time>2022-10-10T19:28:29.465Z</time></trkpt><trkpt lat="51.074575" lon="-115.35707833"><ele>1314.0</ele><time>2022-10-10T19:28:30.465Z</time></trkpt><trkpt lat="51.07456" lon="-115.35707333"><ele>1314.0</ele><time>2022-10-10T19:28:31.465Z</time></trkpt><trkpt lat="51.074545" lon="-115.357065"><ele>1313.0</ele><time>2022-10-10T19:28:32.465Z</time></trkpt><trkpt lat="51.07453667" lon="-115.35705333"><ele>1313.0</ele><time>2022-10-10T19:28:33.464Z</time></trkpt><trkpt lat="51.07452667" lon="-115.35704"><ele>1312.0</ele><time>2022-10-10T19:28:34.465Z</time></trkpt><trkpt lat="51.07451833" lon="-115.35703167"><ele>1312.0</ele><time>2022-10-10T19:28:35.465Z</time></trkpt><trkpt lat="51.07450833" lon="-115.357025"><ele>1312.0</ele><time>2022-10-10T19:28:36.465Z</time></trkpt><trkpt lat="51.07449667" lon="-115.35701833"><ele>1312.0</ele><time>2022-10-10T19:28:37.464Z</time></trkpt><trkpt lat="51.07448333" lon="-115.35701167"><ele>1313.0</ele><time>2022-10-10T19:28:38.465Z</time></trkpt><trkpt lat="51.07447333" lon="-115.35700333"><ele>1313.0</ele><time>2022-10-10T19:28:39.464Z</time></trkpt><trkpt lat="51.07446833" lon="-115.35699167"><ele>1313.0</ele><time>2022-10-10T19:28:40.465Z</time></trkpt><trkpt lat="51.07446333" lon="-115.35698333"><ele>1313.0</ele><time>2022-10-10T19:28:41.464Z</time></trkpt><trkpt lat="51.074455" lon="-115.35697333"><ele>1313.0</ele><time>2022-10-10T19:28:42.465Z</time></trkpt><trkpt lat="51.07444" lon="-115.35696833"><ele>1314.0</ele><time>2022-10-10T19:28:43.465Z</time></trkpt><trkpt lat="51.07442833" lon="-115.35696167"><ele>1314.0</ele><time>2022-10-10T19:28:44.465Z</time></trkpt><trkpt lat="51.07442" lon="-115.35695167"><ele>1313.0</ele><time>2022-10-10T19:28:45.465Z</time></trkpt><trkpt lat="51.07441667" lon="-115.356925"><ele>1313.0</ele><time>2022-10-10T19:28:46.465Z</time></trkpt><trkpt lat="51.074415" lon="-115.356905"><ele>1313.0</ele><time>2022-10-10T19:28:47.464Z</time></trkpt><trkpt lat="51.07440667" lon="-115.35689"><ele>1313.0</ele><time>2022-10-10T19:28:48.464Z</time></trkpt><trkpt lat="51.07439" lon="-115.35687833"><ele>1313.0</ele><time>2022-10-10T19:28:49.465Z</time></trkpt><trkpt lat="51.07438" lon="-115.35687167"><ele>1313.0</ele><time>2022-10-10T19:28:50.464Z</time></trkpt><trkpt lat="51.074365" lon="-115.35686833"><ele>1313.0</ele><time>2022-10-10T19:28:51.465Z</time></trkpt><trkpt lat="51.07436" lon="-115.35686333"><ele>1312.0</ele><time>2022-10-10T19:28:52.465Z</time></trkpt><trkpt lat="51.074355" lon="-115.35685333"><ele>1312.0</ele><time>2022-10-10T19:28:53.465Z</time></trkpt><trkpt lat="51.07435" lon="-115.356845"><ele>1312.0</ele><time>2022-10-10T19:28:54.464Z</time></trkpt><trkpt lat="51.07434333" lon="-115.35683333"><ele>1311.0</ele><time>2022-10-10T19:28:55.465Z</time></trkpt><trkpt lat="51.07433667" lon="-115.35681667"><ele>1311.0</ele><time>2022-10-10T19:28:56.464Z</time></trkpt><trkpt lat="51.07433" lon="-115.35680333"><ele>1310.0</ele><time>2022-10-10T19:28:57.465Z</time></trkpt><trkpt lat="51.07432" lon="-115.35679167"><ele>1310.0</ele><time>2022-10-10T19:28:58.465Z</time></trkpt><trkpt lat="51.07430667" lon="-115.35677833"><ele>1310.0</ele><time>2022-10-10T19:28:59.465Z</time></trkpt><trkpt lat="51.074295" lon="-115.35676333"><ele>1310.0</ele><time>2022-10-10T19:29:00.464Z</time></trkpt><trkpt lat="51.07428667" lon="-115.35674667"><ele>1311.0</ele><time>2022-10-10T19:29:01.464Z</time></trkpt><trkpt lat="51.07428" lon="-115.35672667"><ele>1311.0</ele><time>2022-10-10T19:29:02.465Z</time></trkpt><trkpt lat="51.07427" lon="-115.35671167"><ele>1312.0</ele><time>2022-10-10T19:29:03.464Z</time></trkpt><trkpt lat="51.07426167" lon="-115.35668833"><ele>1313.0</ele><time>2022-10-10T19:29:04.465Z</time></trkpt><trkpt lat="51.074255" lon="-115.35667333"><ele>1313.0</ele><time>2022-10-10T19:29:05.465Z</time></trkpt><trkpt lat="51.07424833" lon="-115.35665667"><ele>1314.0</ele><time>2022-10-10T19:29:06.465Z</time></trkpt><trkpt lat="51.07424333" lon="-115.35664"><ele>1313.0</ele><time>2022-10-10T19:29:07.464Z</time></trkpt><trkpt lat="51.07423667" lon="-115.35662167"><ele>1313.0</ele><time>2022-10-10T19:29:08.465Z</time></trkpt><trkpt lat="51.074235" lon="-115.35660667"><ele>1313.0</ele><time>2022-10-10T19:29:09.464Z</time></trkpt><trkpt lat="51.07423333" lon="-115.35659167"><ele>1313.0</ele><time>2022-10-10T19:29:10.464Z</time></trkpt><trkpt lat="51.07422833" lon="-115.356575"><ele>1313.0</ele><time>2022-10-10T19:29:11.464Z</time></trkpt><trkpt lat="51.07422667" lon="-115.35655667"><ele>1313.0</ele><time>2022-10-10T19:29:12.465Z</time></trkpt><trkpt lat="51.074225" lon="-115.35653167"><ele>1313.0</ele><time>2022-10-10T19:29:13.465Z</time></trkpt><trkpt lat="51.07422167" lon="-115.356515"><ele>1313.0</ele><time>2022-10-10T19:29:14.465Z</time></trkpt><trkpt lat="51.07421667" lon="-115.356495"><ele>1313.0</ele><time>2022-10-10T19:29:15.465Z</time></trkpt><trkpt lat="51.07421167" lon="-115.35647333"><ele>1313.0</ele><time>2022-10-10T19:29:16.465Z</time></trkpt><trkpt lat="51.07420667" lon="-115.35645167"><ele>1314.0</ele><time>2022-10-10T19:29:17.465Z</time></trkpt><trkpt lat="51.074205" lon="-115.35642833"><ele>1314.0</ele><time>2022-10-10T19:29:18.464Z</time></trkpt><trkpt lat="51.07420333" lon="-115.35640833"><ele>1314.0</ele><time>2022-10-10T19:29:19.465Z</time></trkpt><trkpt lat="51.0742" lon="-115.35638667"><ele>1314.0</ele><time>2022-10-10T19:29:20.464Z</time></trkpt><trkpt lat="51.07419833" lon="-115.35636667"><ele>1313.0</ele><time>2022-10-10T19:29:21.464Z</time></trkpt><trkpt lat="51.074195" lon="-115.356345"><ele>1313.0</ele><time>2022-10-10T19:29:22.465Z</time></trkpt><trkpt lat="51.07419" lon="-115.35632833"><ele>1313.0</ele><time>2022-10-10T19:29:23.465Z</time></trkpt><trkpt lat="51.074185" lon="-115.35631167"><ele>1313.0</ele><time>2022-10-10T19:29:24.465Z</time></trkpt><trkpt lat="51.07418" lon="-115.35629333"><ele>1313.0</ele><time>2022-10-10T19:29:25.464Z</time></trkpt><trkpt lat="51.074175" lon="-115.35627833"><ele>1313.0</ele><time>2022-10-10T19:29:26.465Z</time></trkpt><trkpt lat="51.07416167" lon="-115.35627167"><ele>1312.0</ele><time>2022-10-10T19:29:27.465Z</time></trkpt><trkpt lat="51.07415333" lon="-115.35625833"><ele>1312.0</ele><time>2022-10-10T19:29:28.465Z</time></trkpt><trkpt lat="51.07414333" lon="-115.35624"><ele>1312.0</ele><time>2022-10-10T19:29:29.465Z</time></trkpt><trkpt lat="51.07413667" lon="-115.35623"><ele>1311.0</ele><time>2022-10-10T19:29:30.464Z</time></trkpt><trkpt lat="51.07412833" lon="-115.35621667"><ele>1311.0</ele><time>2022-10-10T19:29:31.465Z</time></trkpt><trkpt lat="51.07411833" lon="-115.35620667"><ele>1310.0</ele><time>2022-10-10T19:29:32.465Z</time></trkpt><trkpt lat="51.07410833" lon="-115.356195"><ele>1310.0</ele><time>2022-10-10T19:29:33.465Z</time></trkpt><trkpt lat="51.07409833" lon="-115.356185"><ele>1310.0</ele><time>2022-10-10T19:29:34.465Z</time></trkpt><trkpt lat="51.07408833" lon="-115.35617333"><ele>1310.0</ele><time>2022-10-10T19:29:35.465Z</time></trkpt><trkpt lat="51.07407833" lon="-115.35616333"><ele>1310.0</ele><time>2022-10-10T19:29:36.465Z</time></trkpt><trkpt lat="51.07407167" lon="-115.35614833"><ele>1311.0</ele><time>2022-10-10T19:29:37.464Z</time></trkpt><trkpt lat="51.074065" lon="-115.35613333"><ele>1311.0</ele><time>2022-10-10T19:29:38.465Z</time></trkpt><trkpt lat="51.07405333" lon="-115.35612"><ele>1311.0</ele><time>2022-10-10T19:29:39.465Z</time></trkpt><trkpt lat="51.07404" lon="-115.35610833"><ele>1311.0</ele><time>2022-10-10T19:29:40.465Z</time></trkpt><trkpt lat="51.07403" lon="-115.35609333"><ele>1311.0</ele><time>2022-10-10T19:29:41.465Z</time></trkpt><trkpt lat="51.07401833" lon="-115.35607833"><ele>1311.0</ele><time>2022-10-10T19:29:42.465Z</time></trkpt><trkpt lat="51.07400667" lon="-115.356065"><ele>1311.0</ele><time>2022-10-10T19:29:43.464Z</time></trkpt><trkpt lat="51.07399833" lon="-115.35604833"><ele>1311.0</ele><time>2022-10-10T19:29:44.465Z</time></trkpt><trkpt lat="51.07399" lon="-115.35603333"><ele>1311.0</ele><time>2022-10-10T19:29:45.465Z</time></trkpt><trkpt lat="51.07397833" lon="-115.35602333"><ele>1311.0</ele><time>2022-10-10T19:29:46.465Z</time></trkpt><trkpt lat="51.07396833" lon="-115.356015"><ele>1311.0</ele><time>2022-10-10T19:29:47.464Z</time></trkpt><trkpt lat="51.07395833" lon="-115.356005"><ele>1311.0</ele><time>2022-10-10T19:29:48.465Z</time></trkpt><trkpt lat="51.07394667" lon="-115.35599"><ele>1311.0</ele><time>2022-10-10T19:29:49.464Z</time></trkpt><trkpt lat="51.07393667" lon="-115.355975"><ele>1312.0</ele><time>2022-10-10T19:29:50.465Z</time></trkpt><trkpt lat="51.073925" lon="-115.35596167"><ele>1312.0</ele><time>2022-10-10T19:29:51.465Z</time></trkpt><trkpt lat="51.07391667" lon="-115.35595333"><ele>1312.0</ele><time>2022-10-10T19:29:52.464Z</time></trkpt><trkpt lat="51.07390667" lon="-115.35594"><ele>1312.0</ele><time>2022-10-10T19:29:53.465Z</time></trkpt><trkpt lat="51.07389833" lon="-115.35592667"><ele>1313.0</ele><time>2022-10-10T19:29:54.464Z</time></trkpt><trkpt lat="51.07388667" lon="-115.355915"><ele>1313.0</ele><time>2022-10-10T19:29:55.465Z</time></trkpt><trkpt lat="51.07387833" lon="-115.35590833"><ele>1313.0</ele><time>2022-10-10T19:29:56.464Z</time></trkpt><trkpt lat="51.07386833" lon="-115.3559"><ele>1312.0</ele><time>2022-10-10T19:29:57.465Z</time></trkpt><trkpt lat="51.07386" lon="-115.35588667"><ele>1312.0</ele><time>2022-10-10T19:29:58.465Z</time></trkpt><trkpt lat="51.07385" lon="-115.35587833"><ele>1313.0</ele><time>2022-10-10T19:29:59.464Z</time></trkpt><trkpt lat="51.07384" lon="-115.35587167"><ele>1313.0</ele><time>2022-10-10T19:30:00.465Z</time></trkpt><trkpt lat="51.07382833" lon="-115.35586"><ele>1313.0</ele><time>2022-10-10T19:30:01.465Z</time></trkpt><trkpt lat="51.07381833" lon="-115.35585333"><ele>1314.0</ele><time>2022-10-10T19:30:02.465Z</time></trkpt><trkpt lat="51.07381167" lon="-115.35584167"><ele>1314.0</ele><time>2022-10-10T19:30:03.465Z</time></trkpt><trkpt lat="51.07380333" lon="-115.35582333"><ele>1314.0</ele><time>2022-10-10T19:30:04.465Z</time></trkpt><trkpt lat="51.073795" lon="-115.35581333"><ele>1314.0</ele><time>2022-10-10T19:30:05.464Z</time></trkpt><trkpt lat="51.073785" lon="-115.35580667"><ele>1314.0</ele><time>2022-10-10T19:30:06.464Z</time></trkpt><trkpt lat="51.07377333" lon="-115.35579333"><ele>1313.0</ele><time>2022-10-10T19:30:07.464Z</time></trkpt><trkpt lat="51.073765" lon="-115.355785"><ele>1313.0</ele><time>2022-10-10T19:30:08.464Z</time></trkpt><trkpt lat="51.07375667" lon="-115.35577167"><ele>1314.0</ele><time>2022-10-10T19:30:09.464Z</time></trkpt><trkpt lat="51.07374667" lon="-115.35575833"><ele>1314.0</ele><time>2022-10-10T19:30:10.464Z</time></trkpt><trkpt lat="51.07373667" lon="-115.35574833"><ele>1314.0</ele><time>2022-10-10T19:30:11.464Z</time></trkpt><trkpt lat="51.073725" lon="-115.35573833"><ele>1314.0</ele><time>2022-10-10T19:30:12.465Z</time></trkpt><trkpt lat="51.073715" lon="-115.35572333"><ele>1314.0</ele><time>2022-10-10T19:30:13.464Z</time></trkpt><trkpt lat="51.07370833" lon="-115.35571167"><ele>1314.0</ele><time>2022-10-10T19:30:14.465Z</time></trkpt><trkpt lat="51.07369833" lon="-115.35569833"><ele>1314.0</ele><time>2022-10-10T19:30:15.465Z</time></trkpt><trkpt lat="51.07368833" lon="-115.35568333"><ele>1314.0</ele><time>2022-10-10T19:30:16.465Z</time></trkpt><trkpt lat="51.07368" lon="-115.35566833"><ele>1314.0</ele><time>2022-10-10T19:30:17.464Z</time></trkpt><trkpt lat="51.07367333" lon="-115.355655"><ele>1314.0</ele><time>2022-10-10T19:30:18.465Z</time></trkpt><trkpt lat="51.07366833" lon="-115.35564167"><ele>1314.0</ele><time>2022-10-10T19:30:19.465Z</time></trkpt><trkpt lat="51.07366333" lon="-115.355625"><ele>1314.0</ele><time>2022-10-10T19:30:20.465Z</time></trkpt><trkpt lat="51.07365833" lon="-115.35560833"><ele>1314.0</ele><time>2022-10-10T19:30:21.464Z</time></trkpt><trkpt lat="51.07365167" lon="-115.35559167"><ele>1314.0</ele><time>2022-10-10T19:30:22.465Z</time></trkpt><trkpt lat="51.07364667" lon="-115.355575"><ele>1313.0</ele><time>2022-10-10T19:30:23.465Z</time></trkpt><trkpt lat="51.07364" lon="-115.35555833"><ele>1314.0</ele><time>2022-10-10T19:30:24.465Z</time></trkpt><trkpt lat="51.07363333" lon="-115.355545"><ele>1314.0</ele><time>2022-10-10T19:30:25.465Z</time></trkpt><trkpt lat="51.07362167" lon="-115.35552833"><ele>1314.0</ele><time>2022-10-10T19:30:26.464Z</time></trkpt><trkpt lat="51.073615" lon="-115.35551167"><ele>1315.0</ele><time>2022-10-10T19:30:27.465Z</time></trkpt><trkpt lat="51.07361" lon="-115.3555"><ele>1315.0</ele><time>2022-10-10T19:30:28.465Z</time></trkpt><trkpt lat="51.0736" lon="-115.35548667"><ele>1315.0</ele><time>2022-10-10T19:30:29.465Z</time></trkpt><trkpt lat="51.07359167" lon="-115.355475"><ele>1315.0</ele><time>2022-10-10T19:30:30.464Z</time></trkpt><trkpt lat="51.07358167" lon="-115.35546333"><ele>1315.0</ele><time>2022-10-10T19:30:31.465Z</time></trkpt><trkpt lat="51.073575" lon="-115.35545"><ele>1315.0</ele><time>2022-10-10T19:30:32.465Z</time></trkpt><trkpt lat="51.07356667" lon="-115.35543833"><ele>1314.0</ele><time>2022-10-10T19:30:33.465Z</time></trkpt><trkpt lat="51.07356167" lon="-115.355425"><ele>1314.0</ele><time>2022-10-10T19:30:34.465Z</time></trkpt><trkpt lat="51.07355333" lon="-115.35540667"><ele>1314.0</ele><time>2022-10-10T19:30:35.464Z</time></trkpt><trkpt lat="51.07355" lon="-115.35538667"><ele>1314.0</ele><time>2022-10-10T19:30:36.464Z</time></trkpt><trkpt lat="51.073545" lon="-115.35537"><ele>1313.0</ele><time>2022-10-10T19:30:37.465Z</time></trkpt><trkpt lat="51.07353833" lon="-115.35536"><ele>1313.0</ele><time>2022-10-10T19:30:38.464Z</time></trkpt><trkpt lat="51.07352667" lon="-115.35534833"><ele>1313.0</ele><time>2022-10-10T19:30:39.464Z</time></trkpt><trkpt lat="51.07351833" lon="-115.35533"><ele>1312.0</ele><time>2022-10-10T19:30:40.464Z</time></trkpt><trkpt lat="51.073505" lon="-115.35532333"><ele>1312.0</ele><time>2022-10-10T19:30:41.464Z</time></trkpt><trkpt lat="51.07349667" lon="-115.35530667"><ele>1312.0</ele><time>2022-10-10T19:30:42.464Z</time></trkpt><trkpt lat="51.07349167" lon="-115.35528833"><ele>1312.0</ele><time>2022-10-10T19:30:43.464Z</time></trkpt><trkpt lat="51.073485" lon="-115.35527167"><ele>1312.0</ele><time>2022-10-10T19:30:44.465Z</time></trkpt><trkpt lat="51.07347833" lon="-115.35525167"><ele>1312.0</ele><time>2022-10-10T19:30:45.465Z</time></trkpt><trkpt lat="51.07347333" lon="-115.35523167"><ele>1312.0</ele><time>2022-10-10T19:30:46.465Z</time></trkpt><trkpt lat="51.07347167" lon="-115.35521"><ele>1313.0</ele><time>2022-10-10T19:30:47.465Z</time></trkpt><trkpt lat="51.07346833" lon="-115.35519167"><ele>1313.0</ele><time>2022-10-10T19:30:48.465Z</time></trkpt><trkpt lat="51.07346333" lon="-115.35517333"><ele>1313.0</ele><time>2022-10-10T19:30:49.465Z</time></trkpt><trkpt lat="51.07345833" lon="-115.35515833"><ele>1313.0</ele><time>2022-10-10T19:30:50.464Z</time></trkpt><trkpt lat="51.073455" lon="-115.35514"><ele>1313.0</ele><time>2022-10-10T19:30:51.465Z</time></trkpt><trkpt lat="51.073455" lon="-115.35512333"><ele>1312.0</ele><time>2022-10-10T19:30:52.465Z</time></trkpt><trkpt lat="51.07345333" lon="-115.355105"><ele>1312.0</ele><time>2022-10-10T19:30:53.465Z</time></trkpt><trkpt lat="51.07345333" lon="-115.35508833"><ele>1312.0</ele><time>2022-10-10T19:30:54.465Z</time></trkpt><trkpt lat="51.07345167" lon="-115.35507167"><ele>1312.0</ele><time>2022-10-10T19:30:55.464Z</time></trkpt><trkpt lat="51.07345167" lon="-115.355055"><ele>1312.0</ele><time>2022-10-10T19:30:56.465Z</time></trkpt><trkpt lat="51.07345167" lon="-115.35503833"><ele>1312.0</ele><time>2022-10-10T19:30:57.465Z</time></trkpt><trkpt lat="51.07345333" lon="-115.35502167"><ele>1312.0</ele><time>2022-10-10T19:30:58.465Z</time></trkpt><trkpt lat="51.073455" lon="-115.355005"><ele>1312.0</ele><time>2022-10-10T19:30:59.464Z</time></trkpt><trkpt lat="51.07346333" lon="-115.35498667"><ele>1312.0</ele><time>2022-10-10T19:31:00.465Z</time></trkpt><trkpt lat="51.07347167" lon="-115.35497333"><ele>1312.0</ele><time>2022-10-10T19:31:01.465Z</time></trkpt><trkpt lat="51.07347833" lon="-115.35496333"><ele>1312.0</ele><time>2022-10-10T19:31:02.465Z</time></trkpt><trkpt lat="51.073485" lon="-115.35494833"><ele>1312.0</ele><time>2022-10-10T19:31:03.465Z</time></trkpt><trkpt lat="51.07349167" lon="-115.35493"><ele>1313.0</ele><time>2022-10-10T19:31:04.464Z</time></trkpt><trkpt lat="51.07349833" lon="-115.35491333"><ele>1313.0</ele><time>2022-10-10T19:31:05.465Z</time></trkpt><trkpt lat="51.07350667" lon="-115.3549"><ele>1313.0</ele><time>2022-10-10T19:31:06.465Z</time></trkpt><trkpt lat="51.073515" lon="-115.35489"><ele>1313.0</ele><time>2022-10-10T19:31:07.465Z</time></trkpt><trkpt lat="51.073525" lon="-115.35488167"><ele>1314.0</ele><time>2022-10-10T19:31:08.464Z</time></trkpt><trkpt lat="51.07353167" lon="-115.354875"><ele>1314.0</ele><time>2022-10-10T19:31:09.464Z</time></trkpt><trkpt lat="51.07354333" lon="-115.35486167"><ele>1315.0</ele><time>2022-10-10T19:31:10.465Z</time></trkpt><trkpt lat="51.07355333" lon="-115.35485"><ele>1315.0</ele><time>2022-10-10T19:31:11.465Z</time></trkpt><trkpt lat="51.07356167" lon="-115.35484333"><ele>1315.0</ele><time>2022-10-10T19:31:12.465Z</time></trkpt><trkpt lat="51.07356667" lon="-115.35483667"><ele>1315.0</ele><time>2022-10-10T19:31:13.464Z</time></trkpt><trkpt lat="51.07357" lon="-115.35483"><ele>1315.0</ele><time>2022-10-10T19:31:14.465Z</time></trkpt><trkpt lat="51.07358" lon="-115.35482167"><ele>1315.0</ele><time>2022-10-10T19:31:15.465Z</time></trkpt><trkpt lat="51.07359167" lon="-115.35480833"><ele>1315.0</ele><time>2022-10-10T19:31:16.465Z</time></trkpt><trkpt lat="51.07360667" lon="-115.354795"><ele>1315.0</ele><time>2022-10-10T19:31:17.465Z</time></trkpt><trkpt lat="51.07362" lon="-115.35478167"><ele>1315.0</ele><time>2022-10-10T19:31:18.464Z</time></trkpt><trkpt lat="51.07363333" lon="-115.35476833"><ele>1315.0</ele><time>2022-10-10T19:31:19.465Z</time></trkpt><trkpt lat="51.07364" lon="-115.35475667"><ele>1316.0</ele><time>2022-10-10T19:31:20.465Z</time></trkpt><trkpt lat="51.073645" lon="-115.354745"><ele>1316.0</ele><time>2022-10-10T19:31:21.465Z</time></trkpt><trkpt lat="51.07364833" lon="-115.354735"><ele>1316.0</ele><time>2022-10-10T19:31:22.464Z</time></trkpt><trkpt lat="51.073655" lon="-115.35471833"><ele>1316.0</ele><time>2022-10-10T19:31:23.465Z</time></trkpt><trkpt lat="51.07366333" lon="-115.35470167"><ele>1316.0</ele><time>2022-10-10T19:31:24.465Z</time></trkpt><trkpt lat="51.07367167" lon="-115.35467667"><ele>1316.0</ele><time>2022-10-10T19:31:25.465Z</time></trkpt><trkpt lat="51.07368" lon="-115.35465333"><ele>1316.0</ele><time>2022-10-10T19:31:26.464Z</time></trkpt><trkpt lat="51.073685" lon="-115.35463"><ele>1316.0</ele><time>2022-10-10T19:31:27.464Z</time></trkpt><trkpt lat="51.073695" lon="-115.35460667"><ele>1316.0</ele><time>2022-10-10T19:31:28.465Z</time></trkpt><trkpt lat="51.073705" lon="-115.35458667"><ele>1315.0</ele><time>2022-10-10T19:31:29.465Z</time></trkpt><trkpt lat="51.073705" lon="-115.35457"><ele>1316.0</ele><time>2022-10-10T19:31:30.465Z</time></trkpt><trkpt lat="51.07370667" lon="-115.354555"><ele>1316.0</ele><time>2022-10-10T19:31:31.464Z</time></trkpt><trkpt lat="51.073715" lon="-115.35453667"><ele>1316.0</ele><time>2022-10-10T19:31:32.464Z</time></trkpt><trkpt lat="51.07371667" lon="-115.35451833"><ele>1316.0</ele><time>2022-10-10T19:31:33.465Z</time></trkpt><trkpt lat="51.07372" lon="-115.35450167"><ele>1316.0</ele><time>2022-10-10T19:31:34.465Z</time></trkpt><trkpt lat="51.07372667" lon="-115.35448167"><ele>1317.0</ele><time>2022-10-10T19:31:35.465Z</time></trkpt><trkpt lat="51.07372667" lon="-115.35446833"><ele>1317.0</ele><time>2022-10-10T19:31:36.464Z</time></trkpt><trkpt lat="51.07373167" lon="-115.35445333"><ele>1317.0</ele><time>2022-10-10T19:31:37.465Z</time></trkpt><trkpt lat="51.07374" lon="-115.35443167"><ele>1317.0</ele><time>2022-10-10T19:31:38.465Z</time></trkpt><trkpt lat="51.07373667" lon="-115.35440833"><ele>1317.0</ele><time>2022-10-10T19:31:39.465Z</time></trkpt><trkpt lat="51.07374" lon="-115.35439"><ele>1317.0</ele><time>2022-10-10T19:31:40.465Z</time></trkpt><trkpt lat="51.07374667" lon="-115.35436333"><ele>1316.0</ele><time>2022-10-10T19:31:41.465Z</time></trkpt><trkpt lat="51.07375167" lon="-115.35434667"><ele>1316.0</ele><time>2022-10-10T19:31:42.465Z</time></trkpt><trkpt lat="51.07375333" lon="-115.35433"><ele>1316.0</ele><time>2022-10-10T19:31:43.465Z</time></trkpt><trkpt lat="51.07375833" lon="-115.35431333"><ele>1315.0</ele><time>2022-10-10T19:31:44.465Z</time></trkpt><trkpt lat="51.07376333" lon="-115.354295"><ele>1316.0</ele><time>2022-10-10T19:31:45.464Z</time></trkpt><trkpt lat="51.07376667" lon="-115.35427667"><ele>1316.0</ele><time>2022-10-10T19:31:46.465Z</time></trkpt><trkpt lat="51.07376833" lon="-115.35425833"><ele>1316.0</ele><time>2022-10-10T19:31:47.465Z</time></trkpt><trkpt lat="51.07377333" lon="-115.35424"><ele>1317.0</ele><time>2022-10-10T19:31:48.465Z</time></trkpt><trkpt lat="51.073775" lon="-115.35422333"><ele>1317.0</ele><time>2022-10-10T19:31:49.464Z</time></trkpt><trkpt lat="51.07378" lon="-115.354205"><ele>1318.0</ele><time>2022-10-10T19:31:50.465Z</time></trkpt><trkpt lat="51.07378333" lon="-115.35418"><ele>1318.0</ele><time>2022-10-10T19:31:51.465Z</time></trkpt><trkpt lat="51.073785" lon="-115.35415667"><ele>1318.0</ele><time>2022-10-10T19:31:52.465Z</time></trkpt><trkpt lat="51.07378667" lon="-115.35413833"><ele>1318.0</ele><time>2022-10-10T19:31:53.464Z</time></trkpt><trkpt lat="51.07379" lon="-115.35412167"><ele>1317.0</ele><time>2022-10-10T19:31:54.464Z</time></trkpt><trkpt lat="51.07379333" lon="-115.35410333"><ele>1317.0</ele><time>2022-10-10T19:31:55.465Z</time></trkpt><trkpt lat="51.07380167" lon="-115.35408"><ele>1318.0</ele><time>2022-10-10T19:31:56.465Z</time></trkpt><trkpt lat="51.07380833" lon="-115.354055"><ele>1318.0</ele><time>2022-10-10T19:31:57.464Z</time></trkpt><trkpt lat="51.07380833" lon="-115.354035"><ele>1318.0</ele><time>2022-10-10T19:31:58.465Z</time></trkpt><trkpt lat="51.07380833" lon="-115.354015"><ele>1318.0</ele><time>2022-10-10T19:31:59.465Z</time></trkpt><trkpt lat="51.07381333" lon="-115.35399167"><ele>1318.0</ele><time>2022-10-10T19:32:00.465Z</time></trkpt><trkpt lat="51.07381667" lon="-115.35397333"><ele>1319.0</ele><time>2022-10-10T19:32:01.465Z</time></trkpt><trkpt lat="51.07381667" lon="-115.35395167"><ele>1319.0</ele><time>2022-10-10T19:32:02.465Z</time></trkpt><trkpt lat="51.07381333" lon="-115.35393"><ele>1319.0</ele><time>2022-10-10T19:32:03.465Z</time></trkpt><trkpt lat="51.073815" lon="-115.35391333"><ele>1319.0</ele><time>2022-10-10T19:32:04.464Z</time></trkpt><trkpt lat="51.073815" lon="-115.35389667"><ele>1319.0</ele><time>2022-10-10T19:32:05.465Z</time></trkpt><trkpt lat="51.073815" lon="-115.35388167"><ele>1319.0</ele><time>2022-10-10T19:32:06.465Z</time></trkpt><trkpt lat="51.07381333" lon="-115.35386333"><ele>1319.0</ele><time>2022-10-10T19:32:07.465Z</time></trkpt><trkpt lat="51.073815" lon="-115.35384667"><ele>1319.0</ele><time>2022-10-10T19:32:08.465Z</time></trkpt><trkpt lat="51.07382167" lon="-115.35383"><ele>1319.0</ele><time>2022-10-10T19:32:09.465Z</time></trkpt><trkpt lat="51.07382" lon="-115.35381333"><ele>1319.0</ele><time>2022-10-10T19:32:10.465Z</time></trkpt><trkpt lat="51.07382" lon="-115.35379833"><ele>1319.0</ele><time>2022-10-10T19:32:11.464Z</time></trkpt><trkpt lat="51.07381833" lon="-115.35378167"><ele>1319.0</ele><time>2022-10-10T19:32:12.464Z</time></trkpt><trkpt lat="51.07381833" lon="-115.353765"><ele>1319.0</ele><time>2022-10-10T19:32:13.464Z</time></trkpt><trkpt lat="51.07381833" lon="-115.35375"><ele>1319.0</ele><time>2022-10-10T19:32:14.464Z</time></trkpt><trkpt lat="51.073815" lon="-115.35373167"><ele>1318.0</ele><time>2022-10-10T19:32:15.464Z</time></trkpt><trkpt lat="51.073815" lon="-115.35371333"><ele>1318.0</ele><time>2022-10-10T19:32:16.464Z</time></trkpt><trkpt lat="51.07381167" lon="-115.35369833"><ele>1318.0</ele><time>2022-10-10T19:32:17.465Z</time></trkpt><trkpt lat="51.07381167" lon="-115.35368333"><ele>1317.0</ele><time>2022-10-10T19:32:18.465Z</time></trkpt><trkpt lat="51.07381" lon="-115.35366"><ele>1316.0</ele><time>2022-10-10T19:32:19.465Z</time></trkpt><trkpt lat="51.07380833" lon="-115.35364833"><ele>1316.0</ele><time>2022-10-10T19:32:20.464Z</time></trkpt><trkpt lat="51.07381" lon="-115.35362833"><ele>1316.0</ele><time>2022-10-10T19:32:21.465Z</time></trkpt><trkpt lat="51.07381" lon="-115.35360667"><ele>1315.0</ele><time>2022-10-10T19:32:22.465Z</time></trkpt><trkpt lat="51.07381" lon="-115.35358667"><ele>1315.0</ele><time>2022-10-10T19:32:23.464Z</time></trkpt><trkpt lat="51.07381167" lon="-115.35356667"><ele>1315.0</ele><time>2022-10-10T19:32:24.465Z</time></trkpt><trkpt lat="51.07381167" lon="-115.353545"><ele>1315.0</ele><time>2022-10-10T19:32:25.465Z</time></trkpt><trkpt lat="51.07381167" lon="-115.35352667"><ele>1314.0</ele><time>2022-10-10T19:32:26.464Z</time></trkpt><trkpt lat="51.073815" lon="-115.35351"><ele>1314.0</ele><time>2022-10-10T19:32:27.465Z</time></trkpt><trkpt lat="51.07381333" lon="-115.35349333"><ele>1314.0</ele><time>2022-10-10T19:32:28.465Z</time></trkpt><trkpt lat="51.07381167" lon="-115.35347833"><ele>1314.0</ele><time>2022-10-10T19:32:29.464Z</time></trkpt><trkpt lat="51.07381167" lon="-115.35345833"><ele>1314.0</ele><time>2022-10-10T19:32:30.465Z</time></trkpt><trkpt lat="51.07381167" lon="-115.35344"><ele>1315.0</ele><time>2022-10-10T19:32:31.465Z</time></trkpt><trkpt lat="51.07381167" lon="-115.35342167"><ele>1315.0</ele><time>2022-10-10T19:32:32.465Z</time></trkpt><trkpt lat="51.07381" lon="-115.35340333"><ele>1315.0</ele><time>2022-10-10T19:32:33.465Z</time></trkpt><trkpt lat="51.07381" lon="-115.35338833"><ele>1315.0</ele><time>2022-10-10T19:32:34.465Z</time></trkpt><trkpt lat="51.07381333" lon="-115.35337"><ele>1316.0</ele><time>2022-10-10T19:32:35.464Z</time></trkpt><trkpt lat="51.07381833" lon="-115.35335167"><ele>1316.0</ele><time>2022-10-10T19:32:36.464Z</time></trkpt><trkpt lat="51.07381833" lon="-115.35334"><ele>1315.0</ele><time>2022-10-10T19:32:37.464Z</time></trkpt><trkpt lat="51.07381667" lon="-115.35333"><ele>1315.0</ele><time>2022-10-10T19:32:38.464Z</time></trkpt><trkpt lat="51.073815" lon="-115.35332167"><ele>1314.0</ele><time>2022-10-10T19:32:39.464Z</time></trkpt><trkpt lat="51.07381333" lon="-115.35331333"><ele>1314.0</ele><time>2022-10-10T19:32:40.464Z</time></trkpt><trkpt lat="51.07381167" lon="-115.35331"><ele>1313.0</ele><time>2022-10-10T19:32:41.464Z</time></trkpt><trkpt lat="51.07381333" lon="-115.353305"><ele>1312.0</ele><time>2022-10-10T19:32:42.464Z</time></trkpt><trkpt lat="51.073815" lon="-115.35330167"><ele>1312.0</ele><time>2022-10-10T19:32:43.465Z</time></trkpt><trkpt lat="51.07381333" lon="-115.35329167"><ele>1312.0</ele><time>2022-10-10T19:32:44.464Z</time></trkpt><trkpt lat="51.0738" lon="-115.35327833"><ele>1311.0</ele><time>2022-10-10T19:32:45.464Z</time></trkpt><trkpt lat="51.07378833" lon="-115.35326667"><ele>1311.0</ele><time>2022-10-10T19:32:46.465Z</time></trkpt><trkpt lat="51.07378833" lon="-115.35326333"><ele>1311.0</ele><time>2022-10-10T19:32:47.465Z</time></trkpt><trkpt lat="51.07378833" lon="-115.35325333"><ele>1311.0</ele><time>2022-10-10T19:32:48.465Z</time></trkpt><trkpt lat="51.07378667" lon="-115.35324167"><ele>1312.0</ele><time>2022-10-10T19:32:49.465Z</time></trkpt><trkpt lat="51.07378333" lon="-115.35322667"><ele>1312.0</ele><time>2022-10-10T19:32:50.465Z</time></trkpt><trkpt lat="51.07378" lon="-115.35321167"><ele>1313.0</ele><time>2022-10-10T19:32:51.464Z</time></trkpt><trkpt lat="51.073775" lon="-115.35320333"><ele>1313.0</ele><time>2022-10-10T19:32:52.465Z</time></trkpt><trkpt lat="51.07377" lon="-115.35318833"><ele>1314.0</ele><time>2022-10-10T19:32:53.465Z</time></trkpt><trkpt lat="51.073765" lon="-115.353175"><ele>1315.0</ele><time>2022-10-10T19:32:54.464Z</time></trkpt><trkpt lat="51.07376167" lon="-115.35315667"><ele>1316.0</ele><time>2022-10-10T19:32:55.465Z</time></trkpt><trkpt lat="51.07375833" lon="-115.35314"><ele>1316.0</ele><time>2022-10-10T19:32:56.465Z</time></trkpt><trkpt lat="51.07375667" lon="-115.35312167"><ele>1316.0</ele><time>2022-10-10T19:32:57.464Z</time></trkpt><trkpt lat="51.07375333" lon="-115.35310333"><ele>1316.0</ele><time>2022-10-10T19:32:58.465Z</time></trkpt><trkpt lat="51.07374833" lon="-115.35308667"><ele>1316.0</ele><time>2022-10-10T19:32:59.465Z</time></trkpt><trkpt lat="51.07374333" lon="-115.35307"><ele>1316.0</ele><time>2022-10-10T19:33:00.465Z</time></trkpt><trkpt lat="51.073735" lon="-115.35305333"><ele>1316.0</ele><time>2022-10-10T19:33:01.464Z</time></trkpt><trkpt lat="51.07373" lon="-115.35303833"><ele>1317.0</ele><time>2022-10-10T19:33:02.465Z</time></trkpt><trkpt lat="51.073725" lon="-115.35302167"><ele>1317.0</ele><time>2022-10-10T19:33:03.465Z</time></trkpt><trkpt lat="51.07371833" lon="-115.353"><ele>1318.0</ele><time>2022-10-10T19:33:04.464Z</time></trkpt><trkpt lat="51.073715" lon="-115.35298333"><ele>1318.0</ele><time>2022-10-10T19:33:05.464Z</time></trkpt><trkpt lat="51.07371" lon="-115.352965"><ele>1319.0</ele><time>2022-10-10T19:33:06.465Z</time></trkpt><trkpt lat="51.073705" lon="-115.35294833"><ele>1319.0</ele><time>2022-10-10T19:33:07.465Z</time></trkpt><trkpt lat="51.07369833" lon="-115.35293167"><ele>1320.0</ele><time>2022-10-10T19:33:08.465Z</time></trkpt><trkpt lat="51.07369167" lon="-115.35291667"><ele>1320.0</ele><time>2022-10-10T19:33:09.464Z</time></trkpt><trkpt lat="51.07368333" lon="-115.352905"><ele>1319.0</ele><time>2022-10-10T19:33:10.464Z</time></trkpt><trkpt lat="51.07367667" lon="-115.35289333"><ele>1319.0</ele><time>2022-10-10T19:33:11.464Z</time></trkpt><trkpt lat="51.07366833" lon="-115.35288333"><ele>1319.0</ele><time>2022-10-10T19:33:12.464Z</time></trkpt><trkpt lat="51.07365833" lon="-115.35287333"><ele>1319.0</ele><time>2022-10-10T19:33:13.464Z</time></trkpt><trkpt lat="51.07365" lon="-115.35285667"><ele>1319.0</ele><time>2022-10-10T19:33:14.464Z</time></trkpt><trkpt lat="51.07364333" lon="-115.35284167"><ele>1319.0</ele><time>2022-10-10T19:33:15.464Z</time></trkpt><trkpt lat="51.07363333" lon="-115.35283"><ele>1319.0</ele><time>2022-10-10T19:33:16.464Z</time></trkpt><trkpt lat="51.07362333" lon="-115.35282"><ele>1320.0</ele><time>2022-10-10T19:33:17.464Z</time></trkpt><trkpt lat="51.07361167" lon="-115.35280833"><ele>1320.0</ele><time>2022-10-10T19:33:18.465Z</time></trkpt><trkpt lat="51.07360167" lon="-115.35279833"><ele>1320.0</ele><time>2022-10-10T19:33:19.464Z</time></trkpt><trkpt lat="51.07359167" lon="-115.35278667"><ele>1321.0</ele><time>2022-10-10T19:33:20.465Z</time></trkpt><trkpt lat="51.07358167" lon="-115.35277667"><ele>1320.0</ele><time>2022-10-10T19:33:21.465Z</time></trkpt><trkpt lat="51.07357333" lon="-115.35277167"><ele>1320.0</ele><time>2022-10-10T19:33:22.464Z</time></trkpt><trkpt lat="51.07357333" lon="-115.352765"><ele>1320.0</ele><time>2022-10-10T19:33:23.465Z</time></trkpt><trkpt lat="51.07357667" lon="-115.35276167"><ele>1320.0</ele><time>2022-10-10T19:33:24.465Z</time></trkpt><trkpt lat="51.07357167" lon="-115.35276"><ele>1320.0</ele><time>2022-10-10T19:33:25.465Z</time></trkpt><trkpt lat="51.073565" lon="-115.35276"><ele>1320.0</ele><time>2022-10-10T19:33:26.464Z</time></trkpt><trkpt lat="51.073555" lon="-115.35275667"><ele>1320.0</ele><time>2022-10-10T19:33:27.465Z</time></trkpt><trkpt lat="51.073545" lon="-115.35274833"><ele>1320.0</ele><time>2022-10-10T19:33:28.465Z</time></trkpt><trkpt lat="51.073535" lon="-115.35273667"><ele>1321.0</ele><time>2022-10-10T19:33:29.465Z</time></trkpt><trkpt lat="51.07352667" lon="-115.352725"><ele>1321.0</ele><time>2022-10-10T19:33:30.464Z</time></trkpt><trkpt lat="51.073515" lon="-115.35271333"><ele>1321.0</ele><time>2022-10-10T19:33:31.465Z</time></trkpt><trkpt lat="51.07350167" lon="-115.352715"><ele>1321.0</ele><time>2022-10-10T19:33:32.465Z</time></trkpt><trkpt lat="51.07348833" lon="-115.35271"><ele>1321.0</ele><time>2022-10-10T19:33:33.464Z</time></trkpt><trkpt lat="51.07347667" lon="-115.35270333"><ele>1322.0</ele><time>2022-10-10T19:33:34.465Z</time></trkpt><trkpt lat="51.07346333" lon="-115.35269333"><ele>1322.0</ele><time>2022-10-10T19:33:35.465Z</time></trkpt><trkpt lat="51.07344833" lon="-115.35268333"><ele>1322.0</ele><time>2022-10-10T19:33:36.464Z</time></trkpt><trkpt lat="51.07343333" lon="-115.35266833"><ele>1322.0</ele><time>2022-10-10T19:33:37.465Z</time></trkpt><trkpt lat="51.07342833" lon="-115.35265667"><ele>1322.0</ele><time>2022-10-10T19:33:38.465Z</time></trkpt><trkpt lat="51.07342" lon="-115.35264833"><ele>1321.0</ele><time>2022-10-10T19:33:39.464Z</time></trkpt><trkpt lat="51.07341" lon="-115.35263667"><ele>1320.0</ele><time>2022-10-10T19:33:40.464Z</time></trkpt><trkpt lat="51.0734" lon="-115.352625"><ele>1320.0</ele><time>2022-10-10T19:33:41.465Z</time></trkpt><trkpt lat="51.07339167" lon="-115.352615"><ele>1319.0</ele><time>2022-10-10T19:33:42.465Z</time></trkpt><trkpt lat="51.07338167" lon="-115.35260333"><ele>1319.0</ele><time>2022-10-10T19:33:43.465Z</time></trkpt><trkpt lat="51.07337333" lon="-115.35259167"><ele>1319.0</ele><time>2022-10-10T19:33:44.465Z</time></trkpt><trkpt lat="51.07336333" lon="-115.35258"><ele>1318.0</ele><time>2022-10-10T19:33:45.465Z</time></trkpt><trkpt lat="51.07335333" lon="-115.35256667"><ele>1318.0</ele><time>2022-10-10T19:33:46.464Z</time></trkpt><trkpt lat="51.07334333" lon="-115.35255833"><ele>1318.0</ele><time>2022-10-10T19:33:47.465Z</time></trkpt><trkpt lat="51.07333333" lon="-115.35254833"><ele>1319.0</ele><time>2022-10-10T19:33:48.465Z</time></trkpt><trkpt lat="51.07332333" lon="-115.35254"><ele>1319.0</ele><time>2022-10-10T19:33:49.464Z</time></trkpt><trkpt lat="51.07331333" lon="-115.35253333"><ele>1319.0</ele><time>2022-10-10T19:33:50.465Z</time></trkpt><trkpt lat="51.073305" lon="-115.35252667"><ele>1319.0</ele><time>2022-10-10T19:33:51.465Z</time></trkpt><trkpt lat="51.073295" lon="-115.35252"><ele>1320.0</ele><time>2022-10-10T19:33:52.465Z</time></trkpt><trkpt lat="51.07328833" lon="-115.35250833"><ele>1320.0</ele><time>2022-10-10T19:33:53.465Z</time></trkpt><trkpt lat="51.07328" lon="-115.3525"><ele>1321.0</ele><time>2022-10-10T19:33:54.465Z</time></trkpt><trkpt lat="51.07326667" lon="-115.35249333"><ele>1321.0</ele><time>2022-10-10T19:33:55.465Z</time></trkpt><trkpt lat="51.07325333" lon="-115.35248833"><ele>1321.0</ele><time>2022-10-10T19:33:56.464Z</time></trkpt><trkpt lat="51.07324" lon="-115.35248333"><ele>1321.0</ele><time>2022-10-10T19:33:57.465Z</time></trkpt><trkpt lat="51.07322667" lon="-115.352475"><ele>1320.0</ele><time>2022-10-10T19:33:58.465Z</time></trkpt><trkpt lat="51.073215" lon="-115.352465"><ele>1320.0</ele><time>2022-10-10T19:33:59.464Z</time></trkpt><trkpt lat="51.07321" lon="-115.35244833"><ele>1320.0</ele><time>2022-10-10T19:34:00.465Z</time></trkpt><trkpt lat="51.07320167" lon="-115.35243"><ele>1320.0</ele><time>2022-10-10T19:34:01.465Z</time></trkpt><trkpt lat="51.07319333" lon="-115.35241667"><ele>1320.0</ele><time>2022-10-10T19:34:02.465Z</time></trkpt><trkpt lat="51.073185" lon="-115.35241"><ele>1320.0</ele><time>2022-10-10T19:34:03.464Z</time></trkpt><trkpt lat="51.073175" lon="-115.3524"><ele>1320.0</ele><time>2022-10-10T19:34:04.464Z</time></trkpt><trkpt lat="51.073165" lon="-115.35238833"><ele>1319.0</ele><time>2022-10-10T19:34:05.465Z</time></trkpt><trkpt lat="51.07315333" lon="-115.35238"><ele>1319.0</ele><time>2022-10-10T19:34:06.464Z</time></trkpt><trkpt lat="51.07314167" lon="-115.35236833"><ele>1318.0</ele><time>2022-10-10T19:34:07.465Z</time></trkpt><trkpt lat="51.07313333" lon="-115.352355"><ele>1317.0</ele><time>2022-10-10T19:34:08.465Z</time></trkpt><trkpt lat="51.07312667" lon="-115.35234"><ele>1317.0</ele><time>2022-10-10T19:34:09.464Z</time></trkpt><trkpt lat="51.07312" lon="-115.35232833"><ele>1316.0</ele><time>2022-10-10T19:34:10.465Z</time></trkpt><trkpt lat="51.07310833" lon="-115.35231667"><ele>1316.0</ele><time>2022-10-10T19:34:11.465Z</time></trkpt><trkpt lat="51.07309833" lon="-115.35230667"><ele>1316.0</ele><time>2022-10-10T19:34:12.465Z</time></trkpt><trkpt lat="51.07308667" lon="-115.352295"><ele>1316.0</ele><time>2022-10-10T19:34:13.465Z</time></trkpt><trkpt lat="51.07307667" lon="-115.35228167"><ele>1316.0</ele><time>2022-10-10T19:34:14.464Z</time></trkpt><trkpt lat="51.073065" lon="-115.35226833"><ele>1316.0</ele><time>2022-10-10T19:34:15.465Z</time></trkpt><trkpt lat="51.07305667" lon="-115.35225333"><ele>1316.0</ele><time>2022-10-10T19:34:16.464Z</time></trkpt><trkpt lat="51.07305" lon="-115.35224167"><ele>1316.0</ele><time>2022-10-10T19:34:17.465Z</time></trkpt><trkpt lat="51.07304" lon="-115.35223"><ele>1316.0</ele><time>2022-10-10T19:34:18.465Z</time></trkpt><trkpt lat="51.073035" lon="-115.352215"><ele>1316.0</ele><time>2022-10-10T19:34:19.464Z</time></trkpt><trkpt lat="51.07302667" lon="-115.35220333"><ele>1316.0</ele><time>2022-10-10T19:34:20.464Z</time></trkpt><trkpt lat="51.07302" lon="-115.35219"><ele>1316.0</ele><time>2022-10-10T19:34:21.465Z</time></trkpt><trkpt lat="51.07301" lon="-115.35217667"><ele>1316.0</ele><time>2022-10-10T19:34:22.465Z</time></trkpt><trkpt lat="51.073005" lon="-115.35216"><ele>1317.0</ele><time>2022-10-10T19:34:23.464Z</time></trkpt><trkpt lat="51.07299667" lon="-115.35214167"><ele>1318.0</ele><time>2022-10-10T19:34:24.465Z</time></trkpt><trkpt lat="51.07299167" lon="-115.35212167"><ele>1318.0</ele><time>2022-10-10T19:34:25.465Z</time></trkpt><trkpt lat="51.072985" lon="-115.352105"><ele>1318.0</ele><time>2022-10-10T19:34:26.465Z</time></trkpt><trkpt lat="51.07297667" lon="-115.35209167"><ele>1319.0</ele><time>2022-10-10T19:34:27.465Z</time></trkpt><trkpt lat="51.07296833" lon="-115.35207667"><ele>1318.0</ele><time>2022-10-10T19:34:28.465Z</time></trkpt><trkpt lat="51.07296" lon="-115.35206333"><ele>1318.0</ele><time>2022-10-10T19:34:29.465Z</time></trkpt><trkpt lat="51.07294833" lon="-115.35205167"><ele>1319.0</ele><time>2022-10-10T19:34:30.464Z</time></trkpt><trkpt lat="51.07294167" lon="-115.35203167"><ele>1319.0</ele><time>2022-10-10T19:34:31.465Z</time></trkpt><trkpt lat="51.07293667" lon="-115.35201667"><ele>1319.0</ele><time>2022-10-10T19:34:32.465Z</time></trkpt><trkpt lat="51.07293167" lon="-115.35199833"><ele>1319.0</ele><time>2022-10-10T19:34:33.464Z</time></trkpt><trkpt lat="51.07292333" lon="-115.35199"><ele>1319.0</ele><time>2022-10-10T19:34:34.465Z</time></trkpt><trkpt lat="51.07291833" lon="-115.35197333"><ele>1319.0</ele><time>2022-10-10T19:34:35.465Z</time></trkpt><trkpt lat="51.07291167" lon="-115.35195833"><ele>1319.0</ele><time>2022-10-10T19:34:36.464Z</time></trkpt><trkpt lat="51.072905" lon="-115.35194333"><ele>1319.0</ele><time>2022-10-10T19:34:37.464Z</time></trkpt><trkpt lat="51.07289833" lon="-115.35192833"><ele>1320.0</ele><time>2022-10-10T19:34:38.464Z</time></trkpt><trkpt lat="51.07289333" lon="-115.35191333"><ele>1320.0</ele><time>2022-10-10T19:34:39.464Z</time></trkpt><trkpt lat="51.07288833" lon="-115.35189833"><ele>1321.0</ele><time>2022-10-10T19:34:40.465Z</time></trkpt><trkpt lat="51.07288333" lon="-115.35188167"><ele>1321.0</ele><time>2022-10-10T19:34:41.464Z</time></trkpt><trkpt lat="51.07287833" lon="-115.351865"><ele>1321.0</ele><time>2022-10-10T19:34:42.465Z</time></trkpt><trkpt lat="51.07287667" lon="-115.35184667"><ele>1321.0</ele><time>2022-10-10T19:34:43.465Z</time></trkpt><trkpt lat="51.07287333" lon="-115.35183"><ele>1321.0</ele><time>2022-10-10T19:34:44.464Z</time></trkpt><trkpt lat="51.07287" lon="-115.351815"><ele>1320.0</ele><time>2022-10-10T19:34:45.465Z</time></trkpt><trkpt lat="51.07286333" lon="-115.35180167"><ele>1320.0</ele><time>2022-10-10T19:34:46.465Z</time></trkpt><trkpt lat="51.07285667" lon="-115.351785"><ele>1320.0</ele><time>2022-10-10T19:34:47.464Z</time></trkpt><trkpt lat="51.07284833" lon="-115.35177167"><ele>1320.0</ele><time>2022-10-10T19:34:48.465Z</time></trkpt><trkpt lat="51.07283833" lon="-115.35176"><ele>1320.0</ele><time>2022-10-10T19:34:49.465Z</time></trkpt><trkpt lat="51.07283167" lon="-115.35174667"><ele>1320.0</ele><time>2022-10-10T19:34:50.465Z</time></trkpt><trkpt lat="51.07282833" lon="-115.35172667"><ele>1320.0</ele><time>2022-10-10T19:34:51.464Z</time></trkpt><trkpt lat="51.07282167" lon="-115.35171167"><ele>1319.0</ele><time>2022-10-10T19:34:52.465Z</time></trkpt><trkpt lat="51.07281667" lon="-115.351695"><ele>1319.0</ele><time>2022-10-10T19:34:53.465Z</time></trkpt><trkpt lat="51.07281" lon="-115.35167833"><ele>1319.0</ele><time>2022-10-10T19:34:54.465Z</time></trkpt><trkpt lat="51.07280667" lon="-115.35166333"><ele>1318.0</ele><time>2022-10-10T19:34:55.465Z</time></trkpt><trkpt lat="51.0728" lon="-115.35164667"><ele>1318.0</ele><time>2022-10-10T19:34:56.464Z</time></trkpt><trkpt lat="51.072795" lon="-115.35163"><ele>1318.0</ele><time>2022-10-10T19:34:57.465Z</time></trkpt><trkpt lat="51.07278833" lon="-115.35161333"><ele>1317.0</ele><time>2022-10-10T19:34:58.465Z</time></trkpt><trkpt lat="51.07278333" lon="-115.35159667"><ele>1317.0</ele><time>2022-10-10T19:34:59.465Z</time></trkpt><trkpt lat="51.07277667" lon="-115.35158167"><ele>1317.0</ele><time>2022-10-10T19:35:00.465Z</time></trkpt><trkpt lat="51.07277167" lon="-115.35156833"><ele>1317.0</ele><time>2022-10-10T19:35:01.465Z</time></trkpt><trkpt lat="51.072765" lon="-115.35155333"><ele>1317.0</ele><time>2022-10-10T19:35:02.465Z</time></trkpt><trkpt lat="51.07275833" lon="-115.35153833"><ele>1317.0</ele><time>2022-10-10T19:35:03.465Z</time></trkpt><trkpt lat="51.07274667" lon="-115.35152"><ele>1317.0</ele><time>2022-10-10T19:35:04.465Z</time></trkpt><trkpt lat="51.07273833" lon="-115.35150667"><ele>1317.0</ele><time>2022-10-10T19:35:05.465Z</time></trkpt><trkpt lat="51.07273" lon="-115.35149333"><ele>1316.0</ele><time>2022-10-10T19:35:06.464Z</time></trkpt><trkpt lat="51.07272167" lon="-115.35148167"><ele>1316.0</ele><time>2022-10-10T19:35:07.465Z</time></trkpt><trkpt lat="51.07271333" lon="-115.35146833"><ele>1316.0</ele><time>2022-10-10T19:35:08.465Z</time></trkpt><trkpt lat="51.07270333" lon="-115.35145167"><ele>1315.0</ele><time>2022-10-10T19:35:09.465Z</time></trkpt><trkpt lat="51.07269833" lon="-115.35144167"><ele>1315.0</ele><time>2022-10-10T19:35:10.464Z</time></trkpt><trkpt lat="51.07269" lon="-115.35142833"><ele>1314.0</ele><time>2022-10-10T19:35:11.465Z</time></trkpt><trkpt lat="51.072685" lon="-115.35141667"><ele>1314.0</ele><time>2022-10-10T19:35:12.464Z</time></trkpt><trkpt lat="51.07267833" lon="-115.35140333"><ele>1314.0</ele><time>2022-10-10T19:35:13.465Z</time></trkpt><trkpt lat="51.07267" lon="-115.351395"><ele>1313.0</ele><time>2022-10-10T19:35:14.465Z</time></trkpt><trkpt lat="51.07266167" lon="-115.351385"><ele>1313.0</ele><time>2022-10-10T19:35:15.465Z</time></trkpt><trkpt lat="51.07265167" lon="-115.351375"><ele>1313.0</ele><time>2022-10-10T19:35:16.464Z</time></trkpt><trkpt lat="51.07264167" lon="-115.351365"><ele>1313.0</ele><time>2022-10-10T19:35:17.464Z</time></trkpt><trkpt lat="51.07263" lon="-115.35135833"><ele>1313.0</ele><time>2022-10-10T19:35:18.465Z</time></trkpt><trkpt lat="51.07261833" lon="-115.35135167"><ele>1313.0</ele><time>2022-10-10T19:35:19.465Z</time></trkpt><trkpt lat="51.07260667" lon="-115.35134333"><ele>1314.0</ele><time>2022-10-10T19:35:20.465Z</time></trkpt><trkpt lat="51.07259667" lon="-115.35133333"><ele>1314.0</ele><time>2022-10-10T19:35:21.464Z</time></trkpt><trkpt lat="51.07258667" lon="-115.35132667"><ele>1314.0</ele><time>2022-10-10T19:35:22.465Z</time></trkpt><trkpt lat="51.072575" lon="-115.35132167"><ele>1314.0</ele><time>2022-10-10T19:35:23.465Z</time></trkpt><trkpt lat="51.072565" lon="-115.35131167"><ele>1314.0</ele><time>2022-10-10T19:35:24.465Z</time></trkpt><trkpt lat="51.07255667" lon="-115.35130333"><ele>1314.0</ele><time>2022-10-10T19:35:25.465Z</time></trkpt><trkpt lat="51.07254667" lon="-115.35129667"><ele>1314.0</ele><time>2022-10-10T19:35:26.465Z</time></trkpt><trkpt lat="51.07253667" lon="-115.35128833"><ele>1314.0</ele><time>2022-10-10T19:35:27.464Z</time></trkpt><trkpt lat="51.07252667" lon="-115.35128167"><ele>1314.0</ele><time>2022-10-10T19:35:28.465Z</time></trkpt><trkpt lat="51.07251667" lon="-115.35127167"><ele>1313.0</ele><time>2022-10-10T19:35:29.465Z</time></trkpt><trkpt lat="51.07250333" lon="-115.351265"><ele>1313.0</ele><time>2022-10-10T19:35:30.465Z</time></trkpt><trkpt lat="51.07249" lon="-115.35126"><ele>1313.0</ele><time>2022-10-10T19:35:31.465Z</time></trkpt><trkpt lat="51.07248333" lon="-115.35124833"><ele>1313.0</ele><time>2022-10-10T19:35:32.464Z</time></trkpt><trkpt lat="51.072475" lon="-115.35124"><ele>1313.0</ele><time>2022-10-10T19:35:33.465Z</time></trkpt><trkpt lat="51.07246333" lon="-115.35123333"><ele>1313.0</ele><time>2022-10-10T19:35:34.465Z</time></trkpt><trkpt lat="51.07245167" lon="-115.351225"><ele>1313.0</ele><time>2022-10-10T19:35:35.465Z</time></trkpt><trkpt lat="51.07244167" lon="-115.351215"><ele>1313.0</ele><time>2022-10-10T19:35:36.464Z</time></trkpt><trkpt lat="51.07243333" lon="-115.35120167"><ele>1313.0</ele><time>2022-10-10T19:35:37.465Z</time></trkpt><trkpt lat="51.07242333" lon="-115.35118667"><ele>1313.0</ele><time>2022-10-10T19:35:38.465Z</time></trkpt><trkpt lat="51.07241167" lon="-115.35117667"><ele>1314.0</ele><time>2022-10-10T19:35:39.465Z</time></trkpt><trkpt lat="51.07239833" lon="-115.35116833"><ele>1314.0</ele><time>2022-10-10T19:35:40.464Z</time></trkpt><trkpt lat="51.07239" lon="-115.35116167"><ele>1315.0</ele><time>2022-10-10T19:35:41.464Z</time></trkpt><trkpt lat="51.07238" lon="-115.35115"><ele>1315.0</ele><time>2022-10-10T19:35:42.465Z</time></trkpt><trkpt lat="51.07237" lon="-115.351135"><ele>1315.0</ele><time>2022-10-10T19:35:43.465Z</time></trkpt><trkpt lat="51.07236" lon="-115.351125"><ele>1316.0</ele><time>2022-10-10T19:35:44.465Z</time></trkpt><trkpt lat="51.07235167" lon="-115.35111667"><ele>1316.0</ele><time>2022-10-10T19:35:45.465Z</time></trkpt><trkpt lat="51.07234333" lon="-115.35110667"><ele>1316.0</ele><time>2022-10-10T19:35:46.464Z</time></trkpt><trkpt lat="51.072335" lon="-115.35109667"><ele>1316.0</ele><time>2022-10-10T19:35:47.464Z</time></trkpt><trkpt lat="51.07232667" lon="-115.35108667"><ele>1316.0</ele><time>2022-10-10T19:35:48.464Z</time></trkpt><trkpt lat="51.07231667" lon="-115.35107667"><ele>1317.0</ele><time>2022-10-10T19:35:49.464Z</time></trkpt><trkpt lat="51.07230833" lon="-115.351065"><ele>1317.0</ele><time>2022-10-10T19:35:50.464Z</time></trkpt><trkpt lat="51.07229833" lon="-115.35105333"><ele>1318.0</ele><time>2022-10-10T19:35:51.464Z</time></trkpt><trkpt lat="51.07228833" lon="-115.351045"><ele>1319.0</ele><time>2022-10-10T19:35:52.465Z</time></trkpt><trkpt lat="51.072275" lon="-115.351035"><ele>1320.0</ele><time>2022-10-10T19:35:53.465Z</time></trkpt><trkpt lat="51.07226333" lon="-115.35102667"><ele>1320.0</ele><time>2022-10-10T19:35:54.464Z</time></trkpt><trkpt lat="51.07225333" lon="-115.35101667"><ele>1321.0</ele><time>2022-10-10T19:35:55.465Z</time></trkpt><trkpt lat="51.07224333" lon="-115.35100667"><ele>1321.0</ele><time>2022-10-10T19:35:56.465Z</time></trkpt><trkpt lat="51.072235" lon="-115.35099833"><ele>1321.0</ele><time>2022-10-10T19:35:57.465Z</time></trkpt><trkpt lat="51.07222667" lon="-115.35098833"><ele>1322.0</ele><time>2022-10-10T19:35:58.464Z</time></trkpt><trkpt lat="51.07221667" lon="-115.35098333"><ele>1322.0</ele><time>2022-10-10T19:35:59.465Z</time></trkpt><trkpt lat="51.07220833" lon="-115.35097667"><ele>1322.0</ele><time>2022-10-10T19:36:00.465Z</time></trkpt><trkpt lat="51.07219833" lon="-115.35096833"><ele>1322.0</ele><time>2022-10-10T19:36:01.465Z</time></trkpt><trkpt lat="51.07218667" lon="-115.35096167"><ele>1322.0</ele><time>2022-10-10T19:36:02.465Z</time></trkpt><trkpt lat="51.07217833" lon="-115.35095167"><ele>1321.0</ele><time>2022-10-10T19:36:03.464Z</time></trkpt><trkpt lat="51.07216667" lon="-115.35094333"><ele>1321.0</ele><time>2022-10-10T19:36:04.465Z</time></trkpt><trkpt lat="51.07215667" lon="-115.35093167"><ele>1321.0</ele><time>2022-10-10T19:36:05.465Z</time></trkpt><trkpt lat="51.07214833" lon="-115.35091833"><ele>1321.0</ele><time>2022-10-10T19:36:06.465Z</time></trkpt><trkpt lat="51.07214" lon="-115.35090667"><ele>1321.0</ele><time>2022-10-10T19:36:07.464Z</time></trkpt><trkpt lat="51.072135" lon="-115.35089167"><ele>1321.0</ele><time>2022-10-10T19:36:08.465Z</time></trkpt><trkpt lat="51.07213167" lon="-115.35088"><ele>1321.0</ele><time>2022-10-10T19:36:09.464Z</time></trkpt><trkpt lat="51.072125" lon="-115.35087"><ele>1321.0</ele><time>2022-10-10T19:36:10.465Z</time></trkpt><trkpt lat="51.07211667" lon="-115.35086"><ele>1321.0</ele><time>2022-10-10T19:36:11.465Z</time></trkpt><trkpt lat="51.07210833" lon="-115.35084833"><ele>1321.0</ele><time>2022-10-10T19:36:12.465Z</time></trkpt><trkpt lat="51.07209833" lon="-115.350835"><ele>1321.0</ele><time>2022-10-10T19:36:13.465Z</time></trkpt><trkpt lat="51.07209" lon="-115.35082333"><ele>1320.0</ele><time>2022-10-10T19:36:14.465Z</time></trkpt><trkpt lat="51.07208333" lon="-115.350815"><ele>1320.0</ele><time>2022-10-10T19:36:15.465Z</time></trkpt><trkpt lat="51.07207667" lon="-115.35080167"><ele>1320.0</ele><time>2022-10-10T19:36:16.465Z</time></trkpt><trkpt lat="51.07207167" lon="-115.35079"><ele>1319.0</ele><time>2022-10-10T19:36:17.464Z</time></trkpt><trkpt lat="51.07205667" lon="-115.35077833"><ele>1320.0</ele><time>2022-10-10T19:36:18.464Z</time></trkpt><trkpt lat="51.07204333" lon="-115.35076667"><ele>1320.0</ele><time>2022-10-10T19:36:19.464Z</time></trkpt><trkpt lat="51.07203333" lon="-115.35075667"><ele>1320.0</ele><time>2022-10-10T19:36:20.464Z</time></trkpt><trkpt lat="51.072025" lon="-115.350745"><ele>1320.0</ele><time>2022-10-10T19:36:21.464Z</time></trkpt><trkpt lat="51.07201833" lon="-115.35073333"><ele>1319.0</ele><time>2022-10-10T19:36:22.464Z</time></trkpt><trkpt lat="51.07201167" lon="-115.35072"><ele>1319.0</ele><time>2022-10-10T19:36:23.464Z</time></trkpt><trkpt lat="51.072005" lon="-115.35070833"><ele>1318.0</ele><time>2022-10-10T19:36:24.464Z</time></trkpt><trkpt lat="51.07199833" lon="-115.35069833"><ele>1318.0</ele><time>2022-10-10T19:36:25.464Z</time></trkpt><trkpt lat="51.07199" lon="-115.350685"><ele>1317.0</ele><time>2022-10-10T19:36:26.465Z</time></trkpt><trkpt lat="51.07198" lon="-115.35067833"><ele>1317.0</ele><time>2022-10-10T19:36:27.465Z</time></trkpt><trkpt lat="51.07197167" lon="-115.35066667"><ele>1317.0</ele><time>2022-10-10T19:36:28.465Z</time></trkpt><trkpt lat="51.071965" lon="-115.35065167"><ele>1317.0</ele><time>2022-10-10T19:36:29.465Z</time></trkpt><trkpt lat="51.07195667" lon="-115.35063667"><ele>1317.0</ele><time>2022-10-10T19:36:30.465Z</time></trkpt><trkpt lat="51.07194833" lon="-115.35062333"><ele>1317.0</ele><time>2022-10-10T19:36:31.465Z</time></trkpt><trkpt lat="51.07194333" lon="-115.35060833"><ele>1316.0</ele><time>2022-10-10T19:36:32.464Z</time></trkpt><trkpt lat="51.07193667" lon="-115.35059333"><ele>1316.0</ele><time>2022-10-10T19:36:33.464Z</time></trkpt><trkpt lat="51.07192833" lon="-115.35058"><ele>1315.0</ele><time>2022-10-10T19:36:34.465Z</time></trkpt><trkpt lat="51.07192167" lon="-115.350565"><ele>1315.0</ele><time>2022-10-10T19:36:35.465Z</time></trkpt><trkpt lat="51.07191333" lon="-115.35055"><ele>1315.0</ele><time>2022-10-10T19:36:36.464Z</time></trkpt><trkpt lat="51.07190333" lon="-115.35053833"><ele>1315.0</ele><time>2022-10-10T19:36:37.464Z</time></trkpt><trkpt lat="51.07189167" lon="-115.35052667"><ele>1316.0</ele><time>2022-10-10T19:36:38.465Z</time></trkpt><trkpt lat="51.07188167" lon="-115.35051333"><ele>1316.0</ele><time>2022-10-10T19:36:39.465Z</time></trkpt><trkpt lat="51.07187167" lon="-115.3505"><ele>1316.0</ele><time>2022-10-10T19:36:40.465Z</time></trkpt><trkpt lat="51.071865" lon="-115.350485"><ele>1316.0</ele><time>2022-10-10T19:36:41.464Z</time></trkpt><trkpt lat="51.07185833" lon="-115.35047"><ele>1317.0</ele><time>2022-10-10T19:36:42.464Z</time></trkpt><trkpt lat="51.07185" lon="-115.35045667"><ele>1317.0</ele><time>2022-10-10T19:36:43.464Z</time></trkpt><trkpt lat="51.07184167" lon="-115.350445"><ele>1317.0</ele><time>2022-10-10T19:36:44.465Z</time></trkpt><trkpt lat="51.07183333" lon="-115.35043"><ele>1317.0</ele><time>2022-10-10T19:36:45.465Z</time></trkpt><trkpt lat="51.07182333" lon="-115.35042"><ele>1317.0</ele><time>2022-10-10T19:36:46.465Z</time></trkpt><trkpt lat="51.07181333" lon="-115.35040833"><ele>1317.0</ele><time>2022-10-10T19:36:47.464Z</time></trkpt><trkpt lat="51.07180833" lon="-115.350395"><ele>1317.0</ele><time>2022-10-10T19:36:48.465Z</time></trkpt><trkpt lat="51.07180167" lon="-115.35037833"><ele>1317.0</ele><time>2022-10-10T19:36:49.464Z</time></trkpt><trkpt lat="51.07179667" lon="-115.35036667"><ele>1317.0</ele><time>2022-10-10T19:36:50.465Z</time></trkpt><trkpt lat="51.07178667" lon="-115.35035667"><ele>1317.0</ele><time>2022-10-10T19:36:51.465Z</time></trkpt><trkpt lat="51.07178167" lon="-115.35034333"><ele>1317.0</ele><time>2022-10-10T19:36:52.465Z</time></trkpt><trkpt lat="51.071775" lon="-115.35032833"><ele>1317.0</ele><time>2022-10-10T19:36:53.465Z</time></trkpt><trkpt lat="51.07177" lon="-115.35031167"><ele>1317.0</ele><time>2022-10-10T19:36:54.465Z</time></trkpt><trkpt lat="51.07176333" lon="-115.35029667"><ele>1318.0</ele><time>2022-10-10T19:36:55.465Z</time></trkpt><trkpt lat="51.071755" lon="-115.35028167"><ele>1318.0</ele><time>2022-10-10T19:36:56.465Z</time></trkpt><trkpt lat="51.07174333" lon="-115.35027"><ele>1319.0</ele><time>2022-10-10T19:36:57.465Z</time></trkpt><trkpt lat="51.07173333" lon="-115.35026"><ele>1320.0</ele><time>2022-10-10T19:36:58.465Z</time></trkpt><trkpt lat="51.07172333" lon="-115.35024833"><ele>1320.0</ele><time>2022-10-10T19:36:59.465Z</time></trkpt><trkpt lat="51.07171667" lon="-115.35023667"><ele>1321.0</ele><time>2022-10-10T19:37:00.465Z</time></trkpt><trkpt lat="51.07171" lon="-115.350225"><ele>1321.0</ele><time>2022-10-10T19:37:01.465Z</time></trkpt><trkpt lat="51.07170167" lon="-115.35021333"><ele>1321.0</ele><time>2022-10-10T19:37:02.465Z</time></trkpt><trkpt lat="51.07169" lon="-115.35020333"><ele>1321.0</ele><time>2022-10-10T19:37:03.465Z</time></trkpt><trkpt lat="51.071675" lon="-115.35019"><ele>1321.0</ele><time>2022-10-10T19:37:04.465Z</time></trkpt><trkpt lat="51.07166833" lon="-115.35017167"><ele>1320.0</ele><time>2022-10-10T19:37:05.465Z</time></trkpt><trkpt lat="51.07166" lon="-115.35015667"><ele>1320.0</ele><time>2022-10-10T19:37:06.464Z</time></trkpt><trkpt lat="51.071655" lon="-115.35014167"><ele>1320.0</ele><time>2022-10-10T19:37:07.464Z</time></trkpt><trkpt lat="51.07164833" lon="-115.35012667"><ele>1319.0</ele><time>2022-10-10T19:37:08.465Z</time></trkpt><trkpt lat="51.07164" lon="-115.350115"><ele>1318.0</ele><time>2022-10-10T19:37:09.464Z</time></trkpt><trkpt lat="51.07163167" lon="-115.3501"><ele>1317.0</ele><time>2022-10-10T19:37:10.465Z</time></trkpt><trkpt lat="51.07162" lon="-115.35009"><ele>1317.0</ele><time>2022-10-10T19:37:11.465Z</time></trkpt><trkpt lat="51.07161333" lon="-115.35007833"><ele>1317.0</ele><time>2022-10-10T19:37:12.465Z</time></trkpt><trkpt lat="51.07160333" lon="-115.35007"><ele>1317.0</ele><time>2022-10-10T19:37:13.465Z</time></trkpt><trkpt lat="51.07159333" lon="-115.350065"><ele>1317.0</ele><time>2022-10-10T19:37:14.465Z</time></trkpt><trkpt lat="51.07158333" lon="-115.35005667"><ele>1317.0</ele><time>2022-10-10T19:37:15.465Z</time></trkpt><trkpt lat="51.07157833" lon="-115.35004667"><ele>1317.0</ele><time>2022-10-10T19:37:16.465Z</time></trkpt><trkpt lat="51.07157" lon="-115.350035"><ele>1317.0</ele><time>2022-10-10T19:37:17.465Z</time></trkpt><trkpt lat="51.07156" lon="-115.350025"><ele>1316.0</ele><time>2022-10-10T19:37:18.465Z</time></trkpt><trkpt lat="51.07155167" lon="-115.35001667"><ele>1316.0</ele><time>2022-10-10T19:37:19.464Z</time></trkpt><trkpt lat="51.07154167" lon="-115.35000667"><ele>1315.0</ele><time>2022-10-10T19:37:20.465Z</time></trkpt><trkpt lat="51.07152833" lon="-115.34999667"><ele>1315.0</ele><time>2022-10-10T19:37:21.465Z</time></trkpt><trkpt lat="51.07150333" lon="-115.34999667"><ele>1315.0</ele><time>2022-10-10T19:37:22.465Z</time></trkpt><trkpt lat="51.07149" lon="-115.34999167"><ele>1315.0</ele><time>2022-10-10T19:37:23.465Z</time></trkpt><trkpt lat="51.07148" lon="-115.34998167"><ele>1315.0</ele><time>2022-10-10T19:37:24.465Z</time></trkpt><trkpt lat="51.07146833" lon="-115.34997"><ele>1315.0</ele><time>2022-10-10T19:37:25.465Z</time></trkpt><trkpt lat="51.07146167" lon="-115.34995667"><ele>1316.0</ele><time>2022-10-10T19:37:26.465Z</time></trkpt><trkpt lat="51.07145167" lon="-115.34994333"><ele>1316.0</ele><time>2022-10-10T19:37:27.465Z</time></trkpt><trkpt lat="51.071445" lon="-115.34993333"><ele>1316.0</ele><time>2022-10-10T19:37:28.465Z</time></trkpt><trkpt lat="51.07143833" lon="-115.349925"><ele>1316.0</ele><time>2022-10-10T19:37:29.464Z</time></trkpt><trkpt lat="51.07143" lon="-115.34991833"><ele>1316.0</ele><time>2022-10-10T19:37:30.465Z</time></trkpt><trkpt lat="51.07141833" lon="-115.34991333"><ele>1317.0</ele><time>2022-10-10T19:37:31.465Z</time></trkpt><trkpt lat="51.07141" lon="-115.34990333"><ele>1317.0</ele><time>2022-10-10T19:37:32.465Z</time></trkpt><trkpt lat="51.07139833" lon="-115.34989333"><ele>1317.0</ele><time>2022-10-10T19:37:33.465Z</time></trkpt><trkpt lat="51.07139" lon="-115.349885"><ele>1318.0</ele><time>2022-10-10T19:37:34.464Z</time></trkpt><trkpt lat="51.07138333" lon="-115.34987333"><ele>1318.0</ele><time>2022-10-10T19:37:35.465Z</time></trkpt><trkpt lat="51.07137667" lon="-115.34985833"><ele>1318.0</ele><time>2022-10-10T19:37:36.465Z</time></trkpt><trkpt lat="51.07136667" lon="-115.34985667"><ele>1318.0</ele><time>2022-10-10T19:37:37.465Z</time></trkpt><trkpt lat="51.07135833" lon="-115.34985"><ele>1317.0</ele><time>2022-10-10T19:37:38.465Z</time></trkpt><trkpt lat="51.07134833" lon="-115.34984167"><ele>1317.0</ele><time>2022-10-10T19:37:39.464Z</time></trkpt><trkpt lat="51.07133833" lon="-115.349835"><ele>1317.0</ele><time>2022-10-10T19:37:40.465Z</time></trkpt><trkpt lat="51.07133" lon="-115.34982833"><ele>1317.0</ele><time>2022-10-10T19:37:41.464Z</time></trkpt><trkpt lat="51.07132167" lon="-115.34982"><ele>1317.0</ele><time>2022-10-10T19:37:42.465Z</time></trkpt><trkpt lat="51.07131333" lon="-115.34981167"><ele>1317.0</ele><time>2022-10-10T19:37:43.465Z</time></trkpt><trkpt lat="51.07130667" lon="-115.349805"><ele>1317.0</ele><time>2022-10-10T19:37:44.464Z</time></trkpt><trkpt lat="51.07129667" lon="-115.3498"><ele>1317.0</ele><time>2022-10-10T19:37:45.465Z</time></trkpt><trkpt lat="51.07128833" lon="-115.349795"><ele>1317.0</ele><time>2022-10-10T19:37:46.465Z</time></trkpt><trkpt lat="51.07127833" lon="-115.34979333"><ele>1317.0</ele><time>2022-10-10T19:37:47.464Z</time></trkpt><trkpt lat="51.07126833" lon="-115.34978833"><ele>1317.0</ele><time>2022-10-10T19:37:48.465Z</time></trkpt><trkpt lat="51.07125667" lon="-115.34978333"><ele>1317.0</ele><time>2022-10-10T19:37:49.464Z</time></trkpt><trkpt lat="51.07124333" lon="-115.34978"><ele>1317.0</ele><time>2022-10-10T19:37:50.464Z</time></trkpt><trkpt lat="51.07123167" lon="-115.34977667"><ele>1317.0</ele><time>2022-10-10T19:37:51.465Z</time></trkpt><trkpt lat="51.07122167" lon="-115.34977333"><ele>1317.0</ele><time>2022-10-10T19:37:52.465Z</time></trkpt><trkpt lat="51.07120667" lon="-115.34977167"><ele>1317.0</ele><time>2022-10-10T19:37:53.465Z</time></trkpt><trkpt lat="51.07119333" lon="-115.34977"><ele>1317.0</ele><time>2022-10-10T19:37:54.465Z</time></trkpt><trkpt lat="51.07118167" lon="-115.34976667"><ele>1317.0</ele><time>2022-10-10T19:37:55.465Z</time></trkpt><trkpt lat="51.07117167" lon="-115.34976333"><ele>1316.0</ele><time>2022-10-10T19:37:56.464Z</time></trkpt><trkpt lat="51.07116167" lon="-115.34976"><ele>1316.0</ele><time>2022-10-10T19:37:57.464Z</time></trkpt><trkpt lat="51.07115" lon="-115.34975667"><ele>1316.0</ele><time>2022-10-10T19:37:58.464Z</time></trkpt><trkpt lat="51.07113833" lon="-115.34975333"><ele>1315.0</ele><time>2022-10-10T19:37:59.464Z</time></trkpt><trkpt lat="51.07112167" lon="-115.34974833"><ele>1315.0</ele><time>2022-10-10T19:38:00.465Z</time></trkpt><trkpt lat="51.07110667" lon="-115.34974167"><ele>1315.0</ele><time>2022-10-10T19:38:01.465Z</time></trkpt><trkpt lat="51.071095" lon="-115.34973167"><ele>1315.0</ele><time>2022-10-10T19:38:02.465Z</time></trkpt><trkpt lat="51.07108833" lon="-115.34972167"><ele>1315.0</ele><time>2022-10-10T19:38:03.465Z</time></trkpt><trkpt lat="51.07108" lon="-115.34971333"><ele>1314.0</ele><time>2022-10-10T19:38:04.465Z</time></trkpt><trkpt lat="51.07106833" lon="-115.34970667"><ele>1314.0</ele><time>2022-10-10T19:38:05.465Z</time></trkpt><trkpt lat="51.071055" lon="-115.34970333"><ele>1313.0</ele><time>2022-10-10T19:38:06.465Z</time></trkpt><trkpt lat="51.07104333" lon="-115.34969833"><ele>1313.0</ele><time>2022-10-10T19:38:07.464Z</time></trkpt><trkpt lat="51.07103333" lon="-115.34969"><ele>1313.0</ele><time>2022-10-10T19:38:08.465Z</time></trkpt><trkpt lat="51.071025" lon="-115.34968167"><ele>1313.0</ele><time>2022-10-10T19:38:09.465Z</time></trkpt><trkpt lat="51.071015" lon="-115.34967167"><ele>1313.0</ele><time>2022-10-10T19:38:10.465Z</time></trkpt><trkpt lat="51.07100667" lon="-115.349665"><ele>1313.0</ele><time>2022-10-10T19:38:11.465Z</time></trkpt><trkpt lat="51.071" lon="-115.34965"><ele>1314.0</ele><time>2022-10-10T19:38:12.465Z</time></trkpt><trkpt lat="51.07098667" lon="-115.34964333"><ele>1314.0</ele><time>2022-10-10T19:38:13.464Z</time></trkpt><trkpt lat="51.07097333" lon="-115.34964333"><ele>1315.0</ele><time>2022-10-10T19:38:14.465Z</time></trkpt><trkpt lat="51.07096" lon="-115.34964167"><ele>1315.0</ele><time>2022-10-10T19:38:15.465Z</time></trkpt><trkpt lat="51.07094833" lon="-115.34963667"><ele>1316.0</ele><time>2022-10-10T19:38:16.465Z</time></trkpt><trkpt lat="51.07093667" lon="-115.34963"><ele>1316.0</ele><time>2022-10-10T19:38:17.465Z</time></trkpt><trkpt lat="51.070925" lon="-115.349625"><ele>1317.0</ele><time>2022-10-10T19:38:18.464Z</time></trkpt><trkpt lat="51.07091167" lon="-115.34962333"><ele>1317.0</ele><time>2022-10-10T19:38:19.464Z</time></trkpt><trkpt lat="51.0709" lon="-115.34961833"><ele>1317.0</ele><time>2022-10-10T19:38:20.464Z</time></trkpt><trkpt lat="51.07089" lon="-115.34961667"><ele>1317.0</ele><time>2022-10-10T19:38:21.465Z</time></trkpt><trkpt lat="51.07087833" lon="-115.34961333"><ele>1317.0</ele><time>2022-10-10T19:38:22.465Z</time></trkpt><trkpt lat="51.07086667" lon="-115.34960833"><ele>1318.0</ele><time>2022-10-10T19:38:23.465Z</time></trkpt><trkpt lat="51.07085333" lon="-115.349605"><ele>1318.0</ele><time>2022-10-10T19:38:24.465Z</time></trkpt><trkpt lat="51.07084167" lon="-115.34960167"><ele>1318.0</ele><time>2022-10-10T19:38:25.465Z</time></trkpt><trkpt lat="51.07082833" lon="-115.34959833"><ele>1319.0</ele><time>2022-10-10T19:38:26.465Z</time></trkpt><trkpt lat="51.07082167" lon="-115.34960167"><ele>1319.0</ele><time>2022-10-10T19:38:27.465Z</time></trkpt><trkpt lat="51.070815" lon="-115.34961167"><ele>1319.0</ele><time>2022-10-10T19:38:28.465Z</time></trkpt><trkpt lat="51.07081" lon="-115.34962667"><ele>1319.0</ele><time>2022-10-10T19:38:29.465Z</time></trkpt><trkpt lat="51.07080833" lon="-115.34964167"><ele>1318.0</ele><time>2022-10-10T19:38:30.465Z</time></trkpt><trkpt lat="51.070805" lon="-115.34965667"><ele>1318.0</ele><time>2022-10-10T19:38:31.464Z</time></trkpt><trkpt lat="51.070805" lon="-115.34967333"><ele>1318.0</ele><time>2022-10-10T19:38:32.465Z</time></trkpt><trkpt lat="51.07079667" lon="-115.34969333"><ele>1318.0</ele><time>2022-10-10T19:38:33.465Z</time></trkpt><trkpt lat="51.0708" lon="-115.34971333"><ele>1318.0</ele><time>2022-10-10T19:38:34.465Z</time></trkpt><trkpt lat="51.07080667" lon="-115.34973"><ele>1317.0</ele><time>2022-10-10T19:38:35.465Z</time></trkpt><trkpt lat="51.07081333" lon="-115.34975"><ele>1317.0</ele><time>2022-10-10T19:38:36.464Z</time></trkpt><trkpt lat="51.07082167" lon="-115.34976667"><ele>1317.0</ele><time>2022-10-10T19:38:37.464Z</time></trkpt><trkpt lat="51.070825" lon="-115.34978833"><ele>1316.0</ele><time>2022-10-10T19:38:38.465Z</time></trkpt><trkpt lat="51.07082333" lon="-115.34980833"><ele>1316.0</ele><time>2022-10-10T19:38:39.465Z</time></trkpt><trkpt lat="51.07083" lon="-115.34983"><ele>1316.0</ele><time>2022-10-10T19:38:40.465Z</time></trkpt><trkpt lat="51.07083333" lon="-115.34984333"><ele>1315.0</ele><time>2022-10-10T19:38:41.465Z</time></trkpt><trkpt lat="51.07083833" lon="-115.34986"><ele>1315.0</ele><time>2022-10-10T19:38:42.464Z</time></trkpt><trkpt lat="51.07084167" lon="-115.34987333"><ele>1314.0</ele><time>2022-10-10T19:38:43.464Z</time></trkpt><trkpt lat="51.070845" lon="-115.34988667"><ele>1313.0</ele><time>2022-10-10T19:38:44.465Z</time></trkpt><trkpt lat="51.07085" lon="-115.3499"><ele>1313.0</ele><time>2022-10-10T19:38:45.465Z</time></trkpt><trkpt lat="51.070855" lon="-115.34991833"><ele>1312.0</ele><time>2022-10-10T19:38:46.465Z</time></trkpt><trkpt lat="51.07085833" lon="-115.34993667"><ele>1312.0</ele><time>2022-10-10T19:38:47.465Z</time></trkpt><trkpt lat="51.07086167" lon="-115.34995333"><ele>1311.0</ele><time>2022-10-10T19:38:48.464Z</time></trkpt><trkpt lat="51.07086667" lon="-115.34997167"><ele>1311.0</ele><time>2022-10-10T19:38:49.464Z</time></trkpt><trkpt lat="51.07087" lon="-115.34998833"><ele>1311.0</ele><time>2022-10-10T19:38:50.464Z</time></trkpt><trkpt lat="51.07087667" lon="-115.35000667"><ele>1311.0</ele><time>2022-10-10T19:38:51.465Z</time></trkpt><trkpt lat="51.07088167" lon="-115.350025"><ele>1310.0</ele><time>2022-10-10T19:38:52.464Z</time></trkpt><trkpt lat="51.070885" lon="-115.35004167"><ele>1309.0</ele><time>2022-10-10T19:38:53.464Z</time></trkpt><trkpt lat="51.07088833" lon="-115.35005833"><ele>1309.0</ele><time>2022-10-10T19:38:54.465Z</time></trkpt><trkpt lat="51.07089167" lon="-115.35007"><ele>1308.0</ele><time>2022-10-10T19:38:55.465Z</time></trkpt><trkpt lat="51.07089667" lon="-115.35008333"><ele>1308.0</ele><time>2022-10-10T19:38:56.465Z</time></trkpt><trkpt lat="51.0709" lon="-115.3501"><ele>1308.0</ele><time>2022-10-10T19:38:57.464Z</time></trkpt><trkpt lat="51.070905" lon="-115.35011667"><ele>1308.0</ele><time>2022-10-10T19:38:58.464Z</time></trkpt><trkpt lat="51.07090833" lon="-115.35013333"><ele>1308.0</ele><time>2022-10-10T19:38:59.464Z</time></trkpt><trkpt lat="51.07090833" lon="-115.35015333"><ele>1307.0</ele><time>2022-10-10T19:39:00.465Z</time></trkpt><trkpt lat="51.07091167" lon="-115.35017333"><ele>1307.0</ele><time>2022-10-10T19:39:01.465Z</time></trkpt><trkpt lat="51.07091667" lon="-115.35019"><ele>1306.0</ele><time>2022-10-10T19:39:02.465Z</time></trkpt><trkpt lat="51.07092167" lon="-115.35020333"><ele>1306.0</ele><time>2022-10-10T19:39:03.465Z</time></trkpt><trkpt lat="51.070925" lon="-115.35021833"><ele>1305.0</ele><time>2022-10-10T19:39:04.464Z</time></trkpt><trkpt lat="51.07092833" lon="-115.350235"><ele>1305.0</ele><time>2022-10-10T19:39:05.464Z</time></trkpt><trkpt lat="51.07093" lon="-115.35024833"><ele>1305.0</ele><time>2022-10-10T19:39:06.465Z</time></trkpt><trkpt lat="51.07093167" lon="-115.350265"><ele>1305.0</ele><time>2022-10-10T19:39:07.465Z</time></trkpt><trkpt lat="51.07093333" lon="-115.35028167"><ele>1305.0</ele><time>2022-10-10T19:39:08.465Z</time></trkpt><trkpt lat="51.07093167" lon="-115.35029833"><ele>1305.0</ele><time>2022-10-10T19:39:09.465Z</time></trkpt><trkpt lat="51.07093167" lon="-115.35031167"><ele>1305.0</ele><time>2022-10-10T19:39:10.464Z</time></trkpt><trkpt lat="51.07093167" lon="-115.350315"><ele>1306.0</ele><time>2022-10-10T19:39:11.465Z</time></trkpt><trkpt lat="51.07093333" lon="-115.35031333"><ele>1306.0</ele><time>2022-10-10T19:39:12.465Z</time></trkpt><trkpt lat="51.07093167" lon="-115.35031"><ele>1307.0</ele><time>2022-10-10T19:39:13.465Z</time></trkpt><trkpt lat="51.070935" lon="-115.35031"><ele>1308.0</ele><time>2022-10-10T19:39:14.465Z</time></trkpt><trkpt lat="51.07093833" lon="-115.35030833"><ele>1308.0</ele><time>2022-10-10T19:39:15.464Z</time></trkpt><trkpt lat="51.07093667" lon="-115.35031"><ele>1309.0</ele><time>2022-10-10T19:39:16.464Z</time></trkpt><trkpt lat="51.07093167" lon="-115.35031667"><ele>1309.0</ele><time>2022-10-10T19:39:17.465Z</time></trkpt><trkpt lat="51.07092833" lon="-115.35032167"><ele>1310.0</ele><time>2022-10-10T19:39:18.465Z</time></trkpt><trkpt lat="51.07092667" lon="-115.35032167"><ele>1310.0</ele><time>2022-10-10T19:39:19.465Z</time></trkpt><trkpt lat="51.07092667" lon="-115.35031667"><ele>1311.0</ele><time>2022-10-10T19:39:20.464Z</time></trkpt><trkpt lat="51.07092667" lon="-115.35031167"><ele>1311.0</ele><time>2022-10-10T19:39:21.465Z</time></trkpt><trkpt lat="51.07092333" lon="-115.35031"><ele>1311.0</ele><time>2022-10-10T19:39:22.465Z</time></trkpt><trkpt lat="51.07092167" lon="-115.35030333"><ele>1311.0</ele><time>2022-10-10T19:39:23.465Z</time></trkpt><trkpt lat="51.07092167" lon="-115.35030167"><ele>1311.0</ele><time>2022-10-10T19:39:24.465Z</time></trkpt><trkpt lat="51.07092333" lon="-115.35030167"><ele>1311.0</ele><time>2022-10-10T19:39:25.464Z</time></trkpt><trkpt lat="51.07092167" lon="-115.35030167"><ele>1311.0</ele><time>2022-10-10T19:39:26.465Z</time></trkpt><trkpt lat="51.07092167" lon="-115.35030333"><ele>1311.0</ele><time>2022-10-10T19:39:27.465Z</time></trkpt><trkpt lat="51.07092" lon="-115.35030167"><ele>1312.0</ele><time>2022-10-10T19:39:28.464Z</time></trkpt><trkpt lat="51.07091833" lon="-115.35030167"><ele>1312.0</ele><time>2022-10-10T19:39:29.465Z</time></trkpt><trkpt lat="51.07091833" lon="-115.35030333"><ele>1312.0</ele><time>2022-10-10T19:39:30.465Z</time></trkpt><trkpt lat="51.07091833" lon="-115.35030333"><ele>1311.0</ele><time>2022-10-10T19:39:31.465Z</time></trkpt><trkpt lat="51.07091833" lon="-115.350305"><ele>1311.0</ele><time>2022-10-10T19:39:32.465Z</time></trkpt><trkpt lat="51.07092" lon="-115.35030333"><ele>1311.0</ele><time>2022-10-10T19:39:33.465Z</time></trkpt><trkpt lat="51.07092" lon="-115.350305"><ele>1310.0</ele><time>2022-10-10T19:39:34.464Z</time></trkpt><trkpt lat="51.07092167" lon="-115.350305"><ele>1309.0</ele><time>2022-10-10T19:39:35.465Z</time></trkpt><trkpt lat="51.07092333" lon="-115.350305"><ele>1309.0</ele><time>2022-10-10T19:39:36.465Z</time></trkpt><trkpt lat="51.070925" lon="-115.35030333"><ele>1309.0</ele><time>2022-10-10T19:39:37.465Z</time></trkpt><trkpt lat="51.07092667" lon="-115.35030167"><ele>1308.0</ele><time>2022-10-10T19:39:38.465Z</time></trkpt><trkpt lat="51.07092833" lon="-115.35030333"><ele>1308.0</ele><time>2022-10-10T19:39:39.464Z</time></trkpt><trkpt lat="51.07092833" lon="-115.35030833"><ele>1308.0</ele><time>2022-10-10T19:39:40.465Z</time></trkpt><trkpt lat="51.07092667" lon="-115.350315"><ele>1308.0</ele><time>2022-10-10T19:39:41.465Z</time></trkpt><trkpt lat="51.07092667" lon="-115.35032"><ele>1309.0</ele><time>2022-10-10T19:39:42.465Z</time></trkpt><trkpt lat="51.07092333" lon="-115.350325"><ele>1309.0</ele><time>2022-10-10T19:39:43.465Z</time></trkpt><trkpt lat="51.07092" lon="-115.35033333"><ele>1309.0</ele><time>2022-10-10T19:39:44.465Z</time></trkpt><trkpt lat="51.070915" lon="-115.35033833"><ele>1309.0</ele><time>2022-10-10T19:39:45.464Z</time></trkpt><trkpt lat="51.07091" lon="-115.35034167"><ele>1310.0</ele><time>2022-10-10T19:39:46.464Z</time></trkpt><trkpt lat="51.07090333" lon="-115.35034833"><ele>1310.0</ele><time>2022-10-10T19:39:47.465Z</time></trkpt><trkpt lat="51.07089667" lon="-115.350355"><ele>1311.0</ele><time>2022-10-10T19:39:48.464Z</time></trkpt><trkpt lat="51.07089333" lon="-115.35036167"><ele>1311.0</ele><time>2022-10-10T19:39:49.465Z</time></trkpt><trkpt lat="51.07089167" lon="-115.35036167"><ele>1311.0</ele><time>2022-10-10T19:39:50.465Z</time></trkpt><trkpt lat="51.07089167" lon="-115.35036"><ele>1311.0</ele><time>2022-10-10T19:39:51.464Z</time></trkpt><trkpt lat="51.07089167" lon="-115.350365"><ele>1311.0</ele><time>2022-10-10T19:39:52.464Z</time></trkpt><trkpt lat="51.07089333" lon="-115.35036667"><ele>1311.0</ele><time>2022-10-10T19:39:53.465Z</time></trkpt><trkpt lat="51.07089" lon="-115.35036667"><ele>1312.0</ele><time>2022-10-10T19:39:54.465Z</time></trkpt><trkpt lat="51.07089" lon="-115.35036833"><ele>1312.0</ele><time>2022-10-10T19:39:55.464Z</time></trkpt><trkpt lat="51.07089167" lon="-115.35036833"><ele>1312.0</ele><time>2022-10-10T19:39:56.465Z</time></trkpt><trkpt lat="51.07089167" lon="-115.35036667"><ele>1312.0</ele><time>2022-10-10T19:39:57.465Z</time></trkpt><trkpt lat="51.07089" lon="-115.35036667"><ele>1311.0</ele><time>2022-10-10T19:39:58.465Z</time></trkpt><trkpt lat="51.07088833" lon="-115.350365"><ele>1311.0</ele><time>2022-10-10T19:39:59.465Z</time></trkpt><trkpt lat="51.07089" lon="-115.350365"><ele>1311.0</ele><time>2022-10-10T19:40:00.465Z</time></trkpt><trkpt lat="51.07089167" lon="-115.35036667"><ele>1311.0</ele><time>2022-10-10T19:40:01.465Z</time></trkpt><trkpt lat="51.07089167" lon="-115.35037333"><ele>1311.0</ele><time>2022-10-10T19:40:02.465Z</time></trkpt><trkpt lat="51.070895" lon="-115.35038167"><ele>1311.0</ele><time>2022-10-10T19:40:03.465Z</time></trkpt><trkpt lat="51.070895" lon="-115.350385"><ele>1311.0</ele><time>2022-10-10T19:40:04.465Z</time></trkpt><trkpt lat="51.0709" lon="-115.350395"><ele>1311.0</ele><time>2022-10-10T19:40:05.464Z</time></trkpt><trkpt lat="51.07090667" lon="-115.35040333"><ele>1311.0</ele><time>2022-10-10T19:40:06.464Z</time></trkpt><trkpt lat="51.07091333" lon="-115.350415"><ele>1311.0</ele><time>2022-10-10T19:40:07.465Z</time></trkpt><trkpt lat="51.07091667" lon="-115.35042667"><ele>1311.0</ele><time>2022-10-10T19:40:08.464Z</time></trkpt><trkpt lat="51.07092" lon="-115.35044167"><ele>1311.0</ele><time>2022-10-10T19:40:09.464Z</time></trkpt><trkpt lat="51.07092167" lon="-115.35045667"><ele>1310.0</ele><time>2022-10-10T19:40:10.464Z</time></trkpt><trkpt lat="51.07092" lon="-115.350475"><ele>1310.0</ele><time>2022-10-10T19:40:11.465Z</time></trkpt><trkpt lat="51.07092" lon="-115.35049"><ele>1310.0</ele><time>2022-10-10T19:40:12.465Z</time></trkpt><trkpt lat="51.07091833" lon="-115.350505"><ele>1311.0</ele><time>2022-10-10T19:40:13.464Z</time></trkpt><trkpt lat="51.07091667" lon="-115.35052167"><ele>1311.0</ele><time>2022-10-10T19:40:14.465Z</time></trkpt><trkpt lat="51.070915" lon="-115.35053833"><ele>1311.0</ele><time>2022-10-10T19:40:15.465Z</time></trkpt><trkpt lat="51.07091" lon="-115.35055667"><ele>1311.0</ele><time>2022-10-10T19:40:16.464Z</time></trkpt><trkpt lat="51.070905" lon="-115.350575"><ele>1312.0</ele><time>2022-10-10T19:40:17.464Z</time></trkpt><trkpt lat="51.0709" lon="-115.35059"><ele>1312.0</ele><time>2022-10-10T19:40:18.464Z</time></trkpt><trkpt lat="51.070895" lon="-115.35060667"><ele>1312.0</ele><time>2022-10-10T19:40:19.465Z</time></trkpt><trkpt lat="51.07089167" lon="-115.35061833"><ele>1312.0</ele><time>2022-10-10T19:40:20.464Z</time></trkpt><trkpt lat="51.07088833" lon="-115.35063333"><ele>1312.0</ele><time>2022-10-10T19:40:21.464Z</time></trkpt><trkpt lat="51.07088167" lon="-115.35065167"><ele>1312.0</ele><time>2022-10-10T19:40:22.464Z</time></trkpt><trkpt lat="51.07087667" lon="-115.35066667"><ele>1312.0</ele><time>2022-10-10T19:40:23.464Z</time></trkpt><trkpt lat="51.07087" lon="-115.35068"><ele>1312.0</ele><time>2022-10-10T19:40:24.465Z</time></trkpt><trkpt lat="51.07086333" lon="-115.35069333"><ele>1312.0</ele><time>2022-10-10T19:40:25.465Z</time></trkpt><trkpt lat="51.07085833" lon="-115.35070667"><ele>1311.0</ele><time>2022-10-10T19:40:26.465Z</time></trkpt><trkpt lat="51.07085" lon="-115.35071667"><ele>1311.0</ele><time>2022-10-10T19:40:27.465Z</time></trkpt><trkpt lat="51.070845" lon="-115.35073167"><ele>1311.0</ele><time>2022-10-10T19:40:28.464Z</time></trkpt><trkpt lat="51.07083667" lon="-115.350745"><ele>1311.0</ele><time>2022-10-10T19:40:29.464Z</time></trkpt><trkpt lat="51.07082833" lon="-115.35075667"><ele>1311.0</ele><time>2022-10-10T19:40:30.464Z</time></trkpt><trkpt lat="51.07082" lon="-115.35076333"><ele>1311.0</ele><time>2022-10-10T19:40:31.464Z</time></trkpt><trkpt lat="51.07081" lon="-115.35077167"><ele>1311.0</ele><time>2022-10-10T19:40:32.464Z</time></trkpt><trkpt lat="51.07080167" lon="-115.35077667"><ele>1311.0</ele><time>2022-10-10T19:40:33.465Z</time></trkpt><trkpt lat="51.07079333" lon="-115.350785"><ele>1310.0</ele><time>2022-10-10T19:40:34.464Z</time></trkpt><trkpt lat="51.07078333" lon="-115.35079"><ele>1310.0</ele><time>2022-10-10T19:40:35.465Z</time></trkpt><trkpt lat="51.07077167" lon="-115.350795"><ele>1309.0</ele><time>2022-10-10T19:40:36.465Z</time></trkpt><trkpt lat="51.07076167" lon="-115.35079833"><ele>1309.0</ele><time>2022-10-10T19:40:37.465Z</time></trkpt><trkpt lat="51.07075" lon="-115.35079833"><ele>1309.0</ele><time>2022-10-10T19:40:38.465Z</time></trkpt><trkpt lat="51.07073833" lon="-115.35079833"><ele>1309.0</ele><time>2022-10-10T19:40:39.465Z</time></trkpt><trkpt lat="51.07072667" lon="-115.35079333"><ele>1309.0</ele><time>2022-10-10T19:40:40.464Z</time></trkpt><trkpt lat="51.07072" lon="-115.35078667"><ele>1308.0</ele><time>2022-10-10T19:40:41.465Z</time></trkpt><trkpt lat="51.07071667" lon="-115.35077833"><ele>1308.0</ele><time>2022-10-10T19:40:42.465Z</time></trkpt><trkpt lat="51.070715" lon="-115.35076833"><ele>1308.0</ele><time>2022-10-10T19:40:43.464Z</time></trkpt><trkpt lat="51.07071167" lon="-115.35076"><ele>1308.0</ele><time>2022-10-10T19:40:44.465Z</time></trkpt><trkpt lat="51.07071" lon="-115.35075333"><ele>1308.0</ele><time>2022-10-10T19:40:45.465Z</time></trkpt><trkpt lat="51.07071" lon="-115.35074667"><ele>1308.0</ele><time>2022-10-10T19:40:46.465Z</time></trkpt><trkpt lat="51.07071333" lon="-115.35074"><ele>1308.0</ele><time>2022-10-10T19:40:47.465Z</time></trkpt><trkpt lat="51.07071667" lon="-115.35073667"><ele>1308.0</ele><time>2022-10-10T19:40:48.464Z</time></trkpt><trkpt lat="51.07071667" lon="-115.350735"><ele>1308.0</ele><time>2022-10-10T19:40:49.464Z</time></trkpt><trkpt lat="51.07072" lon="-115.35073333"><ele>1308.0</ele><time>2022-10-10T19:40:50.465Z</time></trkpt><trkpt lat="51.07072167" lon="-115.35073167"><ele>1308.0</ele><time>2022-10-10T19:40:51.465Z</time></trkpt><trkpt lat="51.07072167" lon="-115.35073167"><ele>1308.0</ele><time>2022-10-10T19:40:52.465Z</time></trkpt><trkpt lat="51.070725" lon="-115.35073"><ele>1309.0</ele><time>2022-10-10T19:40:53.465Z</time></trkpt><trkpt lat="51.07073" lon="-115.35072833"><ele>1308.0</ele><time>2022-10-10T19:40:54.465Z</time></trkpt><trkpt lat="51.07073" lon="-115.35072333"><ele>1308.0</ele><time>2022-10-10T19:40:55.464Z</time></trkpt><trkpt lat="51.07073" lon="-115.35072333"><ele>1308.0</ele><time>2022-10-10T19:40:56.465Z</time></trkpt><trkpt lat="51.07073" lon="-115.35072333"><ele>1308.0</ele><time>2022-10-10T19:40:57.465Z</time></trkpt><trkpt lat="51.07073167" lon="-115.35071833"><ele>1308.0</ele><time>2022-10-10T19:40:58.465Z</time></trkpt><trkpt lat="51.07073333" lon="-115.350715"><ele>1307.0</ele><time>2022-10-10T19:40:59.465Z</time></trkpt><trkpt lat="51.07073333" lon="-115.35071"><ele>1307.0</ele><time>2022-10-10T19:41:00.464Z</time></trkpt><trkpt lat="51.07073667" lon="-115.35070667"><ele>1306.0</ele><time>2022-10-10T19:41:01.464Z</time></trkpt><trkpt lat="51.07074" lon="-115.35070167"><ele>1305.0</ele><time>2022-10-10T19:41:02.465Z</time></trkpt><trkpt lat="51.07074167" lon="-115.350695"><ele>1305.0</ele><time>2022-10-10T19:41:03.465Z</time></trkpt><trkpt lat="51.07074167" lon="-115.35069167"><ele>1304.0</ele><time>2022-10-10T19:41:04.464Z</time></trkpt><trkpt lat="51.07074333" lon="-115.35068833"><ele>1302.0</ele><time>2022-10-10T19:41:05.465Z</time></trkpt><trkpt lat="51.07074" lon="-115.350685"><ele>1301.0</ele><time>2022-10-10T19:41:06.464Z</time></trkpt><trkpt lat="51.070735" lon="-115.350685"><ele>1301.0</ele><time>2022-10-10T19:41:07.465Z</time></trkpt><trkpt lat="51.070735" lon="-115.35068"><ele>1301.0</ele><time>2022-10-10T19:41:08.465Z</time></trkpt><trkpt lat="51.07073667" lon="-115.35068"><ele>1300.0</ele><time>2022-10-10T19:41:09.465Z</time></trkpt><trkpt lat="51.07073833" lon="-115.35067667"><ele>1300.0</ele><time>2022-10-10T19:41:10.465Z</time></trkpt><trkpt lat="51.07074" lon="-115.35067"><ele>1300.0</ele><time>2022-10-10T19:41:11.464Z</time></trkpt><trkpt lat="51.07074167" lon="-115.35066667"><ele>1300.0</ele><time>2022-10-10T19:41:12.464Z</time></trkpt><trkpt lat="51.07074167" lon="-115.350665"><ele>1300.0</ele><time>2022-10-10T19:41:13.465Z</time></trkpt><trkpt lat="51.07074167" lon="-115.35066667"><ele>1300.0</ele><time>2022-10-10T19:41:14.465Z</time></trkpt><trkpt lat="51.07074167" lon="-115.35066667"><ele>1300.0</ele><time>2022-10-10T19:41:15.465Z</time></trkpt><trkpt lat="51.07074167" lon="-115.35066833"><ele>1300.0</ele><time>2022-10-10T19:41:16.465Z</time></trkpt><trkpt lat="51.07074167" lon="-115.35066833"><ele>1301.0</ele><time>2022-10-10T19:41:17.464Z</time></trkpt><trkpt lat="51.07074333" lon="-115.35066667"><ele>1301.0</ele><time>2022-10-10T19:41:18.465Z</time></trkpt><trkpt lat="51.07074333" lon="-115.35066833"><ele>1301.0</ele><time>2022-10-10T19:41:19.465Z</time></trkpt><trkpt lat="51.07074167" lon="-115.350675"><ele>1302.0</ele><time>2022-10-10T19:41:20.465Z</time></trkpt><trkpt lat="51.07074167" lon="-115.35067333"><ele>1302.0</ele><time>2022-10-10T19:41:21.465Z</time></trkpt><trkpt lat="51.07074167" lon="-115.350675"><ele>1303.0</ele><time>2022-10-10T19:41:22.464Z</time></trkpt><trkpt lat="51.07074" lon="-115.35068"><ele>1303.0</ele><time>2022-10-10T19:41:23.464Z</time></trkpt><trkpt lat="51.07073833" lon="-115.35068667"><ele>1303.0</ele><time>2022-10-10T19:41:24.465Z</time></trkpt><trkpt lat="51.070735" lon="-115.35069333"><ele>1304.0</ele><time>2022-10-10T19:41:25.465Z</time></trkpt><trkpt lat="51.07073333" lon="-115.35070333"><ele>1304.0</ele><time>2022-10-10T19:41:26.465Z</time></trkpt><trkpt lat="51.07073167" lon="-115.35071167"><ele>1305.0</ele><time>2022-10-10T19:41:27.465Z</time></trkpt><trkpt lat="51.07072833" lon="-115.35072167"><ele>1305.0</ele><time>2022-10-10T19:41:28.464Z</time></trkpt><trkpt lat="51.07072167" lon="-115.350735"><ele>1305.0</ele><time>2022-10-10T19:41:29.464Z</time></trkpt><trkpt lat="51.07071667" lon="-115.35074667"><ele>1306.0</ele><time>2022-10-10T19:41:30.465Z</time></trkpt><trkpt lat="51.070715" lon="-115.35075667"><ele>1306.0</ele><time>2022-10-10T19:41:31.465Z</time></trkpt><trkpt lat="51.07071333" lon="-115.35076167"><ele>1306.0</ele><time>2022-10-10T19:41:32.465Z</time></trkpt><trkpt lat="51.07071" lon="-115.350765"><ele>1306.0</ele><time>2022-10-10T19:41:33.465Z</time></trkpt><trkpt lat="51.07070333" lon="-115.350765"><ele>1306.0</ele><time>2022-10-10T19:41:34.464Z</time></trkpt><trkpt lat="51.07069667" lon="-115.350765"><ele>1306.0</ele><time>2022-10-10T19:41:35.465Z</time></trkpt><trkpt lat="51.07068833" lon="-115.35076333"><ele>1306.0</ele><time>2022-10-10T19:41:36.465Z</time></trkpt><trkpt lat="51.07068167" lon="-115.35075833"><ele>1306.0</ele><time>2022-10-10T19:41:37.465Z</time></trkpt><trkpt lat="51.07067167" lon="-115.350755"><ele>1306.0</ele><time>2022-10-10T19:41:38.464Z</time></trkpt><trkpt lat="51.07066167" lon="-115.35075"><ele>1306.0</ele><time>2022-10-10T19:41:39.464Z</time></trkpt><trkpt lat="51.07065333" lon="-115.35073833"><ele>1306.0</ele><time>2022-10-10T19:41:40.465Z</time></trkpt><trkpt lat="51.07064" lon="-115.35072833"><ele>1307.0</ele><time>2022-10-10T19:41:41.465Z</time></trkpt><trkpt lat="51.07063167" lon="-115.35071667"><ele>1307.0</ele><time>2022-10-10T19:41:42.464Z</time></trkpt><trkpt lat="51.07062" lon="-115.35071167"><ele>1307.0</ele><time>2022-10-10T19:41:43.465Z</time></trkpt><trkpt lat="51.07061167" lon="-115.3507"><ele>1307.0</ele><time>2022-10-10T19:41:44.464Z</time></trkpt><trkpt lat="51.07060667" lon="-115.350685"><ele>1308.0</ele><time>2022-10-10T19:41:45.465Z</time></trkpt><trkpt lat="51.07060167" lon="-115.35067167"><ele>1308.0</ele><time>2022-10-10T19:41:46.465Z</time></trkpt><trkpt lat="51.070595" lon="-115.35065833"><ele>1308.0</ele><time>2022-10-10T19:41:47.465Z</time></trkpt><trkpt lat="51.07058667" lon="-115.350645"><ele>1308.0</ele><time>2022-10-10T19:41:48.464Z</time></trkpt><trkpt lat="51.07058" lon="-115.35063167"><ele>1308.0</ele><time>2022-10-10T19:41:49.464Z</time></trkpt><trkpt lat="51.070575" lon="-115.35061833"><ele>1308.0</ele><time>2022-10-10T19:41:50.464Z</time></trkpt><trkpt lat="51.07056833" lon="-115.350605"><ele>1308.0</ele><time>2022-10-10T19:41:51.465Z</time></trkpt><trkpt lat="51.07056333" lon="-115.35059167"><ele>1308.0</ele><time>2022-10-10T19:41:52.465Z</time></trkpt><trkpt lat="51.07054" lon="-115.35058667"><ele>1308.0</ele><time>2022-10-10T19:41:53.465Z</time></trkpt><trkpt lat="51.07053333" lon="-115.350575"><ele>1308.0</ele><time>2022-10-10T19:41:54.464Z</time></trkpt><trkpt lat="51.07052833" lon="-115.35056"><ele>1307.0</ele><time>2022-10-10T19:41:55.464Z</time></trkpt><trkpt lat="51.07052333" lon="-115.350545"><ele>1307.0</ele><time>2022-10-10T19:41:56.465Z</time></trkpt><trkpt lat="51.07052167" lon="-115.35053167"><ele>1307.0</ele><time>2022-10-10T19:41:57.465Z</time></trkpt><trkpt lat="51.07051833" lon="-115.35051333"><ele>1307.0</ele><time>2022-10-10T19:41:58.465Z</time></trkpt><trkpt lat="51.07051167" lon="-115.350495"><ele>1307.0</ele><time>2022-10-10T19:41:59.465Z</time></trkpt><trkpt lat="51.07050667" lon="-115.35047667"><ele>1307.0</ele><time>2022-10-10T19:42:00.464Z</time></trkpt><trkpt lat="51.07050333" lon="-115.35046"><ele>1306.0</ele><time>2022-10-10T19:42:01.464Z</time></trkpt><trkpt lat="51.07050167" lon="-115.35044"><ele>1306.0</ele><time>2022-10-10T19:42:02.464Z</time></trkpt><trkpt lat="51.07050167" lon="-115.35042"><ele>1306.0</ele><time>2022-10-10T19:42:03.465Z</time></trkpt><trkpt lat="51.07050667" lon="-115.35040167"><ele>1306.0</ele><time>2022-10-10T19:42:04.465Z</time></trkpt><trkpt lat="51.07051" lon="-115.35039"><ele>1306.0</ele><time>2022-10-10T19:42:05.465Z</time></trkpt><trkpt lat="51.07050833" lon="-115.35037167"><ele>1306.0</ele><time>2022-10-10T19:42:06.465Z</time></trkpt><trkpt lat="51.07050667" lon="-115.35035333"><ele>1306.0</ele><time>2022-10-10T19:42:07.464Z</time></trkpt><trkpt lat="51.0705" lon="-115.35033833"><ele>1306.0</ele><time>2022-10-10T19:42:08.465Z</time></trkpt><trkpt lat="51.07049667" lon="-115.35032"><ele>1306.0</ele><time>2022-10-10T19:42:09.465Z</time></trkpt><trkpt lat="51.07049333" lon="-115.35030167"><ele>1306.0</ele><time>2022-10-10T19:42:10.465Z</time></trkpt><trkpt lat="51.07049167" lon="-115.350285"><ele>1306.0</ele><time>2022-10-10T19:42:11.465Z</time></trkpt><trkpt lat="51.07048667" lon="-115.35027"><ele>1307.0</ele><time>2022-10-10T19:42:12.464Z</time></trkpt><trkpt lat="51.07048167" lon="-115.350255"><ele>1307.0</ele><time>2022-10-10T19:42:13.464Z</time></trkpt><trkpt lat="51.07048" lon="-115.35024167"><ele>1308.0</ele><time>2022-10-10T19:42:14.465Z</time></trkpt><trkpt lat="51.07047333" lon="-115.35023333"><ele>1308.0</ele><time>2022-10-10T19:42:15.465Z</time></trkpt><trkpt lat="51.07046333" lon="-115.35022167"><ele>1309.0</ele><time>2022-10-10T19:42:16.465Z</time></trkpt><trkpt lat="51.07045833" lon="-115.350205"><ele>1309.0</ele><time>2022-10-10T19:42:17.465Z</time></trkpt><trkpt lat="51.07045167" lon="-115.35019167"><ele>1309.0</ele><time>2022-10-10T19:42:18.465Z</time></trkpt><trkpt lat="51.070445" lon="-115.35018167"><ele>1309.0</ele><time>2022-10-10T19:42:19.465Z</time></trkpt><trkpt lat="51.07044167" lon="-115.35017"><ele>1309.0</ele><time>2022-10-10T19:42:20.465Z</time></trkpt><trkpt lat="51.07044" lon="-115.350165"><ele>1310.0</ele><time>2022-10-10T19:42:21.465Z</time></trkpt><trkpt lat="51.07043833" lon="-115.35016"><ele>1310.0</ele><time>2022-10-10T19:42:22.465Z</time></trkpt><trkpt lat="51.07043833" lon="-115.35015833"><ele>1310.0</ele><time>2022-10-10T19:42:23.464Z</time></trkpt><trkpt lat="51.07043833" lon="-115.35015833"><ele>1310.0</ele><time>2022-10-10T19:42:24.464Z</time></trkpt><trkpt lat="51.07044167" lon="-115.35015167"><ele>1310.0</ele><time>2022-10-10T19:42:25.465Z</time></trkpt><trkpt lat="51.07044" lon="-115.35015333"><ele>1310.0</ele><time>2022-10-10T19:42:26.465Z</time></trkpt><trkpt lat="51.07044167" lon="-115.350145"><ele>1311.0</ele><time>2022-10-10T19:42:27.465Z</time></trkpt><trkpt lat="51.07044" lon="-115.35013167"><ele>1311.0</ele><time>2022-10-10T19:42:28.465Z</time></trkpt><trkpt lat="51.070435" lon="-115.35012"><ele>1311.0</ele><time>2022-10-10T19:42:29.464Z</time></trkpt><trkpt lat="51.07043167" lon="-115.35010833"><ele>1311.0</ele><time>2022-10-10T19:42:30.464Z</time></trkpt><trkpt lat="51.07043" lon="-115.35009833"><ele>1310.0</ele><time>2022-10-10T19:42:31.465Z</time></trkpt><trkpt lat="51.07042833" lon="-115.35009333"><ele>1310.0</ele><time>2022-10-10T19:42:32.465Z</time></trkpt><trkpt lat="51.07042333" lon="-115.35009333"><ele>1310.0</ele><time>2022-10-10T19:42:33.465Z</time></trkpt><trkpt lat="51.07042" lon="-115.350095"><ele>1310.0</ele><time>2022-10-10T19:42:34.465Z</time></trkpt><trkpt lat="51.07042167" lon="-115.35009833"><ele>1310.0</ele><time>2022-10-10T19:42:35.465Z</time></trkpt><trkpt lat="51.07042" lon="-115.35009833"><ele>1310.0</ele><time>2022-10-10T19:42:36.464Z</time></trkpt><trkpt lat="51.07042" lon="-115.35009667"><ele>1310.0</ele><time>2022-10-10T19:42:37.465Z</time></trkpt><trkpt lat="51.07041667" lon="-115.350095"><ele>1309.0</ele><time>2022-10-10T19:42:38.465Z</time></trkpt><trkpt lat="51.07041167" lon="-115.3501"><ele>1309.0</ele><time>2022-10-10T19:42:39.465Z</time></trkpt><trkpt lat="51.07040667" lon="-115.35010333"><ele>1308.0</ele><time>2022-10-10T19:42:40.464Z</time></trkpt><trkpt lat="51.0704" lon="-115.350105"><ele>1308.0</ele><time>2022-10-10T19:42:41.464Z</time></trkpt><trkpt lat="51.070395" lon="-115.35011167"><ele>1308.0</ele><time>2022-10-10T19:42:42.465Z</time></trkpt><trkpt lat="51.07039" lon="-115.35011333"><ele>1308.0</ele><time>2022-10-10T19:42:43.465Z</time></trkpt><trkpt lat="51.07038667" lon="-115.35011667"><ele>1308.0</ele><time>2022-10-10T19:42:44.464Z</time></trkpt><trkpt lat="51.07038" lon="-115.35011333"><ele>1308.0</ele><time>2022-10-10T19:42:45.464Z</time></trkpt><trkpt lat="51.07037833" lon="-115.35009667"><ele>1308.0</ele><time>2022-10-10T19:42:46.465Z</time></trkpt><trkpt lat="51.070375" lon="-115.35007667"><ele>1308.0</ele><time>2022-10-10T19:42:47.465Z</time></trkpt><trkpt lat="51.070375" lon="-115.35005833"><ele>1308.0</ele><time>2022-10-10T19:42:48.465Z</time></trkpt><trkpt lat="51.07036833" lon="-115.350045"><ele>1308.0</ele><time>2022-10-10T19:42:49.465Z</time></trkpt><trkpt lat="51.07036" lon="-115.35002833"><ele>1308.0</ele><time>2022-10-10T19:42:50.464Z</time></trkpt><trkpt lat="51.07035333" lon="-115.350015"><ele>1308.0</ele><time>2022-10-10T19:42:51.465Z</time></trkpt><trkpt lat="51.07034667" lon="-115.35000333"><ele>1308.0</ele><time>2022-10-10T19:42:52.465Z</time></trkpt><trkpt lat="51.07034" lon="-115.34998833"><ele>1308.0</ele><time>2022-10-10T19:42:53.465Z</time></trkpt><trkpt lat="51.07033" lon="-115.34997167"><ele>1308.0</ele><time>2022-10-10T19:42:54.464Z</time></trkpt><trkpt lat="51.07032" lon="-115.34995667"><ele>1309.0</ele><time>2022-10-10T19:42:55.465Z</time></trkpt><trkpt lat="51.07031333" lon="-115.34994333"><ele>1309.0</ele><time>2022-10-10T19:42:56.465Z</time></trkpt><trkpt lat="51.070305" lon="-115.34993167"><ele>1309.0</ele><time>2022-10-10T19:42:57.465Z</time></trkpt><trkpt lat="51.07029833" lon="-115.34991667"><ele>1309.0</ele><time>2022-10-10T19:42:58.465Z</time></trkpt><trkpt lat="51.07028833" lon="-115.34990167"><ele>1308.0</ele><time>2022-10-10T19:42:59.464Z</time></trkpt><trkpt lat="51.07028167" lon="-115.34988333"><ele>1309.0</ele><time>2022-10-10T19:43:00.464Z</time></trkpt><trkpt lat="51.07027833" lon="-115.349865"><ele>1309.0</ele><time>2022-10-10T19:43:01.465Z</time></trkpt><trkpt lat="51.07027167" lon="-115.34985"><ele>1309.0</ele><time>2022-10-10T19:43:02.465Z</time></trkpt><trkpt lat="51.070265" lon="-115.34983833"><ele>1309.0</ele><time>2022-10-10T19:43:03.465Z</time></trkpt><trkpt lat="51.07025667" lon="-115.349825"><ele>1309.0</ele><time>2022-10-10T19:43:04.465Z</time></trkpt><trkpt lat="51.07025167" lon="-115.34980833"><ele>1310.0</ele><time>2022-10-10T19:43:05.464Z</time></trkpt><trkpt lat="51.07024667" lon="-115.34979333"><ele>1310.0</ele><time>2022-10-10T19:43:06.465Z</time></trkpt><trkpt lat="51.07024167" lon="-115.34977833"><ele>1310.0</ele><time>2022-10-10T19:43:07.465Z</time></trkpt><trkpt lat="51.07023667" lon="-115.34976333"><ele>1311.0</ele><time>2022-10-10T19:43:08.465Z</time></trkpt><trkpt lat="51.07023" lon="-115.34975"><ele>1310.0</ele><time>2022-10-10T19:43:09.465Z</time></trkpt><trkpt lat="51.07022167" lon="-115.34973667"><ele>1310.0</ele><time>2022-10-10T19:43:10.465Z</time></trkpt><trkpt lat="51.07021333" lon="-115.34972167"><ele>1310.0</ele><time>2022-10-10T19:43:11.464Z</time></trkpt><trkpt lat="51.070205" lon="-115.34971"><ele>1310.0</ele><time>2022-10-10T19:43:12.465Z</time></trkpt><trkpt lat="51.07019833" lon="-115.349695"><ele>1310.0</ele><time>2022-10-10T19:43:13.465Z</time></trkpt><trkpt lat="51.07019167" lon="-115.34967833"><ele>1310.0</ele><time>2022-10-10T19:43:14.465Z</time></trkpt><trkpt lat="51.070185" lon="-115.34966833"><ele>1310.0</ele><time>2022-10-10T19:43:15.464Z</time></trkpt><trkpt lat="51.07018" lon="-115.34965167"><ele>1309.0</ele><time>2022-10-10T19:43:16.464Z</time></trkpt><trkpt lat="51.07017667" lon="-115.34963333"><ele>1309.0</ele><time>2022-10-10T19:43:17.465Z</time></trkpt><trkpt lat="51.07017167" lon="-115.34961833"><ele>1309.0</ele><time>2022-10-10T19:43:18.464Z</time></trkpt><trkpt lat="51.07016667" lon="-115.34960833"><ele>1309.0</ele><time>2022-10-10T19:43:19.465Z</time></trkpt><trkpt lat="51.07016" lon="-115.34959667"><ele>1309.0</ele><time>2022-10-10T19:43:20.464Z</time></trkpt><trkpt lat="51.07015333" lon="-115.34958167"><ele>1309.0</ele><time>2022-10-10T19:43:21.464Z</time></trkpt><trkpt lat="51.07015" lon="-115.34956667"><ele>1310.0</ele><time>2022-10-10T19:43:22.464Z</time></trkpt><trkpt lat="51.07014667" lon="-115.34955333"><ele>1310.0</ele><time>2022-10-10T19:43:23.465Z</time></trkpt><trkpt lat="51.07014167" lon="-115.34954"><ele>1310.0</ele><time>2022-10-10T19:43:24.464Z</time></trkpt><trkpt lat="51.07013667" lon="-115.34952333"><ele>1310.0</ele><time>2022-10-10T19:43:25.465Z</time></trkpt><trkpt lat="51.07013333" lon="-115.349505"><ele>1310.0</ele><time>2022-10-10T19:43:26.465Z</time></trkpt><trkpt lat="51.07012833" lon="-115.34948833"><ele>1310.0</ele><time>2022-10-10T19:43:27.464Z</time></trkpt><trkpt lat="51.07012333" lon="-115.34947167"><ele>1310.0</ele><time>2022-10-10T19:43:28.465Z</time></trkpt><trkpt lat="51.070115" lon="-115.34945667"><ele>1310.0</ele><time>2022-10-10T19:43:29.464Z</time></trkpt><trkpt lat="51.07010833" lon="-115.34944167"><ele>1310.0</ele><time>2022-10-10T19:43:30.465Z</time></trkpt><trkpt lat="51.07010167" lon="-115.34943"><ele>1311.0</ele><time>2022-10-10T19:43:31.465Z</time></trkpt><trkpt lat="51.070095" lon="-115.34941833"><ele>1311.0</ele><time>2022-10-10T19:43:32.464Z</time></trkpt><trkpt lat="51.070085" lon="-115.34940667"><ele>1311.0</ele><time>2022-10-10T19:43:33.464Z</time></trkpt><trkpt lat="51.07007333" lon="-115.34939833"><ele>1311.0</ele><time>2022-10-10T19:43:34.465Z</time></trkpt><trkpt lat="51.07006" lon="-115.34939"><ele>1311.0</ele><time>2022-10-10T19:43:35.464Z</time></trkpt><trkpt lat="51.070045" lon="-115.34937833"><ele>1310.0</ele><time>2022-10-10T19:43:36.465Z</time></trkpt><trkpt lat="51.07003667" lon="-115.34937167"><ele>1310.0</ele><time>2022-10-10T19:43:37.464Z</time></trkpt><trkpt lat="51.07003" lon="-115.34936167"><ele>1310.0</ele><time>2022-10-10T19:43:38.464Z</time></trkpt><trkpt lat="51.070025" lon="-115.34934833"><ele>1310.0</ele><time>2022-10-10T19:43:39.465Z</time></trkpt><trkpt lat="51.07002" lon="-115.34933333"><ele>1310.0</ele><time>2022-10-10T19:43:40.464Z</time></trkpt><trkpt lat="51.07001167" lon="-115.349325"><ele>1310.0</ele><time>2022-10-10T19:43:41.465Z</time></trkpt><trkpt lat="51.07000167" lon="-115.349315"><ele>1310.0</ele><time>2022-10-10T19:43:42.465Z</time></trkpt><trkpt lat="51.06999333" lon="-115.34930167"><ele>1310.0</ele><time>2022-10-10T19:43:43.465Z</time></trkpt><trkpt lat="51.06998667" lon="-115.349285"><ele>1310.0</ele><time>2022-10-10T19:43:44.465Z</time></trkpt><trkpt lat="51.06998167" lon="-115.34927"><ele>1310.0</ele><time>2022-10-10T19:43:45.465Z</time></trkpt><trkpt lat="51.06997333" lon="-115.34926167"><ele>1311.0</ele><time>2022-10-10T19:43:46.465Z</time></trkpt><trkpt lat="51.069965" lon="-115.34924833"><ele>1311.0</ele><time>2022-10-10T19:43:47.465Z</time></trkpt><trkpt lat="51.06995833" lon="-115.34923667"><ele>1311.0</ele><time>2022-10-10T19:43:48.465Z</time></trkpt><trkpt lat="51.06995333" lon="-115.34922333"><ele>1312.0</ele><time>2022-10-10T19:43:49.465Z</time></trkpt><trkpt lat="51.06994667" lon="-115.34921167"><ele>1312.0</ele><time>2022-10-10T19:43:50.465Z</time></trkpt><trkpt lat="51.06994" lon="-115.34919833"><ele>1312.0</ele><time>2022-10-10T19:43:51.465Z</time></trkpt><trkpt lat="51.069935" lon="-115.34919167"><ele>1312.0</ele><time>2022-10-10T19:43:52.465Z</time></trkpt><trkpt lat="51.06993" lon="-115.34918667"><ele>1312.0</ele><time>2022-10-10T19:43:53.465Z</time></trkpt><trkpt lat="51.06992667" lon="-115.34918833"><ele>1313.0</ele><time>2022-10-10T19:43:54.465Z</time></trkpt><trkpt lat="51.06992333" lon="-115.34918667"><ele>1313.0</ele><time>2022-10-10T19:43:55.465Z</time></trkpt><trkpt lat="51.069925" lon="-115.349185"><ele>1313.0</ele><time>2022-10-10T19:43:56.465Z</time></trkpt><trkpt lat="51.06992333" lon="-115.34918"><ele>1313.0</ele><time>2022-10-10T19:43:57.465Z</time></trkpt><trkpt lat="51.06992167" lon="-115.34917"><ele>1313.0</ele><time>2022-10-10T19:43:58.465Z</time></trkpt><trkpt lat="51.069915" lon="-115.34916167"><ele>1312.0</ele><time>2022-10-10T19:43:59.465Z</time></trkpt><trkpt lat="51.06990667" lon="-115.34915167"><ele>1312.0</ele><time>2022-10-10T19:44:00.464Z</time></trkpt><trkpt lat="51.06989833" lon="-115.34913833"><ele>1312.0</ele><time>2022-10-10T19:44:01.465Z</time></trkpt><trkpt lat="51.06989167" lon="-115.349125"><ele>1312.0</ele><time>2022-10-10T19:44:02.464Z</time></trkpt><trkpt lat="51.06988667" lon="-115.34910833"><ele>1311.0</ele><time>2022-10-10T19:44:03.464Z</time></trkpt><trkpt lat="51.06988" lon="-115.349095"><ele>1311.0</ele><time>2022-10-10T19:44:04.465Z</time></trkpt><trkpt lat="51.06987333" lon="-115.34907833"><ele>1311.0</ele><time>2022-10-10T19:44:05.465Z</time></trkpt><trkpt lat="51.069865" lon="-115.34906333"><ele>1310.0</ele><time>2022-10-10T19:44:06.464Z</time></trkpt><trkpt lat="51.06985667" lon="-115.34905333"><ele>1310.0</ele><time>2022-10-10T19:44:07.464Z</time></trkpt><trkpt lat="51.069845" lon="-115.34904333"><ele>1309.0</ele><time>2022-10-10T19:44:08.465Z</time></trkpt><trkpt lat="51.069835" lon="-115.34903"><ele>1309.0</ele><time>2022-10-10T19:44:09.464Z</time></trkpt><trkpt lat="51.069825" lon="-115.34901667"><ele>1309.0</ele><time>2022-10-10T19:44:10.465Z</time></trkpt><trkpt lat="51.069815" lon="-115.34900333"><ele>1309.0</ele><time>2022-10-10T19:44:11.465Z</time></trkpt><trkpt lat="51.069805" lon="-115.34898833"><ele>1310.0</ele><time>2022-10-10T19:44:12.464Z</time></trkpt><trkpt lat="51.06979667" lon="-115.34897667"><ele>1310.0</ele><time>2022-10-10T19:44:13.464Z</time></trkpt><trkpt lat="51.06978833" lon="-115.34896667"><ele>1309.0</ele><time>2022-10-10T19:44:14.465Z</time></trkpt><trkpt lat="51.06978" lon="-115.34895667"><ele>1309.0</ele><time>2022-10-10T19:44:15.465Z</time></trkpt><trkpt lat="51.06976833" lon="-115.34894833"><ele>1309.0</ele><time>2022-10-10T19:44:16.464Z</time></trkpt><trkpt lat="51.06975667" lon="-115.34894167"><ele>1309.0</ele><time>2022-10-10T19:44:17.465Z</time></trkpt><trkpt lat="51.06974667" lon="-115.34892833"><ele>1308.0</ele><time>2022-10-10T19:44:18.464Z</time></trkpt><trkpt lat="51.06973667" lon="-115.348915"><ele>1308.0</ele><time>2022-10-10T19:44:19.465Z</time></trkpt><trkpt lat="51.06973" lon="-115.34890167"><ele>1308.0</ele><time>2022-10-10T19:44:20.465Z</time></trkpt><trkpt lat="51.069725" lon="-115.34888833"><ele>1308.0</ele><time>2022-10-10T19:44:21.464Z</time></trkpt><trkpt lat="51.069715" lon="-115.34887833"><ele>1308.0</ele><time>2022-10-10T19:44:22.465Z</time></trkpt><trkpt lat="51.06970667" lon="-115.34886833"><ele>1308.0</ele><time>2022-10-10T19:44:23.464Z</time></trkpt><trkpt lat="51.06970167" lon="-115.34885167"><ele>1309.0</ele><time>2022-10-10T19:44:24.464Z</time></trkpt><trkpt lat="51.06969833" lon="-115.34883833"><ele>1309.0</ele><time>2022-10-10T19:44:25.465Z</time></trkpt><trkpt lat="51.06969" lon="-115.34882333"><ele>1309.0</ele><time>2022-10-10T19:44:26.464Z</time></trkpt><trkpt lat="51.06968333" lon="-115.34880833"><ele>1309.0</ele><time>2022-10-10T19:44:27.464Z</time></trkpt><trkpt lat="51.069675" lon="-115.34879333"><ele>1308.0</ele><time>2022-10-10T19:44:28.464Z</time></trkpt><trkpt lat="51.06966667" lon="-115.34878167"><ele>1308.0</ele><time>2022-10-10T19:44:29.465Z</time></trkpt><trkpt lat="51.06965833" lon="-115.34877"><ele>1308.0</ele><time>2022-10-10T19:44:30.465Z</time></trkpt><trkpt lat="51.06965" lon="-115.34875667"><ele>1307.0</ele><time>2022-10-10T19:44:31.464Z</time></trkpt><trkpt lat="51.06963833" lon="-115.34874833"><ele>1307.0</ele><time>2022-10-10T19:44:32.464Z</time></trkpt><trkpt lat="51.06962" lon="-115.34874"><ele>1307.0</ele><time>2022-10-10T19:44:33.464Z</time></trkpt><trkpt lat="51.069605" lon="-115.34872333"><ele>1307.0</ele><time>2022-10-10T19:44:34.465Z</time></trkpt><trkpt lat="51.06959667" lon="-115.34870833"><ele>1307.0</ele><time>2022-10-10T19:44:35.465Z</time></trkpt><trkpt lat="51.06959167" lon="-115.34869333"><ele>1307.0</ele><time>2022-10-10T19:44:36.464Z</time></trkpt><trkpt lat="51.069585" lon="-115.34868"><ele>1307.0</ele><time>2022-10-10T19:44:37.464Z</time></trkpt><trkpt lat="51.06958" lon="-115.348665"><ele>1308.0</ele><time>2022-10-10T19:44:38.464Z</time></trkpt><trkpt lat="51.06957" lon="-115.34865333"><ele>1308.0</ele><time>2022-10-10T19:44:39.464Z</time></trkpt><trkpt lat="51.06956667" lon="-115.348635"><ele>1308.0</ele><time>2022-10-10T19:44:40.464Z</time></trkpt><trkpt lat="51.06955667" lon="-115.34862"><ele>1308.0</ele><time>2022-10-10T19:44:41.464Z</time></trkpt><trkpt lat="51.06954667" lon="-115.34860833"><ele>1308.0</ele><time>2022-10-10T19:44:42.465Z</time></trkpt><trkpt lat="51.06954167" lon="-115.348595"><ele>1309.0</ele><time>2022-10-10T19:44:43.464Z</time></trkpt><trkpt lat="51.069535" lon="-115.34858833"><ele>1310.0</ele><time>2022-10-10T19:44:44.465Z</time></trkpt><trkpt lat="51.06953167" lon="-115.34858667"><ele>1310.0</ele><time>2022-10-10T19:44:45.465Z</time></trkpt><trkpt lat="51.06953" lon="-115.34858833"><ele>1311.0</ele><time>2022-10-10T19:44:46.464Z</time></trkpt><trkpt lat="51.06953" lon="-115.348585"><ele>1311.0</ele><time>2022-10-10T19:44:47.465Z</time></trkpt><trkpt lat="51.06953" lon="-115.34858833"><ele>1311.0</ele><time>2022-10-10T19:44:48.464Z</time></trkpt><trkpt lat="51.06953" lon="-115.34859167"><ele>1312.0</ele><time>2022-10-10T19:44:49.464Z</time></trkpt><trkpt lat="51.06953167" lon="-115.34859333"><ele>1312.0</ele><time>2022-10-10T19:44:50.464Z</time></trkpt><trkpt lat="51.069535" lon="-115.34859167"><ele>1312.0</ele><time>2022-10-10T19:44:51.464Z</time></trkpt><trkpt lat="51.06954333" lon="-115.34858167"><ele>1313.0</ele><time>2022-10-10T19:44:52.464Z</time></trkpt><trkpt lat="51.06954833" lon="-115.34856667"><ele>1313.0</ele><time>2022-10-10T19:44:53.464Z</time></trkpt><trkpt lat="51.06954833" lon="-115.34855167"><ele>1313.0</ele><time>2022-10-10T19:44:54.464Z</time></trkpt><trkpt lat="51.06955" lon="-115.34852833"><ele>1313.0</ele><time>2022-10-10T19:44:55.464Z</time></trkpt><trkpt lat="51.06955167" lon="-115.34851"><ele>1313.0</ele><time>2022-10-10T19:44:56.464Z</time></trkpt><trkpt lat="51.06955" lon="-115.34849"><ele>1313.0</ele><time>2022-10-10T19:44:57.464Z</time></trkpt><trkpt lat="51.06955" lon="-115.34847167"><ele>1313.0</ele><time>2022-10-10T19:44:58.464Z</time></trkpt><trkpt lat="51.06954667" lon="-115.34845667"><ele>1313.0</ele><time>2022-10-10T19:44:59.465Z</time></trkpt><trkpt lat="51.069545" lon="-115.34844"><ele>1313.0</ele><time>2022-10-10T19:45:00.464Z</time></trkpt><trkpt lat="51.06954167" lon="-115.34842667"><ele>1313.0</ele><time>2022-10-10T19:45:01.464Z</time></trkpt><trkpt lat="51.06953833" lon="-115.34841"><ele>1313.0</ele><time>2022-10-10T19:45:02.464Z</time></trkpt><trkpt lat="51.06953" lon="-115.34839833"><ele>1313.0</ele><time>2022-10-10T19:45:03.465Z</time></trkpt><trkpt lat="51.06952" lon="-115.348385"><ele>1312.0</ele><time>2022-10-10T19:45:04.465Z</time></trkpt><trkpt lat="51.06951333" lon="-115.34837333"><ele>1312.0</ele><time>2022-10-10T19:45:05.465Z</time></trkpt><trkpt lat="51.06950333" lon="-115.34836167"><ele>1312.0</ele><time>2022-10-10T19:45:06.464Z</time></trkpt><trkpt lat="51.06949667" lon="-115.34834833"><ele>1312.0</ele><time>2022-10-10T19:45:07.464Z</time></trkpt><trkpt lat="51.06948833" lon="-115.348335"><ele>1312.0</ele><time>2022-10-10T19:45:08.464Z</time></trkpt><trkpt lat="51.06948" lon="-115.34831833"><ele>1312.0</ele><time>2022-10-10T19:45:09.464Z</time></trkpt><trkpt lat="51.06947" lon="-115.348305"><ele>1313.0</ele><time>2022-10-10T19:45:10.465Z</time></trkpt><trkpt lat="51.06946167" lon="-115.348295"><ele>1313.0</ele><time>2022-10-10T19:45:11.464Z</time></trkpt><trkpt lat="51.06945167" lon="-115.348285"><ele>1314.0</ele><time>2022-10-10T19:45:12.464Z</time></trkpt><trkpt lat="51.06944333" lon="-115.34827667"><ele>1315.0</ele><time>2022-10-10T19:45:13.464Z</time></trkpt><trkpt lat="51.069435" lon="-115.34826833"><ele>1316.0</ele><time>2022-10-10T19:45:14.464Z</time></trkpt><trkpt lat="51.069425" lon="-115.34825667"><ele>1316.0</ele><time>2022-10-10T19:45:15.465Z</time></trkpt><trkpt lat="51.06942" lon="-115.34824333"><ele>1317.0</ele><time>2022-10-10T19:45:16.464Z</time></trkpt><trkpt lat="51.06941333" lon="-115.34823167"><ele>1317.0</ele><time>2022-10-10T19:45:17.464Z</time></trkpt><trkpt lat="51.06940667" lon="-115.34822167"><ele>1317.0</ele><time>2022-10-10T19:45:18.464Z</time></trkpt><trkpt lat="51.0694" lon="-115.34821333"><ele>1317.0</ele><time>2022-10-10T19:45:19.464Z</time></trkpt><trkpt lat="51.069395" lon="-115.34819833"><ele>1317.0</ele><time>2022-10-10T19:45:20.465Z</time></trkpt><trkpt lat="51.06938333" lon="-115.34819167"><ele>1317.0</ele><time>2022-10-10T19:45:21.465Z</time></trkpt><trkpt lat="51.06937" lon="-115.34818667"><ele>1317.0</ele><time>2022-10-10T19:45:22.465Z</time></trkpt><trkpt lat="51.06936" lon="-115.34817833"><ele>1316.0</ele><time>2022-10-10T19:45:23.464Z</time></trkpt><trkpt lat="51.06935333" lon="-115.34816667"><ele>1316.0</ele><time>2022-10-10T19:45:24.465Z</time></trkpt><trkpt lat="51.069345" lon="-115.34815333"><ele>1316.0</ele><time>2022-10-10T19:45:25.465Z</time></trkpt><trkpt lat="51.069345" lon="-115.34813333"><ele>1316.0</ele><time>2022-10-10T19:45:26.465Z</time></trkpt><trkpt lat="51.06934" lon="-115.348115"><ele>1316.0</ele><time>2022-10-10T19:45:27.464Z</time></trkpt><trkpt lat="51.06933667" lon="-115.3481"><ele>1316.0</ele><time>2022-10-10T19:45:28.465Z</time></trkpt><trkpt lat="51.06933667" lon="-115.34807833"><ele>1316.0</ele><time>2022-10-10T19:45:29.465Z</time></trkpt><trkpt lat="51.06933667" lon="-115.348065"><ele>1317.0</ele><time>2022-10-10T19:45:30.465Z</time></trkpt><trkpt lat="51.06933833" lon="-115.348045"><ele>1317.0</ele><time>2022-10-10T19:45:31.465Z</time></trkpt><trkpt lat="51.06934" lon="-115.348025"><ele>1317.0</ele><time>2022-10-10T19:45:32.464Z</time></trkpt><trkpt lat="51.06934" lon="-115.34800833"><ele>1317.0</ele><time>2022-10-10T19:45:33.465Z</time></trkpt><trkpt lat="51.06934167" lon="-115.34799167"><ele>1318.0</ele><time>2022-10-10T19:45:34.465Z</time></trkpt><trkpt lat="51.069345" lon="-115.347975"><ele>1318.0</ele><time>2022-10-10T19:45:35.465Z</time></trkpt><trkpt lat="51.06934833" lon="-115.34795667"><ele>1318.0</ele><time>2022-10-10T19:45:36.464Z</time></trkpt><trkpt lat="51.06935333" lon="-115.34794167"><ele>1319.0</ele><time>2022-10-10T19:45:37.465Z</time></trkpt><trkpt lat="51.06935833" lon="-115.34792667"><ele>1319.0</ele><time>2022-10-10T19:45:38.465Z</time></trkpt><trkpt lat="51.06936333" lon="-115.34791167"><ele>1319.0</ele><time>2022-10-10T19:45:39.465Z</time></trkpt><trkpt lat="51.06937167" lon="-115.34789667"><ele>1320.0</ele><time>2022-10-10T19:45:40.465Z</time></trkpt><trkpt lat="51.06938333" lon="-115.34788333"><ele>1320.0</ele><time>2022-10-10T19:45:41.465Z</time></trkpt><trkpt lat="51.06939167" lon="-115.34786667"><ele>1320.0</ele><time>2022-10-10T19:45:42.465Z</time></trkpt><trkpt lat="51.06939833" lon="-115.34785"><ele>1321.0</ele><time>2022-10-10T19:45:43.465Z</time></trkpt><trkpt lat="51.06940667" lon="-115.347835"><ele>1321.0</ele><time>2022-10-10T19:45:44.465Z</time></trkpt><trkpt lat="51.069415" lon="-115.34782"><ele>1322.0</ele><time>2022-10-10T19:45:45.464Z</time></trkpt><trkpt lat="51.069425" lon="-115.34781"><ele>1322.0</ele><time>2022-10-10T19:45:46.465Z</time></trkpt><trkpt lat="51.069435" lon="-115.34780167"><ele>1323.0</ele><time>2022-10-10T19:45:47.465Z</time></trkpt><trkpt lat="51.069445" lon="-115.34779167"><ele>1323.0</ele><time>2022-10-10T19:45:48.465Z</time></trkpt><trkpt lat="51.069455" lon="-115.347775"><ele>1324.0</ele><time>2022-10-10T19:45:49.465Z</time></trkpt><trkpt lat="51.06946833" lon="-115.34776"><ele>1324.0</ele><time>2022-10-10T19:45:50.464Z</time></trkpt><trkpt lat="51.06948" lon="-115.34773833"><ele>1325.0</ele><time>2022-10-10T19:45:51.465Z</time></trkpt><trkpt lat="51.06948333" lon="-115.34771833"><ele>1325.0</ele><time>2022-10-10T19:45:52.465Z</time></trkpt><trkpt lat="51.06948833" lon="-115.34770333"><ele>1325.0</ele><time>2022-10-10T19:45:53.465Z</time></trkpt><trkpt lat="51.06949" lon="-115.34768333"><ele>1325.0</ele><time>2022-10-10T19:45:54.464Z</time></trkpt><trkpt lat="51.06949333" lon="-115.34766333"><ele>1325.0</ele><time>2022-10-10T19:45:55.464Z</time></trkpt><trkpt lat="51.06949667" lon="-115.34765333"><ele>1325.0</ele><time>2022-10-10T19:45:56.465Z</time></trkpt><trkpt lat="51.069495" lon="-115.34765"><ele>1325.0</ele><time>2022-10-10T19:45:57.465Z</time></trkpt><trkpt lat="51.0695" lon="-115.34763333"><ele>1325.0</ele><time>2022-10-10T19:45:58.465Z</time></trkpt><trkpt lat="51.069505" lon="-115.34761167"><ele>1325.0</ele><time>2022-10-10T19:45:59.465Z</time></trkpt><trkpt lat="51.06950833" lon="-115.34758833"><ele>1325.0</ele><time>2022-10-10T19:46:00.465Z</time></trkpt><trkpt lat="51.06951167" lon="-115.34756833"><ele>1324.0</ele><time>2022-10-10T19:46:01.464Z</time></trkpt><trkpt lat="51.06951667" lon="-115.34754667"><ele>1324.0</ele><time>2022-10-10T19:46:02.464Z</time></trkpt><trkpt lat="51.06952333" lon="-115.34752167"><ele>1324.0</ele><time>2022-10-10T19:46:03.465Z</time></trkpt><trkpt lat="51.06952833" lon="-115.347505"><ele>1324.0</ele><time>2022-10-10T19:46:04.465Z</time></trkpt><trkpt lat="51.06952333" lon="-115.34749"><ele>1323.0</ele><time>2022-10-10T19:46:05.464Z</time></trkpt><trkpt lat="51.06952167" lon="-115.34747333"><ele>1323.0</ele><time>2022-10-10T19:46:06.465Z</time></trkpt><trkpt lat="51.06952" lon="-115.34745833"><ele>1323.0</ele><time>2022-10-10T19:46:07.465Z</time></trkpt><trkpt lat="51.06952167" lon="-115.34744167"><ele>1323.0</ele><time>2022-10-10T19:46:08.465Z</time></trkpt><trkpt lat="51.06952333" lon="-115.347425"><ele>1323.0</ele><time>2022-10-10T19:46:09.464Z</time></trkpt><trkpt lat="51.06952333" lon="-115.347405"><ele>1323.0</ele><time>2022-10-10T19:46:10.464Z</time></trkpt><trkpt lat="51.06952833" lon="-115.34738333"><ele>1323.0</ele><time>2022-10-10T19:46:11.465Z</time></trkpt><trkpt lat="51.06953" lon="-115.347365"><ele>1323.0</ele><time>2022-10-10T19:46:12.465Z</time></trkpt><trkpt lat="51.06953333" lon="-115.34734667"><ele>1323.0</ele><time>2022-10-10T19:46:13.465Z</time></trkpt><trkpt lat="51.06953167" lon="-115.34732667"><ele>1323.0</ele><time>2022-10-10T19:46:14.464Z</time></trkpt><trkpt lat="51.06952833" lon="-115.34730833"><ele>1322.0</ele><time>2022-10-10T19:46:15.465Z</time></trkpt><trkpt lat="51.06952833" lon="-115.34729"><ele>1322.0</ele><time>2022-10-10T19:46:16.465Z</time></trkpt><trkpt lat="51.06952667" lon="-115.34727167"><ele>1322.0</ele><time>2022-10-10T19:46:17.465Z</time></trkpt><trkpt lat="51.06952667" lon="-115.34725667"><ele>1321.0</ele><time>2022-10-10T19:46:18.464Z</time></trkpt><trkpt lat="51.06952" lon="-115.34724833"><ele>1321.0</ele><time>2022-10-10T19:46:19.465Z</time></trkpt><trkpt lat="51.06952" lon="-115.34724"><ele>1321.0</ele><time>2022-10-10T19:46:20.465Z</time></trkpt><trkpt lat="51.06951667" lon="-115.34723333"><ele>1321.0</ele><time>2022-10-10T19:46:21.465Z</time></trkpt><trkpt lat="51.06952" lon="-115.34722333"><ele>1321.0</ele><time>2022-10-10T19:46:22.464Z</time></trkpt><trkpt lat="51.06952667" lon="-115.34721333"><ele>1321.0</ele><time>2022-10-10T19:46:23.465Z</time></trkpt><trkpt lat="51.06953667" lon="-115.34719667"><ele>1322.0</ele><time>2022-10-10T19:46:24.465Z</time></trkpt><trkpt lat="51.06954" lon="-115.34719"><ele>1322.0</ele><time>2022-10-10T19:46:25.465Z</time></trkpt><trkpt lat="51.069535" lon="-115.34717333"><ele>1322.0</ele><time>2022-10-10T19:46:26.465Z</time></trkpt><trkpt lat="51.06953167" lon="-115.34715333"><ele>1322.0</ele><time>2022-10-10T19:46:27.464Z</time></trkpt><trkpt lat="51.06953" lon="-115.34713333"><ele>1322.0</ele><time>2022-10-10T19:46:28.464Z</time></trkpt><trkpt lat="51.06953167" lon="-115.34711333"><ele>1322.0</ele><time>2022-10-10T19:46:29.465Z</time></trkpt><trkpt lat="51.06953" lon="-115.347095"><ele>1322.0</ele><time>2022-10-10T19:46:30.465Z</time></trkpt><trkpt lat="51.06952667" lon="-115.34708167"><ele>1322.0</ele><time>2022-10-10T19:46:31.465Z</time></trkpt><trkpt lat="51.06952667" lon="-115.34705833"><ele>1322.0</ele><time>2022-10-10T19:46:32.464Z</time></trkpt><trkpt lat="51.06952333" lon="-115.34703833"><ele>1322.0</ele><time>2022-10-10T19:46:33.465Z</time></trkpt><trkpt lat="51.06952667" lon="-115.34701833"><ele>1322.0</ele><time>2022-10-10T19:46:34.465Z</time></trkpt><trkpt lat="51.06953" lon="-115.34699667"><ele>1322.0</ele><time>2022-10-10T19:46:35.465Z</time></trkpt><trkpt lat="51.06953667" lon="-115.34697333"><ele>1322.0</ele><time>2022-10-10T19:46:36.464Z</time></trkpt><trkpt lat="51.069535" lon="-115.34695667"><ele>1321.0</ele><time>2022-10-10T19:46:37.465Z</time></trkpt><trkpt lat="51.06953167" lon="-115.34693667"><ele>1321.0</ele><time>2022-10-10T19:46:38.465Z</time></trkpt><trkpt lat="51.06953" lon="-115.34691667"><ele>1321.0</ele><time>2022-10-10T19:46:39.465Z</time></trkpt><trkpt lat="51.06953" lon="-115.3469"><ele>1321.0</ele><time>2022-10-10T19:46:40.465Z</time></trkpt><trkpt lat="51.06953167" lon="-115.34688167"><ele>1321.0</ele><time>2022-10-10T19:46:41.464Z</time></trkpt><trkpt lat="51.06953333" lon="-115.346865"><ele>1320.0</ele><time>2022-10-10T19:46:42.465Z</time></trkpt><trkpt lat="51.069535" lon="-115.34684833"><ele>1320.0</ele><time>2022-10-10T19:46:43.465Z</time></trkpt><trkpt lat="51.06953667" lon="-115.34683167"><ele>1321.0</ele><time>2022-10-10T19:46:44.465Z</time></trkpt><trkpt lat="51.06954333" lon="-115.34681"><ele>1321.0</ele><time>2022-10-10T19:46:45.464Z</time></trkpt><trkpt lat="51.06955333" lon="-115.34678833"><ele>1321.0</ele><time>2022-10-10T19:46:46.464Z</time></trkpt><trkpt lat="51.06956" lon="-115.34677167"><ele>1321.0</ele><time>2022-10-10T19:46:47.465Z</time></trkpt><trkpt lat="51.06956333" lon="-115.346755"><ele>1321.0</ele><time>2022-10-10T19:46:48.465Z</time></trkpt><trkpt lat="51.069565" lon="-115.34673167"><ele>1322.0</ele><time>2022-10-10T19:46:49.464Z</time></trkpt><trkpt lat="51.06956833" lon="-115.34671833"><ele>1322.0</ele><time>2022-10-10T19:46:50.464Z</time></trkpt><trkpt lat="51.06956833" lon="-115.34670167"><ele>1323.0</ele><time>2022-10-10T19:46:51.465Z</time></trkpt><trkpt lat="51.06957167" lon="-115.34668167"><ele>1323.0</ele><time>2022-10-10T19:46:52.465Z</time></trkpt><trkpt lat="51.06957" lon="-115.34667167"><ele>1323.0</ele><time>2022-10-10T19:46:53.465Z</time></trkpt><trkpt lat="51.06956667" lon="-115.34665833"><ele>1323.0</ele><time>2022-10-10T19:46:54.464Z</time></trkpt><trkpt lat="51.06956333" lon="-115.34664167"><ele>1324.0</ele><time>2022-10-10T19:46:55.464Z</time></trkpt><trkpt lat="51.06956167" lon="-115.34662333"><ele>1324.0</ele><time>2022-10-10T19:46:56.465Z</time></trkpt><trkpt lat="51.06955833" lon="-115.34661"><ele>1323.0</ele><time>2022-10-10T19:46:57.465Z</time></trkpt><trkpt lat="51.06954833" lon="-115.34660667"><ele>1323.0</ele><time>2022-10-10T19:46:58.465Z</time></trkpt><trkpt lat="51.06954333" lon="-115.34659667"><ele>1323.0</ele><time>2022-10-10T19:46:59.464Z</time></trkpt><trkpt lat="51.06954167" lon="-115.34657667"><ele>1323.0</ele><time>2022-10-10T19:47:00.464Z</time></trkpt><trkpt lat="51.06953" lon="-115.34657333"><ele>1323.0</ele><time>2022-10-10T19:47:01.464Z</time></trkpt><trkpt lat="51.06951333" lon="-115.34656167"><ele>1323.0</ele><time>2022-10-10T19:47:02.465Z</time></trkpt><trkpt lat="51.06949833" lon="-115.34655167"><ele>1322.0</ele><time>2022-10-10T19:47:03.465Z</time></trkpt><trkpt lat="51.06949" lon="-115.34653833"><ele>1322.0</ele><time>2022-10-10T19:47:04.464Z</time></trkpt><trkpt lat="51.06948" lon="-115.34653333"><ele>1321.0</ele><time>2022-10-10T19:47:05.464Z</time></trkpt><trkpt lat="51.06947" lon="-115.34652833"><ele>1321.0</ele><time>2022-10-10T19:47:06.465Z</time></trkpt><trkpt lat="51.069465" lon="-115.34651667"><ele>1321.0</ele><time>2022-10-10T19:47:07.465Z</time></trkpt><trkpt lat="51.06945667" lon="-115.346505"><ele>1320.0</ele><time>2022-10-10T19:47:08.464Z</time></trkpt><trkpt lat="51.06944833" lon="-115.34649167"><ele>1320.0</ele><time>2022-10-10T19:47:09.464Z</time></trkpt><trkpt lat="51.069445" lon="-115.34647833"><ele>1320.0</ele><time>2022-10-10T19:47:10.464Z</time></trkpt><trkpt lat="51.06944" lon="-115.34647"><ele>1319.0</ele><time>2022-10-10T19:47:11.465Z</time></trkpt><trkpt lat="51.06943833" lon="-115.34646"><ele>1319.0</ele><time>2022-10-10T19:47:12.464Z</time></trkpt><trkpt lat="51.06943333" lon="-115.34645"><ele>1318.0</ele><time>2022-10-10T19:47:13.465Z</time></trkpt><trkpt lat="51.069425" lon="-115.34644667"><ele>1318.0</ele><time>2022-10-10T19:47:14.465Z</time></trkpt><trkpt lat="51.06941667" lon="-115.34643167"><ele>1318.0</ele><time>2022-10-10T19:47:15.465Z</time></trkpt><trkpt lat="51.06941333" lon="-115.34641667"><ele>1317.0</ele><time>2022-10-10T19:47:16.465Z</time></trkpt><trkpt lat="51.06941" lon="-115.34639833"><ele>1317.0</ele><time>2022-10-10T19:47:17.464Z</time></trkpt><trkpt lat="51.06940333" lon="-115.346385"><ele>1317.0</ele><time>2022-10-10T19:47:18.465Z</time></trkpt><trkpt lat="51.06939333" lon="-115.34636667"><ele>1317.0</ele><time>2022-10-10T19:47:19.465Z</time></trkpt><trkpt lat="51.069385" lon="-115.34635667"><ele>1316.0</ele><time>2022-10-10T19:47:20.464Z</time></trkpt><trkpt lat="51.06937833" lon="-115.34634"><ele>1316.0</ele><time>2022-10-10T19:47:21.465Z</time></trkpt><trkpt lat="51.06936667" lon="-115.34633333"><ele>1315.0</ele><time>2022-10-10T19:47:22.465Z</time></trkpt><trkpt lat="51.06935667" lon="-115.34631833"><ele>1315.0</ele><time>2022-10-10T19:47:23.465Z</time></trkpt><trkpt lat="51.06933833" lon="-115.34630333"><ele>1315.0</ele><time>2022-10-10T19:47:24.464Z</time></trkpt><trkpt lat="51.06931667" lon="-115.346275"><ele>1315.0</ele><time>2022-10-10T19:47:25.465Z</time></trkpt><trkpt lat="51.06930167" lon="-115.34625667"><ele>1316.0</ele><time>2022-10-10T19:47:26.465Z</time></trkpt><trkpt lat="51.06929333" lon="-115.34624667"><ele>1316.0</ele><time>2022-10-10T19:47:27.465Z</time></trkpt><trkpt lat="51.06928667" lon="-115.34622833"><ele>1317.0</ele><time>2022-10-10T19:47:28.465Z</time></trkpt><trkpt lat="51.06928" lon="-115.34620333"><ele>1317.0</ele><time>2022-10-10T19:47:29.465Z</time></trkpt><trkpt lat="51.06927333" lon="-115.34619167"><ele>1318.0</ele><time>2022-10-10T19:47:30.465Z</time></trkpt><trkpt lat="51.06926833" lon="-115.34618167"><ele>1319.0</ele><time>2022-10-10T19:47:31.465Z</time></trkpt><trkpt lat="51.06926667" lon="-115.34616333"><ele>1320.0</ele><time>2022-10-10T19:47:32.464Z</time></trkpt><trkpt lat="51.06926833" lon="-115.34614667"><ele>1320.0</ele><time>2022-10-10T19:47:33.464Z</time></trkpt><trkpt lat="51.06926833" lon="-115.34612833"><ele>1321.0</ele><time>2022-10-10T19:47:34.464Z</time></trkpt><trkpt lat="51.06926167" lon="-115.34611667"><ele>1321.0</ele><time>2022-10-10T19:47:35.464Z</time></trkpt><trkpt lat="51.06925833" lon="-115.34610667"><ele>1322.0</ele><time>2022-10-10T19:47:36.464Z</time></trkpt><trkpt lat="51.069255" lon="-115.34609167"><ele>1322.0</ele><time>2022-10-10T19:47:37.465Z</time></trkpt><trkpt lat="51.06923" lon="-115.346085"><ele>1322.0</ele><time>2022-10-10T19:47:38.464Z</time></trkpt><trkpt lat="51.06921833" lon="-115.34608"><ele>1322.0</ele><time>2022-10-10T19:47:39.465Z</time></trkpt><trkpt lat="51.06920833" lon="-115.34607"><ele>1322.0</ele><time>2022-10-10T19:47:40.465Z</time></trkpt><trkpt lat="51.069205" lon="-115.34606"><ele>1322.0</ele><time>2022-10-10T19:47:41.465Z</time></trkpt><trkpt lat="51.06920167" lon="-115.34604333"><ele>1323.0</ele><time>2022-10-10T19:47:42.465Z</time></trkpt><trkpt lat="51.06919333" lon="-115.34602667"><ele>1323.0</ele><time>2022-10-10T19:47:43.465Z</time></trkpt><trkpt lat="51.06918333" lon="-115.34601333"><ele>1323.0</ele><time>2022-10-10T19:47:44.464Z</time></trkpt><trkpt lat="51.06917833" lon="-115.34599667"><ele>1323.0</ele><time>2022-10-10T19:47:45.464Z</time></trkpt><trkpt lat="51.06917167" lon="-115.345995"><ele>1323.0</ele><time>2022-10-10T19:47:46.464Z</time></trkpt><trkpt lat="51.06917167" lon="-115.34598833"><ele>1323.0</ele><time>2022-10-10T19:47:47.465Z</time></trkpt><trkpt lat="51.06917833" lon="-115.345975"><ele>1323.0</ele><time>2022-10-10T19:47:48.465Z</time></trkpt><trkpt lat="51.06918833" lon="-115.34596"><ele>1323.0</ele><time>2022-10-10T19:47:49.465Z</time></trkpt><trkpt lat="51.06919667" lon="-115.34594667"><ele>1324.0</ele><time>2022-10-10T19:47:50.465Z</time></trkpt><trkpt lat="51.06920333" lon="-115.34593667"><ele>1324.0</ele><time>2022-10-10T19:47:51.464Z</time></trkpt><trkpt lat="51.06920667" lon="-115.345915"><ele>1324.0</ele><time>2022-10-10T19:47:52.464Z</time></trkpt><trkpt lat="51.06920667" lon="-115.34589667"><ele>1324.0</ele><time>2022-10-10T19:47:53.465Z</time></trkpt><trkpt lat="51.06920833" lon="-115.34587833"><ele>1324.0</ele><time>2022-10-10T19:47:54.465Z</time></trkpt><trkpt lat="51.06921167" lon="-115.34586333"><ele>1324.0</ele><time>2022-10-10T19:47:55.464Z</time></trkpt><trkpt lat="51.06921333" lon="-115.34585"><ele>1324.0</ele><time>2022-10-10T19:47:56.464Z</time></trkpt><trkpt lat="51.069215" lon="-115.34583"><ele>1324.0</ele><time>2022-10-10T19:47:57.465Z</time></trkpt><trkpt lat="51.06921167" lon="-115.34581"><ele>1324.0</ele><time>2022-10-10T19:47:58.465Z</time></trkpt><trkpt lat="51.06921333" lon="-115.34579333"><ele>1324.0</ele><time>2022-10-10T19:47:59.465Z</time></trkpt><trkpt lat="51.06921667" lon="-115.34577333"><ele>1324.0</ele><time>2022-10-10T19:48:00.465Z</time></trkpt><trkpt lat="51.06922" lon="-115.34575167"><ele>1324.0</ele><time>2022-10-10T19:48:01.465Z</time></trkpt><trkpt lat="51.06922333" lon="-115.34573333"><ele>1323.0</ele><time>2022-10-10T19:48:02.465Z</time></trkpt><trkpt lat="51.069225" lon="-115.34571167"><ele>1324.0</ele><time>2022-10-10T19:48:03.465Z</time></trkpt><trkpt lat="51.06922167" lon="-115.345695"><ele>1324.0</ele><time>2022-10-10T19:48:04.465Z</time></trkpt><trkpt lat="51.069215" lon="-115.34568"><ele>1324.0</ele><time>2022-10-10T19:48:05.465Z</time></trkpt><trkpt lat="51.06921167" lon="-115.34566833"><ele>1325.0</ele><time>2022-10-10T19:48:06.464Z</time></trkpt><trkpt lat="51.069205" lon="-115.34565333"><ele>1325.0</ele><time>2022-10-10T19:48:07.465Z</time></trkpt><trkpt lat="51.069195" lon="-115.34564"><ele>1325.0</ele><time>2022-10-10T19:48:08.465Z</time></trkpt><trkpt lat="51.06918167" lon="-115.34562"><ele>1325.0</ele><time>2022-10-10T19:48:09.464Z</time></trkpt><trkpt lat="51.06917667" lon="-115.34561167"><ele>1325.0</ele><time>2022-10-10T19:48:10.465Z</time></trkpt><trkpt lat="51.06917667" lon="-115.345605"><ele>1326.0</ele><time>2022-10-10T19:48:11.465Z</time></trkpt><trkpt lat="51.06917667" lon="-115.3456"><ele>1326.0</ele><time>2022-10-10T19:48:12.465Z</time></trkpt><trkpt lat="51.06918167" lon="-115.34558167"><ele>1326.0</ele><time>2022-10-10T19:48:13.465Z</time></trkpt><trkpt lat="51.06918167" lon="-115.34556"><ele>1326.0</ele><time>2022-10-10T19:48:14.465Z</time></trkpt><trkpt lat="51.06918" lon="-115.34553833"><ele>1325.0</ele><time>2022-10-10T19:48:15.465Z</time></trkpt><trkpt lat="51.06917667" lon="-115.34552167"><ele>1325.0</ele><time>2022-10-10T19:48:16.465Z</time></trkpt><trkpt lat="51.06916667" lon="-115.345505"><ele>1324.0</ele><time>2022-10-10T19:48:17.464Z</time></trkpt><trkpt lat="51.06916" lon="-115.34548833"><ele>1324.0</ele><time>2022-10-10T19:48:18.464Z</time></trkpt><trkpt lat="51.06915333" lon="-115.34547167"><ele>1324.0</ele><time>2022-10-10T19:48:19.465Z</time></trkpt><trkpt lat="51.06914" lon="-115.34546833"><ele>1324.0</ele><time>2022-10-10T19:48:20.465Z</time></trkpt><trkpt lat="51.06913167" lon="-115.34546167"><ele>1324.0</ele><time>2022-10-10T19:48:21.465Z</time></trkpt><trkpt lat="51.06912667" lon="-115.345455"><ele>1323.0</ele><time>2022-10-10T19:48:22.465Z</time></trkpt><trkpt lat="51.06912167" lon="-115.34543833"><ele>1323.0</ele><time>2022-10-10T19:48:23.465Z</time></trkpt><trkpt lat="51.06911833" lon="-115.34542333"><ele>1323.0</ele><time>2022-10-10T19:48:24.465Z</time></trkpt><trkpt lat="51.06910333" lon="-115.34541333"><ele>1323.0</ele><time>2022-10-10T19:48:25.465Z</time></trkpt><trkpt lat="51.069095" lon="-115.34541167"><ele>1324.0</ele><time>2022-10-10T19:48:26.465Z</time></trkpt><trkpt lat="51.06908833" lon="-115.34541333"><ele>1324.0</ele><time>2022-10-10T19:48:27.465Z</time></trkpt><trkpt lat="51.06907667" lon="-115.34541667"><ele>1325.0</ele><time>2022-10-10T19:48:28.465Z</time></trkpt><trkpt lat="51.06907667" lon="-115.34543333"><ele>1325.0</ele><time>2022-10-10T19:48:29.465Z</time></trkpt><trkpt lat="51.06907833" lon="-115.34545"><ele>1326.0</ele><time>2022-10-10T19:48:30.465Z</time></trkpt><trkpt lat="51.06908167" lon="-115.34546333"><ele>1326.0</ele><time>2022-10-10T19:48:31.465Z</time></trkpt><trkpt lat="51.06908167" lon="-115.34546667"><ele>1327.0</ele><time>2022-10-10T19:48:32.465Z</time></trkpt><trkpt lat="51.06908167" lon="-115.34546"><ele>1327.0</ele><time>2022-10-10T19:48:33.465Z</time></trkpt><trkpt lat="51.06908667" lon="-115.34544833"><ele>1326.0</ele><time>2022-10-10T19:48:34.465Z</time></trkpt><trkpt lat="51.06908833" lon="-115.34544167"><ele>1326.0</ele><time>2022-10-10T19:48:35.464Z</time></trkpt><trkpt lat="51.06909" lon="-115.34544"><ele>1325.0</ele><time>2022-10-10T19:48:36.464Z</time></trkpt><trkpt lat="51.069095" lon="-115.345435"><ele>1325.0</ele><time>2022-10-10T19:48:37.465Z</time></trkpt><trkpt lat="51.06909333" lon="-115.345435"><ele>1324.0</ele><time>2022-10-10T19:48:38.465Z</time></trkpt><trkpt lat="51.06909167" lon="-115.345435"><ele>1324.0</ele><time>2022-10-10T19:48:39.465Z</time></trkpt><trkpt lat="51.06909167" lon="-115.34543167"><ele>1323.0</ele><time>2022-10-10T19:48:40.465Z</time></trkpt><trkpt lat="51.06909333" lon="-115.34543"><ele>1322.0</ele><time>2022-10-10T19:48:41.464Z</time></trkpt><trkpt lat="51.06909333" lon="-115.34542667"><ele>1322.0</ele><time>2022-10-10T19:48:42.464Z</time></trkpt><trkpt lat="51.06909167" lon="-115.34542167"><ele>1321.0</ele><time>2022-10-10T19:48:43.464Z</time></trkpt><trkpt lat="51.06909167" lon="-115.34542"><ele>1320.0</ele><time>2022-10-10T19:48:44.465Z</time></trkpt><trkpt lat="51.06909333" lon="-115.345415"><ele>1319.0</ele><time>2022-10-10T19:48:45.465Z</time></trkpt><trkpt lat="51.06909833" lon="-115.34540833"><ele>1319.0</ele><time>2022-10-10T19:48:46.465Z</time></trkpt><trkpt lat="51.06910667" lon="-115.34539833"><ele>1318.0</ele><time>2022-10-10T19:48:47.465Z</time></trkpt><trkpt lat="51.06910667" lon="-115.34539"><ele>1318.0</ele><time>2022-10-10T19:48:48.464Z</time></trkpt><trkpt lat="51.06910667" lon="-115.345385"><ele>1317.0</ele><time>2022-10-10T19:48:49.465Z</time></trkpt><trkpt lat="51.069105" lon="-115.34538"><ele>1317.0</ele><time>2022-10-10T19:48:50.465Z</time></trkpt><trkpt lat="51.06909833" lon="-115.345375"><ele>1316.0</ele><time>2022-10-10T19:48:51.465Z</time></trkpt><trkpt lat="51.06909" lon="-115.34537667"><ele>1315.0</ele><time>2022-10-10T19:48:52.465Z</time></trkpt><trkpt lat="51.06907833" lon="-115.34539833"><ele>1315.0</ele><time>2022-10-10T19:48:53.465Z</time></trkpt><trkpt lat="51.06907167" lon="-115.34541"><ele>1315.0</ele><time>2022-10-10T19:48:54.464Z</time></trkpt><trkpt lat="51.06906833" lon="-115.34541833"><ele>1315.0</ele><time>2022-10-10T19:48:55.464Z</time></trkpt><trkpt lat="51.06906167" lon="-115.34542667"><ele>1316.0</ele><time>2022-10-10T19:48:56.465Z</time></trkpt><trkpt lat="51.06906167" lon="-115.34543333"><ele>1317.0</ele><time>2022-10-10T19:48:57.465Z</time></trkpt><trkpt lat="51.06906167" lon="-115.345435"><ele>1317.0</ele><time>2022-10-10T19:48:58.465Z</time></trkpt><trkpt lat="51.06906" lon="-115.34543"><ele>1318.0</ele><time>2022-10-10T19:48:59.465Z</time></trkpt><trkpt lat="51.06906" lon="-115.34542833"><ele>1319.0</ele><time>2022-10-10T19:49:00.464Z</time></trkpt><trkpt lat="51.06906" lon="-115.34542833"><ele>1319.0</ele><time>2022-10-10T19:49:01.464Z</time></trkpt><trkpt lat="51.06906167" lon="-115.34542833"><ele>1320.0</ele><time>2022-10-10T19:49:02.465Z</time></trkpt><trkpt lat="51.06906333" lon="-115.34542667"><ele>1320.0</ele><time>2022-10-10T19:49:03.465Z</time></trkpt><trkpt lat="51.069065" lon="-115.345425"><ele>1321.0</ele><time>2022-10-10T19:49:04.465Z</time></trkpt><trkpt lat="51.06906333" lon="-115.34543"><ele>1321.0</ele><time>2022-10-10T19:49:05.465Z</time></trkpt><trkpt lat="51.06906167" lon="-115.345435"><ele>1322.0</ele><time>2022-10-10T19:49:06.464Z</time></trkpt><trkpt lat="51.06906" lon="-115.34544167"><ele>1322.0</ele><time>2022-10-10T19:49:07.464Z</time></trkpt><trkpt lat="51.06905833" lon="-115.34544667"><ele>1323.0</ele><time>2022-10-10T19:49:08.465Z</time></trkpt><trkpt lat="51.06906167" lon="-115.34544167"><ele>1324.0</ele><time>2022-10-10T19:49:09.464Z</time></trkpt><trkpt lat="51.06906667" lon="-115.34543333"><ele>1325.0</ele><time>2022-10-10T19:49:10.465Z</time></trkpt><trkpt lat="51.069065" lon="-115.345425"><ele>1325.0</ele><time>2022-10-10T19:49:11.465Z</time></trkpt><trkpt lat="51.06906167" lon="-115.34542167"><ele>1326.0</ele><time>2022-10-10T19:49:12.465Z</time></trkpt><trkpt lat="51.06906" lon="-115.34542167"><ele>1326.0</ele><time>2022-10-10T19:49:13.464Z</time></trkpt><trkpt lat="51.06905833" lon="-115.34542333"><ele>1326.0</ele><time>2022-10-10T19:49:14.464Z</time></trkpt><trkpt lat="51.06906" lon="-115.34542333"><ele>1327.0</ele><time>2022-10-10T19:49:15.465Z</time></trkpt><trkpt lat="51.06906167" lon="-115.34542333"><ele>1327.0</ele><time>2022-10-10T19:49:16.465Z</time></trkpt><trkpt lat="51.06907" lon="-115.34542333"><ele>1328.0</ele><time>2022-10-10T19:49:17.465Z</time></trkpt><trkpt lat="51.069075" lon="-115.34542333"><ele>1328.0</ele><time>2022-10-10T19:49:18.465Z</time></trkpt><trkpt lat="51.069075" lon="-115.34542"><ele>1329.0</ele><time>2022-10-10T19:49:19.464Z</time></trkpt><trkpt lat="51.06907667" lon="-115.34542167"><ele>1329.0</ele><time>2022-10-10T19:49:20.464Z</time></trkpt><trkpt lat="51.06907833" lon="-115.34542167"><ele>1330.0</ele><time>2022-10-10T19:49:21.465Z</time></trkpt><trkpt lat="51.069075" lon="-115.34542333"><ele>1330.0</ele><time>2022-10-10T19:49:22.465Z</time></trkpt><trkpt lat="51.06907167" lon="-115.345425"><ele>1330.0</ele><time>2022-10-10T19:49:23.465Z</time></trkpt><trkpt lat="51.06907" lon="-115.34542667"><ele>1331.0</ele><time>2022-10-10T19:49:24.465Z</time></trkpt><trkpt lat="51.06907" lon="-115.34542833"><ele>1331.0</ele><time>2022-10-10T19:49:25.465Z</time></trkpt><trkpt lat="51.06906833" lon="-115.34543"><ele>1331.0</ele><time>2022-10-10T19:49:26.464Z</time></trkpt><trkpt lat="51.06906833" lon="-115.34543"><ele>1331.0</ele><time>2022-10-10T19:49:27.465Z</time></trkpt><trkpt lat="51.06907" lon="-115.34543167"><ele>1331.0</ele><time>2022-10-10T19:49:28.465Z</time></trkpt><trkpt lat="51.06907167" lon="-115.34543333"><ele>1331.0</ele><time>2022-10-10T19:49:29.465Z</time></trkpt><trkpt lat="51.06907167" lon="-115.34543167"><ele>1331.0</ele><time>2022-10-10T19:49:30.465Z</time></trkpt><trkpt lat="51.06907" lon="-115.34543167"><ele>1331.0</ele><time>2022-10-10T19:49:31.465Z</time></trkpt><trkpt lat="51.06907" lon="-115.34543"><ele>1331.0</ele><time>2022-10-10T19:49:32.464Z</time></trkpt><trkpt lat="51.06907167" lon="-115.34542833"><ele>1331.0</ele><time>2022-10-10T19:49:33.464Z</time></trkpt><trkpt lat="51.06907167" lon="-115.345425"><ele>1331.0</ele><time>2022-10-10T19:49:34.465Z</time></trkpt><trkpt lat="51.06907" lon="-115.34542167"><ele>1330.0</ele><time>2022-10-10T19:49:35.465Z</time></trkpt><trkpt lat="51.06906833" lon="-115.34541167"><ele>1330.0</ele><time>2022-10-10T19:49:36.465Z</time></trkpt><trkpt lat="51.06906667" lon="-115.34539667"><ele>1329.0</ele><time>2022-10-10T19:49:37.465Z</time></trkpt><trkpt lat="51.06907167" lon="-115.34537833"><ele>1329.0</ele><time>2022-10-10T19:49:38.465Z</time></trkpt><trkpt lat="51.06907333" lon="-115.34536"><ele>1329.0</ele><time>2022-10-10T19:49:39.464Z</time></trkpt><trkpt lat="51.06907167" lon="-115.34534167"><ele>1329.0</ele><time>2022-10-10T19:49:40.465Z</time></trkpt><trkpt lat="51.06907167" lon="-115.34531667"><ele>1329.0</ele><time>2022-10-10T19:49:41.465Z</time></trkpt><trkpt lat="51.06907" lon="-115.345295"><ele>1329.0</ele><time>2022-10-10T19:49:42.465Z</time></trkpt><trkpt lat="51.06906667" lon="-115.34526833"><ele>1329.0</ele><time>2022-10-10T19:49:43.465Z</time></trkpt><trkpt lat="51.06906667" lon="-115.34524833"><ele>1329.0</ele><time>2022-10-10T19:49:44.465Z</time></trkpt><trkpt lat="51.06906667" lon="-115.34524167"><ele>1329.0</ele><time>2022-10-10T19:49:45.464Z</time></trkpt><trkpt lat="51.06906" lon="-115.345235"><ele>1329.0</ele><time>2022-10-10T19:49:46.465Z</time></trkpt><trkpt lat="51.06905" lon="-115.34522"><ele>1329.0</ele><time>2022-10-10T19:49:47.465Z</time></trkpt><trkpt lat="51.06905" lon="-115.3452"><ele>1329.0</ele><time>2022-10-10T19:49:48.464Z</time></trkpt><trkpt lat="51.06905167" lon="-115.34518167"><ele>1329.0</ele><time>2022-10-10T19:49:49.465Z</time></trkpt><trkpt lat="51.06904667" lon="-115.34517667"><ele>1329.0</ele><time>2022-10-10T19:49:50.465Z</time></trkpt><trkpt lat="51.06904167" lon="-115.34516667"><ele>1328.0</ele><time>2022-10-10T19:49:51.464Z</time></trkpt><trkpt lat="51.06903" lon="-115.345155"><ele>1328.0</ele><time>2022-10-10T19:49:52.465Z</time></trkpt><trkpt lat="51.06901833" lon="-115.34513833"><ele>1328.0</ele><time>2022-10-10T19:49:53.464Z</time></trkpt><trkpt lat="51.069015" lon="-115.34512167"><ele>1327.0</ele><time>2022-10-10T19:49:54.464Z</time></trkpt><trkpt lat="51.06901667" lon="-115.34510833"><ele>1327.0</ele><time>2022-10-10T19:49:55.464Z</time></trkpt><trkpt lat="51.06901333" lon="-115.345095"><ele>1326.0</ele><time>2022-10-10T19:49:56.464Z</time></trkpt><trkpt lat="51.06900667" lon="-115.34508167"><ele>1326.0</ele><time>2022-10-10T19:49:57.464Z</time></trkpt><trkpt lat="51.06899833" lon="-115.34506667"><ele>1326.0</ele><time>2022-10-10T19:49:58.464Z</time></trkpt><trkpt lat="51.06899" lon="-115.34504833"><ele>1325.0</ele><time>2022-10-10T19:49:59.464Z</time></trkpt><trkpt lat="51.06898" lon="-115.34503667"><ele>1324.0</ele><time>2022-10-10T19:50:00.464Z</time></trkpt><trkpt lat="51.06897833" lon="-115.34502833"><ele>1324.0</ele><time>2022-10-10T19:50:01.465Z</time></trkpt><trkpt lat="51.06897833" lon="-115.34502833"><ele>1324.0</ele><time>2022-10-10T19:50:02.465Z</time></trkpt><trkpt lat="51.06898" lon="-115.345025"><ele>1324.0</ele><time>2022-10-10T19:50:03.465Z</time></trkpt><trkpt lat="51.06898167" lon="-115.34502333"><ele>1324.0</ele><time>2022-10-10T19:50:04.465Z</time></trkpt><trkpt lat="51.06898333" lon="-115.34501667"><ele>1324.0</ele><time>2022-10-10T19:50:05.464Z</time></trkpt><trkpt lat="51.06898667" lon="-115.34500833"><ele>1323.0</ele><time>2022-10-10T19:50:06.465Z</time></trkpt><trkpt lat="51.06899" lon="-115.344995"><ele>1323.0</ele><time>2022-10-10T19:50:07.464Z</time></trkpt><trkpt lat="51.06899333" lon="-115.34498"><ele>1323.0</ele><time>2022-10-10T19:50:08.465Z</time></trkpt><trkpt lat="51.06899167" lon="-115.344965"><ele>1322.0</ele><time>2022-10-10T19:50:09.464Z</time></trkpt><trkpt lat="51.068995" lon="-115.34495"><ele>1322.0</ele><time>2022-10-10T19:50:10.465Z</time></trkpt><trkpt lat="51.06900167" lon="-115.34492667"><ele>1322.0</ele><time>2022-10-10T19:50:11.465Z</time></trkpt><trkpt lat="51.069005" lon="-115.34490667"><ele>1322.0</ele><time>2022-10-10T19:50:12.465Z</time></trkpt><trkpt lat="51.06900333" lon="-115.34488333"><ele>1322.0</ele><time>2022-10-10T19:50:13.465Z</time></trkpt><trkpt lat="51.06900167" lon="-115.34486167"><ele>1322.0</ele><time>2022-10-10T19:50:14.464Z</time></trkpt><trkpt lat="51.06900333" lon="-115.34484833"><ele>1322.0</ele><time>2022-10-10T19:50:15.464Z</time></trkpt><trkpt lat="51.06900167" lon="-115.34483333"><ele>1322.0</ele><time>2022-10-10T19:50:16.465Z</time></trkpt><trkpt lat="51.069" lon="-115.34482167"><ele>1321.0</ele><time>2022-10-10T19:50:17.465Z</time></trkpt><trkpt lat="51.069" lon="-115.34480833"><ele>1321.0</ele><time>2022-10-10T19:50:18.465Z</time></trkpt><trkpt lat="51.068995" lon="-115.34479667"><ele>1321.0</ele><time>2022-10-10T19:50:19.465Z</time></trkpt><trkpt lat="51.06899333" lon="-115.344785"><ele>1320.0</ele><time>2022-10-10T19:50:20.464Z</time></trkpt><trkpt lat="51.06898833" lon="-115.34477333"><ele>1320.0</ele><time>2022-10-10T19:50:21.464Z</time></trkpt><trkpt lat="51.06898333" lon="-115.34475667"><ele>1319.0</ele><time>2022-10-10T19:50:22.465Z</time></trkpt><trkpt lat="51.06898" lon="-115.34474"><ele>1318.0</ele><time>2022-10-10T19:50:23.465Z</time></trkpt><trkpt lat="51.06897333" lon="-115.344705"><ele>1317.0</ele><time>2022-10-10T19:50:24.465Z</time></trkpt><trkpt lat="51.068965" lon="-115.34467333"><ele>1317.0</ele><time>2022-10-10T19:50:25.465Z</time></trkpt><trkpt lat="51.06895667" lon="-115.34465"><ele>1316.0</ele><time>2022-10-10T19:50:26.464Z</time></trkpt><trkpt lat="51.06894667" lon="-115.344625"><ele>1316.0</ele><time>2022-10-10T19:50:27.464Z</time></trkpt><trkpt lat="51.06894667" lon="-115.34461333"><ele>1316.0</ele><time>2022-10-10T19:50:28.465Z</time></trkpt><trkpt lat="51.068945" lon="-115.34460667"><ele>1315.0</ele><time>2022-10-10T19:50:29.465Z</time></trkpt><trkpt lat="51.06894833" lon="-115.34460333"><ele>1315.0</ele><time>2022-10-10T19:50:30.465Z</time></trkpt><trkpt lat="51.06894" lon="-115.34460833"><ele>1314.0</ele><time>2022-10-10T19:50:31.465Z</time></trkpt><trkpt lat="51.068935" lon="-115.34461"><ele>1314.0</ele><time>2022-10-10T19:50:32.464Z</time></trkpt><trkpt lat="51.06893333" lon="-115.34461333"><ele>1313.0</ele><time>2022-10-10T19:50:33.464Z</time></trkpt><trkpt lat="51.06893667" lon="-115.34461167"><ele>1313.0</ele><time>2022-10-10T19:50:34.464Z</time></trkpt><trkpt lat="51.06893833" lon="-115.34460667"><ele>1313.0</ele><time>2022-10-10T19:50:35.465Z</time></trkpt><trkpt lat="51.068945" lon="-115.34459"><ele>1313.0</ele><time>2022-10-10T19:50:36.465Z</time></trkpt><trkpt lat="51.06894833" lon="-115.34457333"><ele>1313.0</ele><time>2022-10-10T19:50:37.465Z</time></trkpt><trkpt lat="51.068945" lon="-115.34455833"><ele>1313.0</ele><time>2022-10-10T19:50:38.465Z</time></trkpt><trkpt lat="51.06894" lon="-115.34454667"><ele>1313.0</ele><time>2022-10-10T19:50:39.464Z</time></trkpt><trkpt lat="51.068935" lon="-115.344535"><ele>1313.0</ele><time>2022-10-10T19:50:40.464Z</time></trkpt><trkpt lat="51.06893333" lon="-115.34452333"><ele>1314.0</ele><time>2022-10-10T19:50:41.465Z</time></trkpt><trkpt lat="51.06893333" lon="-115.34451167"><ele>1314.0</ele><time>2022-10-10T19:50:42.465Z</time></trkpt><trkpt lat="51.06893" lon="-115.34451333"><ele>1314.0</ele><time>2022-10-10T19:50:43.465Z</time></trkpt><trkpt lat="51.06893" lon="-115.344515"><ele>1315.0</ele><time>2022-10-10T19:50:44.465Z</time></trkpt><trkpt lat="51.06893167" lon="-115.34451333"><ele>1315.0</ele><time>2022-10-10T19:50:45.464Z</time></trkpt><trkpt lat="51.06893667" lon="-115.34451833"><ele>1315.0</ele><time>2022-10-10T19:50:46.464Z</time></trkpt><trkpt lat="51.06893667" lon="-115.34451667"><ele>1315.0</ele><time>2022-10-10T19:50:47.465Z</time></trkpt><trkpt lat="51.06894" lon="-115.34451667"><ele>1315.0</ele><time>2022-10-10T19:50:48.465Z</time></trkpt><trkpt lat="51.06894" lon="-115.34451833"><ele>1315.0</ele><time>2022-10-10T19:50:49.465Z</time></trkpt><trkpt lat="51.06894167" lon="-115.34452"><ele>1315.0</ele><time>2022-10-10T19:50:50.464Z</time></trkpt><trkpt lat="51.06894333" lon="-115.34451667"><ele>1315.0</ele><time>2022-10-10T19:50:51.464Z</time></trkpt><trkpt lat="51.068945" lon="-115.34451333"><ele>1316.0</ele><time>2022-10-10T19:50:52.464Z</time></trkpt><trkpt lat="51.068945" lon="-115.34451333"><ele>1316.0</ele><time>2022-10-10T19:50:53.464Z</time></trkpt><trkpt lat="51.06894333" lon="-115.34450833"><ele>1317.0</ele><time>2022-10-10T19:50:54.464Z</time></trkpt><trkpt lat="51.06894167" lon="-115.34449833"><ele>1317.0</ele><time>2022-10-10T19:50:55.464Z</time></trkpt><trkpt lat="51.06894" lon="-115.34448833"><ele>1318.0</ele><time>2022-10-10T19:50:56.465Z</time></trkpt><trkpt lat="51.06893833" lon="-115.34447167"><ele>1319.0</ele><time>2022-10-10T19:50:57.465Z</time></trkpt><trkpt lat="51.06893333" lon="-115.344455"><ele>1320.0</ele><time>2022-10-10T19:50:58.465Z</time></trkpt><trkpt lat="51.06892833" lon="-115.34444"><ele>1320.0</ele><time>2022-10-10T19:50:59.465Z</time></trkpt><trkpt lat="51.06892333" lon="-115.34442667"><ele>1320.0</ele><time>2022-10-10T19:51:00.464Z</time></trkpt><trkpt lat="51.06892167" lon="-115.34440833"><ele>1321.0</ele><time>2022-10-10T19:51:01.465Z</time></trkpt><trkpt lat="51.06892167" lon="-115.34438333"><ele>1320.0</ele><time>2022-10-10T19:51:02.465Z</time></trkpt><trkpt lat="51.068915" lon="-115.34436333"><ele>1320.0</ele><time>2022-10-10T19:51:03.465Z</time></trkpt><trkpt lat="51.06891167" lon="-115.34433667"><ele>1320.0</ele><time>2022-10-10T19:51:04.465Z</time></trkpt><trkpt lat="51.068905" lon="-115.34432333"><ele>1320.0</ele><time>2022-10-10T19:51:05.465Z</time></trkpt><trkpt lat="51.06889833" lon="-115.34431"><ele>1320.0</ele><time>2022-10-10T19:51:06.464Z</time></trkpt><trkpt lat="51.06889" lon="-115.34429833"><ele>1320.0</ele><time>2022-10-10T19:51:07.465Z</time></trkpt><trkpt lat="51.068885" lon="-115.34429167"><ele>1319.0</ele><time>2022-10-10T19:51:08.465Z</time></trkpt><trkpt lat="51.06887667" lon="-115.34428667"><ele>1319.0</ele><time>2022-10-10T19:51:09.465Z</time></trkpt><trkpt lat="51.06886667" lon="-115.34427667"><ele>1319.0</ele><time>2022-10-10T19:51:10.465Z</time></trkpt><trkpt lat="51.06885" lon="-115.34424667"><ele>1318.0</ele><time>2022-10-10T19:51:11.464Z</time></trkpt><trkpt lat="51.068835" lon="-115.344225"><ele>1318.0</ele><time>2022-10-10T19:51:12.464Z</time></trkpt><trkpt lat="51.06882667" lon="-115.34421333"><ele>1318.0</ele><time>2022-10-10T19:51:13.465Z</time></trkpt><trkpt lat="51.06881833" lon="-115.34420167"><ele>1319.0</ele><time>2022-10-10T19:51:14.465Z</time></trkpt><trkpt lat="51.068805" lon="-115.34418833"><ele>1320.0</ele><time>2022-10-10T19:51:15.465Z</time></trkpt><trkpt lat="51.06879667" lon="-115.34417667"><ele>1320.0</ele><time>2022-10-10T19:51:16.465Z</time></trkpt><trkpt lat="51.06879" lon="-115.34416667"><ele>1321.0</ele><time>2022-10-10T19:51:17.465Z</time></trkpt><trkpt lat="51.06878167" lon="-115.34415167"><ele>1322.0</ele><time>2022-10-10T19:51:18.465Z</time></trkpt><trkpt lat="51.06877667" lon="-115.344135"><ele>1322.0</ele><time>2022-10-10T19:51:19.464Z</time></trkpt><trkpt lat="51.06877167" lon="-115.34411667"><ele>1323.0</ele><time>2022-10-10T19:51:20.465Z</time></trkpt><trkpt lat="51.06877333" lon="-115.34410667"><ele>1323.0</ele><time>2022-10-10T19:51:21.465Z</time></trkpt><trkpt lat="51.06876667" lon="-115.34409833"><ele>1323.0</ele><time>2022-10-10T19:51:22.465Z</time></trkpt><trkpt lat="51.06876667" lon="-115.344095"><ele>1323.0</ele><time>2022-10-10T19:51:23.465Z</time></trkpt><trkpt lat="51.06876667" lon="-115.344085"><ele>1323.0</ele><time>2022-10-10T19:51:24.465Z</time></trkpt><trkpt lat="51.06876833" lon="-115.34408"><ele>1323.0</ele><time>2022-10-10T19:51:25.464Z</time></trkpt><trkpt lat="51.06877" lon="-115.344085"><ele>1323.0</ele><time>2022-10-10T19:51:26.465Z</time></trkpt><trkpt lat="51.06877167" lon="-115.34408833"><ele>1322.0</ele><time>2022-10-10T19:51:27.464Z</time></trkpt><trkpt lat="51.068775" lon="-115.344085"><ele>1321.0</ele><time>2022-10-10T19:51:28.465Z</time></trkpt><trkpt lat="51.06877833" lon="-115.34407667"><ele>1321.0</ele><time>2022-10-10T19:51:29.465Z</time></trkpt><trkpt lat="51.06877833" lon="-115.34407"><ele>1321.0</ele><time>2022-10-10T19:51:30.465Z</time></trkpt><trkpt lat="51.068775" lon="-115.34406333"><ele>1320.0</ele><time>2022-10-10T19:51:31.465Z</time></trkpt><trkpt lat="51.06877333" lon="-115.344055"><ele>1320.0</ele><time>2022-10-10T19:51:32.464Z</time></trkpt><trkpt lat="51.06877333" lon="-115.34404333"><ele>1320.0</ele><time>2022-10-10T19:51:33.465Z</time></trkpt><trkpt lat="51.06877" lon="-115.344035"><ele>1319.0</ele><time>2022-10-10T19:51:34.465Z</time></trkpt><trkpt lat="51.06876333" lon="-115.34403167"><ele>1318.0</ele><time>2022-10-10T19:51:35.465Z</time></trkpt><trkpt lat="51.06875833" lon="-115.34404833"><ele>1318.0</ele><time>2022-10-10T19:51:36.465Z</time></trkpt><trkpt lat="51.06875667" lon="-115.34406833"><ele>1318.0</ele><time>2022-10-10T19:51:37.465Z</time></trkpt><trkpt lat="51.06876167" lon="-115.3441"><ele>1318.0</ele><time>2022-10-10T19:51:38.464Z</time></trkpt><trkpt lat="51.06876" lon="-115.34411"><ele>1319.0</ele><time>2022-10-10T19:51:39.465Z</time></trkpt><trkpt lat="51.068755" lon="-115.34411167"><ele>1319.0</ele><time>2022-10-10T19:51:40.465Z</time></trkpt><trkpt lat="51.06875333" lon="-115.34411333"><ele>1319.0</ele><time>2022-10-10T19:51:41.465Z</time></trkpt><trkpt lat="51.06875333" lon="-115.34411667"><ele>1320.0</ele><time>2022-10-10T19:51:42.465Z</time></trkpt><trkpt lat="51.06874833" lon="-115.34411667"><ele>1320.0</ele><time>2022-10-10T19:51:43.465Z</time></trkpt><trkpt lat="51.068745" lon="-115.34411"><ele>1321.0</ele><time>2022-10-10T19:51:44.464Z</time></trkpt><trkpt lat="51.06874167" lon="-115.34410667"><ele>1321.0</ele><time>2022-10-10T19:51:45.465Z</time></trkpt><trkpt lat="51.06874167" lon="-115.34410333"><ele>1321.0</ele><time>2022-10-10T19:51:46.465Z</time></trkpt><trkpt lat="51.06873833" lon="-115.34410667"><ele>1321.0</ele><time>2022-10-10T19:51:47.465Z</time></trkpt><trkpt lat="51.068735" lon="-115.34411"><ele>1322.0</ele><time>2022-10-10T19:51:48.465Z</time></trkpt><trkpt lat="51.06873333" lon="-115.344115"><ele>1322.0</ele><time>2022-10-10T19:51:49.464Z</time></trkpt><trkpt lat="51.06872833" lon="-115.34411833"><ele>1322.0</ele><time>2022-10-10T19:51:50.464Z</time></trkpt><trkpt lat="51.06873167" lon="-115.344115"><ele>1322.0</ele><time>2022-10-10T19:51:51.464Z</time></trkpt><trkpt lat="51.06873667" lon="-115.3441"><ele>1322.0</ele><time>2022-10-10T19:51:52.465Z</time></trkpt><trkpt lat="51.06874167" lon="-115.34409167"><ele>1323.0</ele><time>2022-10-10T19:51:53.465Z</time></trkpt><trkpt lat="51.068745" lon="-115.34409"><ele>1323.0</ele><time>2022-10-10T19:51:54.465Z</time></trkpt><trkpt lat="51.06874833" lon="-115.34409"><ele>1323.0</ele><time>2022-10-10T19:51:55.465Z</time></trkpt><trkpt lat="51.06875333" lon="-115.34408833"><ele>1323.0</ele><time>2022-10-10T19:51:56.464Z</time></trkpt><trkpt lat="51.06875833" lon="-115.34409"><ele>1324.0</ele><time>2022-10-10T19:51:57.464Z</time></trkpt><trkpt lat="51.06876333" lon="-115.34408833"><ele>1324.0</ele><time>2022-10-10T19:51:58.465Z</time></trkpt><trkpt lat="51.06876333" lon="-115.34409167"><ele>1324.0</ele><time>2022-10-10T19:51:59.465Z</time></trkpt><trkpt lat="51.068765" lon="-115.344095"><ele>1324.0</ele><time>2022-10-10T19:52:00.465Z</time></trkpt><trkpt lat="51.06876667" lon="-115.34409833"><ele>1324.0</ele><time>2022-10-10T19:52:01.465Z</time></trkpt><trkpt lat="51.06877" lon="-115.3441"><ele>1324.0</ele><time>2022-10-10T19:52:02.464Z</time></trkpt><trkpt lat="51.06877" lon="-115.34410667"><ele>1325.0</ele><time>2022-10-10T19:52:03.465Z</time></trkpt><trkpt lat="51.06877167" lon="-115.344115"><ele>1325.0</ele><time>2022-10-10T19:52:04.465Z</time></trkpt><trkpt lat="51.068775" lon="-115.34412167"><ele>1326.0</ele><time>2022-10-10T19:52:05.465Z</time></trkpt><trkpt lat="51.06877667" lon="-115.34412667"><ele>1326.0</ele><time>2022-10-10T19:52:06.465Z</time></trkpt><trkpt lat="51.06877833" lon="-115.34412167"><ele>1327.0</ele><time>2022-10-10T19:52:07.465Z</time></trkpt><trkpt lat="51.06878" lon="-115.34412"><ele>1327.0</ele><time>2022-10-10T19:52:08.464Z</time></trkpt><trkpt lat="51.068785" lon="-115.34411667"><ele>1327.0</ele><time>2022-10-10T19:52:09.465Z</time></trkpt><trkpt lat="51.06878833" lon="-115.34411"><ele>1327.0</ele><time>2022-10-10T19:52:10.465Z</time></trkpt><trkpt lat="51.06879333" lon="-115.3441"><ele>1328.0</ele><time>2022-10-10T19:52:11.464Z</time></trkpt><trkpt lat="51.06879833" lon="-115.34409167"><ele>1328.0</ele><time>2022-10-10T19:52:12.465Z</time></trkpt><trkpt lat="51.06880333" lon="-115.34408333"><ele>1328.0</ele><time>2022-10-10T19:52:13.464Z</time></trkpt><trkpt lat="51.06881333" lon="-115.34407"><ele>1329.0</ele><time>2022-10-10T19:52:14.465Z</time></trkpt><trkpt lat="51.06881833" lon="-115.344065"><ele>1329.0</ele><time>2022-10-10T19:52:15.465Z</time></trkpt><trkpt lat="51.06882167" lon="-115.34406167"><ele>1330.0</ele><time>2022-10-10T19:52:16.465Z</time></trkpt><trkpt lat="51.068825" lon="-115.34406333"><ele>1331.0</ele><time>2022-10-10T19:52:17.465Z</time></trkpt><trkpt lat="51.06882667" lon="-115.34406333"><ele>1332.0</ele><time>2022-10-10T19:52:18.465Z</time></trkpt><trkpt lat="51.06883167" lon="-115.34406167"><ele>1333.0</ele><time>2022-10-10T19:52:19.464Z</time></trkpt><trkpt lat="51.068835" lon="-115.34406167"><ele>1333.0</ele><time>2022-10-10T19:52:20.465Z</time></trkpt><trkpt lat="51.06883833" lon="-115.34407"><ele>1334.0</ele><time>2022-10-10T19:52:21.465Z</time></trkpt><trkpt lat="51.06884333" lon="-115.344075"><ele>1335.0</ele><time>2022-10-10T19:52:22.465Z</time></trkpt><trkpt lat="51.06885" lon="-115.34408"><ele>1335.0</ele><time>2022-10-10T19:52:23.465Z</time></trkpt><trkpt lat="51.06885833" lon="-115.34408"><ele>1336.0</ele><time>2022-10-10T19:52:24.464Z</time></trkpt><trkpt lat="51.06886667" lon="-115.34408167"><ele>1336.0</ele><time>2022-10-10T19:52:25.465Z</time></trkpt><trkpt lat="51.06887167" lon="-115.344085"><ele>1337.0</ele><time>2022-10-10T19:52:26.465Z</time></trkpt><trkpt lat="51.06887" lon="-115.34409333"><ele>1337.0</ele><time>2022-10-10T19:52:27.465Z</time></trkpt><trkpt lat="51.06887333" lon="-115.344095"><ele>1337.0</ele><time>2022-10-10T19:52:28.465Z</time></trkpt><trkpt lat="51.068875" lon="-115.34409333"><ele>1337.0</ele><time>2022-10-10T19:52:29.464Z</time></trkpt><trkpt lat="51.06888" lon="-115.34408333"><ele>1337.0</ele><time>2022-10-10T19:52:30.464Z</time></trkpt><trkpt lat="51.068875" lon="-115.34407167"><ele>1336.0</ele><time>2022-10-10T19:52:31.464Z</time></trkpt><trkpt lat="51.068875" lon="-115.34405667"><ele>1336.0</ele><time>2022-10-10T19:52:32.465Z</time></trkpt><trkpt lat="51.068875" lon="-115.34404667"><ele>1336.0</ele><time>2022-10-10T19:52:33.465Z</time></trkpt><trkpt lat="51.06887833" lon="-115.34403833"><ele>1336.0</ele><time>2022-10-10T19:52:34.465Z</time></trkpt><trkpt lat="51.06888333" lon="-115.344035"><ele>1336.0</ele><time>2022-10-10T19:52:35.464Z</time></trkpt><trkpt lat="51.06888667" lon="-115.344035"><ele>1336.0</ele><time>2022-10-10T19:52:36.464Z</time></trkpt><trkpt lat="51.06888833" lon="-115.34403667"><ele>1336.0</ele><time>2022-10-10T19:52:37.465Z</time></trkpt><trkpt lat="51.06889" lon="-115.34403833"><ele>1337.0</ele><time>2022-10-10T19:52:38.465Z</time></trkpt><trkpt lat="51.06889167" lon="-115.34404"><ele>1337.0</ele><time>2022-10-10T19:52:39.465Z</time></trkpt><trkpt lat="51.068895" lon="-115.34403833"><ele>1338.0</ele><time>2022-10-10T19:52:40.465Z</time></trkpt><trkpt lat="51.06890167" lon="-115.34403333"><ele>1338.0</ele><time>2022-10-10T19:52:41.464Z</time></trkpt><trkpt lat="51.06890333" lon="-115.344035"><ele>1339.0</ele><time>2022-10-10T19:52:42.464Z</time></trkpt><trkpt lat="51.06890667" lon="-115.34403833"><ele>1340.0</ele><time>2022-10-10T19:52:43.465Z</time></trkpt><trkpt lat="51.06891" lon="-115.34403833"><ele>1340.0</ele><time>2022-10-10T19:52:44.465Z</time></trkpt><trkpt lat="51.06891167" lon="-115.34403667"><ele>1340.0</ele><time>2022-10-10T19:52:45.464Z</time></trkpt><trkpt lat="51.06891833" lon="-115.34404333"><ele>1341.0</ele><time>2022-10-10T19:52:46.464Z</time></trkpt><trkpt lat="51.06892667" lon="-115.34404333"><ele>1340.0</ele><time>2022-10-10T19:52:47.465Z</time></trkpt><trkpt lat="51.068935" lon="-115.344035"><ele>1340.0</ele><time>2022-10-10T19:52:48.465Z</time></trkpt><trkpt lat="51.06894333" lon="-115.34402667"><ele>1340.0</ele><time>2022-10-10T19:52:49.464Z</time></trkpt><trkpt lat="51.06895333" lon="-115.34402167"><ele>1339.0</ele><time>2022-10-10T19:52:50.464Z</time></trkpt><trkpt lat="51.068965" lon="-115.34402167"><ele>1339.0</ele><time>2022-10-10T19:52:51.464Z</time></trkpt><trkpt lat="51.068975" lon="-115.34402833"><ele>1339.0</ele><time>2022-10-10T19:52:52.465Z</time></trkpt><trkpt lat="51.06898833" lon="-115.34403333"><ele>1338.0</ele><time>2022-10-10T19:52:53.465Z</time></trkpt><trkpt lat="51.06899667" lon="-115.34403333"><ele>1338.0</ele><time>2022-10-10T19:52:54.465Z</time></trkpt><trkpt lat="51.06899667" lon="-115.34403833"><ele>1338.0</ele><time>2022-10-10T19:52:55.465Z</time></trkpt><trkpt lat="51.06899" lon="-115.34404167"><ele>1337.0</ele><time>2022-10-10T19:52:56.465Z</time></trkpt><trkpt lat="51.06898167" lon="-115.34405667"><ele>1337.0</ele><time>2022-10-10T19:52:57.464Z</time></trkpt><trkpt lat="51.068985" lon="-115.34406667"><ele>1337.0</ele><time>2022-10-10T19:52:58.465Z</time></trkpt><trkpt lat="51.068985" lon="-115.34407333"><ele>1337.0</ele><time>2022-10-10T19:52:59.465Z</time></trkpt><trkpt lat="51.06898167" lon="-115.34408"><ele>1338.0</ele><time>2022-10-10T19:53:00.465Z</time></trkpt><trkpt lat="51.06898333" lon="-115.34408667"><ele>1338.0</ele><time>2022-10-10T19:53:01.465Z</time></trkpt><trkpt lat="51.06898333" lon="-115.34409667"><ele>1338.0</ele><time>2022-10-10T19:53:02.464Z</time></trkpt><trkpt lat="51.068985" lon="-115.3441"><ele>1338.0</ele><time>2022-10-10T19:53:03.464Z</time></trkpt><trkpt lat="51.06898833" lon="-115.3441"><ele>1338.0</ele><time>2022-10-10T19:53:04.465Z</time></trkpt><trkpt lat="51.06899" lon="-115.34410667"><ele>1338.0</ele><time>2022-10-10T19:53:05.464Z</time></trkpt><trkpt lat="51.06899333" lon="-115.34411"><ele>1338.0</ele><time>2022-10-10T19:53:06.465Z</time></trkpt><trkpt lat="51.06899333" lon="-115.34411167"><ele>1338.0</ele><time>2022-10-10T19:53:07.465Z</time></trkpt><trkpt lat="51.06899667" lon="-115.344115"><ele>1338.0</ele><time>2022-10-10T19:53:08.464Z</time></trkpt><trkpt lat="51.069" lon="-115.34412333"><ele>1338.0</ele><time>2022-10-10T19:53:09.465Z</time></trkpt><trkpt lat="51.069005" lon="-115.344135"><ele>1338.0</ele><time>2022-10-10T19:53:10.465Z</time></trkpt><trkpt lat="51.06900833" lon="-115.34414"><ele>1337.0</ele><time>2022-10-10T19:53:11.464Z</time></trkpt><trkpt lat="51.06899167" lon="-115.34415"><ele>1337.0</ele><time>2022-10-10T19:53:12.465Z</time></trkpt><trkpt lat="51.06898333" lon="-115.34415667"><ele>1337.0</ele><time>2022-10-10T19:53:13.464Z</time></trkpt><trkpt lat="51.06897333" lon="-115.34416"><ele>1336.0</ele><time>2022-10-10T19:53:14.464Z</time></trkpt><trkpt lat="51.068955" lon="-115.34417667"><ele>1336.0</ele><time>2022-10-10T19:53:15.465Z</time></trkpt><trkpt lat="51.06894667" lon="-115.344195"><ele>1336.0</ele><time>2022-10-10T19:53:16.465Z</time></trkpt><trkpt lat="51.06894167" lon="-115.34420333"><ele>1336.0</ele><time>2022-10-10T19:53:17.465Z</time></trkpt><trkpt lat="51.06893833" lon="-115.34420667"><ele>1335.0</ele><time>2022-10-10T19:53:18.465Z</time></trkpt><trkpt lat="51.06893333" lon="-115.34421"><ele>1335.0</ele><time>2022-10-10T19:53:19.465Z</time></trkpt><trkpt lat="51.06893333" lon="-115.34421667"><ele>1335.0</ele><time>2022-10-10T19:53:20.464Z</time></trkpt><trkpt lat="51.068935" lon="-115.34422167"><ele>1335.0</ele><time>2022-10-10T19:53:21.465Z</time></trkpt><trkpt lat="51.068935" lon="-115.34422667"><ele>1334.0</ele><time>2022-10-10T19:53:22.465Z</time></trkpt><trkpt lat="51.06893333" lon="-115.34423167"><ele>1333.0</ele><time>2022-10-10T19:53:23.465Z</time></trkpt><trkpt lat="51.06893167" lon="-115.34423833"><ele>1331.0</ele><time>2022-10-10T19:53:24.465Z</time></trkpt><trkpt lat="51.06893333" lon="-115.344245"><ele>1330.0</ele><time>2022-10-10T19:53:25.464Z</time></trkpt><trkpt lat="51.068935" lon="-115.34424833"><ele>1329.0</ele><time>2022-10-10T19:53:26.465Z</time></trkpt><trkpt lat="51.06893167" lon="-115.34425"><ele>1328.0</ele><time>2022-10-10T19:53:27.465Z</time></trkpt><trkpt lat="51.06892833" lon="-115.344255"><ele>1327.0</ele><time>2022-10-10T19:53:28.465Z</time></trkpt><trkpt lat="51.06892" lon="-115.34425833"><ele>1327.0</ele><time>2022-10-10T19:53:29.465Z</time></trkpt><trkpt lat="51.068915" lon="-115.344255"><ele>1326.0</ele><time>2022-10-10T19:53:30.464Z</time></trkpt><trkpt lat="51.06891167" lon="-115.34425667"><ele>1326.0</ele><time>2022-10-10T19:53:31.464Z</time></trkpt><trkpt lat="51.06890333" lon="-115.34425833"><ele>1326.0</ele><time>2022-10-10T19:53:32.465Z</time></trkpt><trkpt lat="51.06889333" lon="-115.34425667"><ele>1326.0</ele><time>2022-10-10T19:53:33.465Z</time></trkpt><trkpt lat="51.068885" lon="-115.344255"><ele>1326.0</ele><time>2022-10-10T19:53:34.465Z</time></trkpt><trkpt lat="51.06888333" lon="-115.34425833"><ele>1326.0</ele><time>2022-10-10T19:53:35.465Z</time></trkpt><trkpt lat="51.06888167" lon="-115.344255"><ele>1327.0</ele><time>2022-10-10T19:53:36.465Z</time></trkpt><trkpt lat="51.06887667" lon="-115.344255"><ele>1327.0</ele><time>2022-10-10T19:53:37.464Z</time></trkpt><trkpt lat="51.068875" lon="-115.34426"><ele>1327.0</ele><time>2022-10-10T19:53:38.465Z</time></trkpt><trkpt lat="51.06887833" lon="-115.34426667"><ele>1328.0</ele><time>2022-10-10T19:53:39.465Z</time></trkpt><trkpt lat="51.06887833" lon="-115.34427833"><ele>1328.0</ele><time>2022-10-10T19:53:40.465Z</time></trkpt><trkpt lat="51.06888" lon="-115.34428833"><ele>1329.0</ele><time>2022-10-10T19:53:41.465Z</time></trkpt><trkpt lat="51.06887333" lon="-115.3443"><ele>1329.0</ele><time>2022-10-10T19:53:42.464Z</time></trkpt><trkpt lat="51.06886833" lon="-115.34431"><ele>1329.0</ele><time>2022-10-10T19:53:43.465Z</time></trkpt><trkpt lat="51.068865" lon="-115.34432"><ele>1329.0</ele><time>2022-10-10T19:53:44.465Z</time></trkpt><trkpt lat="51.06886833" lon="-115.344325"><ele>1329.0</ele><time>2022-10-10T19:53:45.465Z</time></trkpt><trkpt lat="51.06886667" lon="-115.34432667"><ele>1329.0</ele><time>2022-10-10T19:53:46.465Z</time></trkpt><trkpt lat="51.06886333" lon="-115.344325"><ele>1329.0</ele><time>2022-10-10T19:53:47.465Z</time></trkpt><trkpt lat="51.06886167" lon="-115.344325"><ele>1328.0</ele><time>2022-10-10T19:53:48.464Z</time></trkpt><trkpt lat="51.068865" lon="-115.34432667"><ele>1328.0</ele><time>2022-10-10T19:53:49.465Z</time></trkpt><trkpt lat="51.06886333" lon="-115.34432833"><ele>1328.0</ele><time>2022-10-10T19:53:50.464Z</time></trkpt><trkpt lat="51.06886167" lon="-115.344335"><ele>1327.0</ele><time>2022-10-10T19:53:51.464Z</time></trkpt><trkpt lat="51.06886167" lon="-115.34433833"><ele>1327.0</ele><time>2022-10-10T19:53:52.465Z</time></trkpt><trkpt lat="51.06885833" lon="-115.34434"><ele>1326.0</ele><time>2022-10-10T19:53:53.465Z</time></trkpt><trkpt lat="51.06885833" lon="-115.34434167"><ele>1326.0</ele><time>2022-10-10T19:53:54.464Z</time></trkpt><trkpt lat="51.06885333" lon="-115.34434"><ele>1326.0</ele><time>2022-10-10T19:53:55.465Z</time></trkpt><trkpt lat="51.06884833" lon="-115.34434667"><ele>1325.0</ele><time>2022-10-10T19:53:56.465Z</time></trkpt><trkpt lat="51.068845" lon="-115.34435"><ele>1325.0</ele><time>2022-10-10T19:53:57.464Z</time></trkpt><trkpt lat="51.06883167" lon="-115.34435833"><ele>1326.0</ele><time>2022-10-10T19:53:58.465Z</time></trkpt><trkpt lat="51.06882167" lon="-115.34436"><ele>1326.0</ele><time>2022-10-10T19:53:59.464Z</time></trkpt><trkpt lat="51.06881" lon="-115.34436833"><ele>1326.0</ele><time>2022-10-10T19:54:00.464Z</time></trkpt><trkpt lat="51.06880833" lon="-115.344375"><ele>1326.0</ele><time>2022-10-10T19:54:01.465Z</time></trkpt><trkpt lat="51.06881167" lon="-115.34437333"><ele>1327.0</ele><time>2022-10-10T19:54:02.465Z</time></trkpt><trkpt lat="51.06882333" lon="-115.34437333"><ele>1328.0</ele><time>2022-10-10T19:54:03.465Z</time></trkpt><trkpt lat="51.06883167" lon="-115.34437833"><ele>1328.0</ele><time>2022-10-10T19:54:04.465Z</time></trkpt><trkpt lat="51.06883667" lon="-115.34437833"><ele>1328.0</ele><time>2022-10-10T19:54:05.465Z</time></trkpt><trkpt lat="51.06884167" lon="-115.34437833"><ele>1328.0</ele><time>2022-10-10T19:54:06.465Z</time></trkpt><trkpt lat="51.06884333" lon="-115.34437667"><ele>1327.0</ele><time>2022-10-10T19:54:07.465Z</time></trkpt><trkpt lat="51.06884833" lon="-115.344375"><ele>1326.0</ele><time>2022-10-10T19:54:08.465Z</time></trkpt><trkpt lat="51.06885167" lon="-115.34437833"><ele>1326.0</ele><time>2022-10-10T19:54:09.465Z</time></trkpt><trkpt lat="51.068855" lon="-115.34438833"><ele>1326.0</ele><time>2022-10-10T19:54:10.464Z</time></trkpt><trkpt lat="51.06885667" lon="-115.34439833"><ele>1326.0</ele><time>2022-10-10T19:54:11.465Z</time></trkpt><trkpt lat="51.06886167" lon="-115.34440333"><ele>1326.0</ele><time>2022-10-10T19:54:12.465Z</time></trkpt><trkpt lat="51.06886667" lon="-115.34441"><ele>1326.0</ele><time>2022-10-10T19:54:13.465Z</time></trkpt><trkpt lat="51.06887" lon="-115.344415"><ele>1326.0</ele><time>2022-10-10T19:54:14.465Z</time></trkpt><trkpt lat="51.06887333" lon="-115.34441833"><ele>1326.0</ele><time>2022-10-10T19:54:15.465Z</time></trkpt><trkpt lat="51.06887333" lon="-115.34442167"><ele>1326.0</ele><time>2022-10-10T19:54:16.464Z</time></trkpt><trkpt lat="51.06887333" lon="-115.34441833"><ele>1326.0</ele><time>2022-10-10T19:54:17.465Z</time></trkpt><trkpt lat="51.06887667" lon="-115.34441833"><ele>1326.0</ele><time>2022-10-10T19:54:18.465Z</time></trkpt><trkpt lat="51.06888667" lon="-115.34442667"><ele>1326.0</ele><time>2022-10-10T19:54:19.465Z</time></trkpt><trkpt lat="51.06889167" lon="-115.34444333"><ele>1326.0</ele><time>2022-10-10T19:54:20.464Z</time></trkpt><trkpt lat="51.06889333" lon="-115.344455"><ele>1325.0</ele><time>2022-10-10T19:54:21.464Z</time></trkpt><trkpt lat="51.06889833" lon="-115.34446333"><ele>1324.0</ele><time>2022-10-10T19:54:22.464Z</time></trkpt><trkpt lat="51.068905" lon="-115.34447"><ele>1323.0</ele><time>2022-10-10T19:54:23.464Z</time></trkpt><trkpt lat="51.06891" lon="-115.34448167"><ele>1323.0</ele><time>2022-10-10T19:54:24.465Z</time></trkpt><trkpt lat="51.06891167" lon="-115.34449167"><ele>1323.0</ele><time>2022-10-10T19:54:25.464Z</time></trkpt><trkpt lat="51.06892" lon="-115.344495"><ele>1322.0</ele><time>2022-10-10T19:54:26.465Z</time></trkpt><trkpt lat="51.06892667" lon="-115.34449"><ele>1322.0</ele><time>2022-10-10T19:54:27.464Z</time></trkpt><trkpt lat="51.06893" lon="-115.34448333"><ele>1321.0</ele><time>2022-10-10T19:54:28.464Z</time></trkpt><trkpt lat="51.06893833" lon="-115.34447667"><ele>1321.0</ele><time>2022-10-10T19:54:29.464Z</time></trkpt><trkpt lat="51.06894833" lon="-115.34447667"><ele>1320.0</ele><time>2022-10-10T19:54:30.464Z</time></trkpt><trkpt lat="51.06895333" lon="-115.344485"><ele>1319.0</ele><time>2022-10-10T19:54:31.464Z</time></trkpt><trkpt lat="51.06895833" lon="-115.34449167"><ele>1319.0</ele><time>2022-10-10T19:54:32.464Z</time></trkpt><trkpt lat="51.06896333" lon="-115.3445"><ele>1319.0</ele><time>2022-10-10T19:54:33.465Z</time></trkpt><trkpt lat="51.06896833" lon="-115.344505"><ele>1319.0</ele><time>2022-10-10T19:54:34.465Z</time></trkpt><trkpt lat="51.068975" lon="-115.344505"><ele>1319.0</ele><time>2022-10-10T19:54:35.465Z</time></trkpt><trkpt lat="51.06898333" lon="-115.34449833"><ele>1320.0</ele><time>2022-10-10T19:54:36.465Z</time></trkpt><trkpt lat="51.06898833" lon="-115.34449"><ele>1320.0</ele><time>2022-10-10T19:54:37.464Z</time></trkpt><trkpt lat="51.06899167" lon="-115.34448333"><ele>1320.0</ele><time>2022-10-10T19:54:38.464Z</time></trkpt><trkpt lat="51.06899333" lon="-115.34447833"><ele>1320.0</ele><time>2022-10-10T19:54:39.465Z</time></trkpt><trkpt lat="51.06899667" lon="-115.34447667"><ele>1319.0</ele><time>2022-10-10T19:54:40.465Z</time></trkpt><trkpt lat="51.06899667" lon="-115.34447333"><ele>1319.0</ele><time>2022-10-10T19:54:41.465Z</time></trkpt><trkpt lat="51.069" lon="-115.34447"><ele>1318.0</ele><time>2022-10-10T19:54:42.465Z</time></trkpt><trkpt lat="51.069" lon="-115.34446667"><ele>1318.0</ele><time>2022-10-10T19:54:43.464Z</time></trkpt><trkpt lat="51.069" lon="-115.344465"><ele>1317.0</ele><time>2022-10-10T19:54:44.465Z</time></trkpt><trkpt lat="51.06900167" lon="-115.34445833"><ele>1317.0</ele><time>2022-10-10T19:54:45.465Z</time></trkpt><trkpt lat="51.06900167" lon="-115.34445"><ele>1317.0</ele><time>2022-10-10T19:54:46.465Z</time></trkpt><trkpt lat="51.06900333" lon="-115.34444333"><ele>1317.0</ele><time>2022-10-10T19:54:47.465Z</time></trkpt><trkpt lat="51.06900833" lon="-115.34443667"><ele>1318.0</ele><time>2022-10-10T19:54:48.465Z</time></trkpt><trkpt lat="51.06901" lon="-115.34443833"><ele>1318.0</ele><time>2022-10-10T19:54:49.465Z</time></trkpt><trkpt lat="51.06901667" lon="-115.34444667"><ele>1318.0</ele><time>2022-10-10T19:54:50.465Z</time></trkpt><trkpt lat="51.06902167" lon="-115.34445833"><ele>1319.0</ele><time>2022-10-10T19:54:51.465Z</time></trkpt><trkpt lat="51.06902333" lon="-115.344475"><ele>1319.0</ele><time>2022-10-10T19:54:52.465Z</time></trkpt><trkpt lat="51.06902667" lon="-115.34449167"><ele>1319.0</ele><time>2022-10-10T19:54:53.464Z</time></trkpt><trkpt lat="51.069035" lon="-115.34449833"><ele>1319.0</ele><time>2022-10-10T19:54:54.465Z</time></trkpt><trkpt lat="51.069045" lon="-115.34450833"><ele>1319.0</ele><time>2022-10-10T19:54:55.464Z</time></trkpt><trkpt lat="51.069055" lon="-115.34451833"><ele>1319.0</ele><time>2022-10-10T19:54:56.464Z</time></trkpt><trkpt lat="51.06906667" lon="-115.34453167"><ele>1319.0</ele><time>2022-10-10T19:54:57.465Z</time></trkpt><trkpt lat="51.06908" lon="-115.34454667"><ele>1319.0</ele><time>2022-10-10T19:54:58.465Z</time></trkpt><trkpt lat="51.06909" lon="-115.34456"><ele>1319.0</ele><time>2022-10-10T19:54:59.465Z</time></trkpt><trkpt lat="51.06909667" lon="-115.34457333"><ele>1319.0</ele><time>2022-10-10T19:55:00.464Z</time></trkpt><trkpt lat="51.06911" lon="-115.34458333"><ele>1319.0</ele><time>2022-10-10T19:55:01.464Z</time></trkpt><trkpt lat="51.069125" lon="-115.34458"><ele>1319.0</ele><time>2022-10-10T19:55:02.465Z</time></trkpt><trkpt lat="51.06914167" lon="-115.344585"><ele>1318.0</ele><time>2022-10-10T19:55:03.465Z</time></trkpt><trkpt lat="51.06916333" lon="-115.34459333"><ele>1318.0</ele><time>2022-10-10T19:55:04.464Z</time></trkpt><trkpt lat="51.06917667" lon="-115.34462167"><ele>1317.0</ele><time>2022-10-10T19:55:05.465Z</time></trkpt><trkpt lat="51.06918667" lon="-115.34465"><ele>1316.0</ele><time>2022-10-10T19:55:06.464Z</time></trkpt><trkpt lat="51.06918833" lon="-115.34468"><ele>1315.0</ele><time>2022-10-10T19:55:07.465Z</time></trkpt><trkpt lat="51.06919667" lon="-115.34470167"><ele>1314.0</ele><time>2022-10-10T19:55:08.465Z</time></trkpt><trkpt lat="51.06921167" lon="-115.34471167"><ele>1313.0</ele><time>2022-10-10T19:55:09.465Z</time></trkpt><trkpt lat="51.06922667" lon="-115.344715"><ele>1313.0</ele><time>2022-10-10T19:55:10.465Z</time></trkpt><trkpt lat="51.06923833" lon="-115.344725"><ele>1313.0</ele><time>2022-10-10T19:55:11.465Z</time></trkpt><trkpt lat="51.06925167" lon="-115.344735"><ele>1313.0</ele><time>2022-10-10T19:55:12.465Z</time></trkpt><trkpt lat="51.06926167" lon="-115.34474833"><ele>1313.0</ele><time>2022-10-10T19:55:13.465Z</time></trkpt><trkpt lat="51.06927" lon="-115.344765"><ele>1312.0</ele><time>2022-10-10T19:55:14.464Z</time></trkpt><trkpt lat="51.06927833" lon="-115.34478667"><ele>1312.0</ele><time>2022-10-10T19:55:15.464Z</time></trkpt><trkpt lat="51.06928833" lon="-115.34480167"><ele>1312.0</ele><time>2022-10-10T19:55:16.465Z</time></trkpt><trkpt lat="51.06929333" lon="-115.34482333"><ele>1312.0</ele><time>2022-10-10T19:55:17.465Z</time></trkpt><trkpt lat="51.06929833" lon="-115.34484"><ele>1313.0</ele><time>2022-10-10T19:55:18.465Z</time></trkpt><trkpt lat="51.069305" lon="-115.34485833"><ele>1313.0</ele><time>2022-10-10T19:55:19.465Z</time></trkpt><trkpt lat="51.06931167" lon="-115.34487333"><ele>1313.0</ele><time>2022-10-10T19:55:20.465Z</time></trkpt><trkpt lat="51.06931833" lon="-115.344885"><ele>1313.0</ele><time>2022-10-10T19:55:21.465Z</time></trkpt><trkpt lat="51.06932667" lon="-115.344895"><ele>1314.0</ele><time>2022-10-10T19:55:22.464Z</time></trkpt><trkpt lat="51.06932833" lon="-115.344915"><ele>1314.0</ele><time>2022-10-10T19:55:23.465Z</time></trkpt><trkpt lat="51.06933167" lon="-115.34493333"><ele>1315.0</ele><time>2022-10-10T19:55:24.465Z</time></trkpt><trkpt lat="51.069335" lon="-115.34494833"><ele>1315.0</ele><time>2022-10-10T19:55:25.465Z</time></trkpt><trkpt lat="51.06934167" lon="-115.34495333"><ele>1315.0</ele><time>2022-10-10T19:55:26.465Z</time></trkpt><trkpt lat="51.06934667" lon="-115.34495833"><ele>1315.0</ele><time>2022-10-10T19:55:27.465Z</time></trkpt><trkpt lat="51.06934667" lon="-115.34496167"><ele>1316.0</ele><time>2022-10-10T19:55:28.464Z</time></trkpt><trkpt lat="51.06934667" lon="-115.34497"><ele>1316.0</ele><time>2022-10-10T19:55:29.465Z</time></trkpt><trkpt lat="51.06934833" lon="-115.34498"><ele>1316.0</ele><time>2022-10-10T19:55:30.464Z</time></trkpt><trkpt lat="51.06935667" lon="-115.34498833"><ele>1317.0</ele><time>2022-10-10T19:55:31.464Z</time></trkpt><trkpt lat="51.06936667" lon="-115.344995"><ele>1318.0</ele><time>2022-10-10T19:55:32.465Z</time></trkpt><trkpt lat="51.069375" lon="-115.34499833"><ele>1319.0</ele><time>2022-10-10T19:55:33.464Z</time></trkpt><trkpt lat="51.06938667" lon="-115.34499833"><ele>1320.0</ele><time>2022-10-10T19:55:34.464Z</time></trkpt><trkpt lat="51.069395" lon="-115.34500167"><ele>1320.0</ele><time>2022-10-10T19:55:35.465Z</time></trkpt><trkpt lat="51.06939833" lon="-115.34500833"><ele>1321.0</ele><time>2022-10-10T19:55:36.464Z</time></trkpt><trkpt lat="51.06940167" lon="-115.34500833"><ele>1321.0</ele><time>2022-10-10T19:55:37.465Z</time></trkpt><trkpt lat="51.06940333" lon="-115.34500667"><ele>1322.0</ele><time>2022-10-10T19:55:38.465Z</time></trkpt><trkpt lat="51.069405" lon="-115.34500333"><ele>1323.0</ele><time>2022-10-10T19:55:39.465Z</time></trkpt><trkpt lat="51.06940167" lon="-115.34500833"><ele>1323.0</ele><time>2022-10-10T19:55:40.465Z</time></trkpt><trkpt lat="51.069405" lon="-115.34501333"><ele>1324.0</ele><time>2022-10-10T19:55:41.465Z</time></trkpt><trkpt lat="51.06941" lon="-115.34502"><ele>1324.0</ele><time>2022-10-10T19:55:42.465Z</time></trkpt><trkpt lat="51.06940667" lon="-115.34501333"><ele>1324.0</ele><time>2022-10-10T19:55:43.465Z</time></trkpt><trkpt lat="51.06941333" lon="-115.34500167"><ele>1324.0</ele><time>2022-10-10T19:55:44.464Z</time></trkpt><trkpt lat="51.069425" lon="-115.345005"><ele>1324.0</ele><time>2022-10-10T19:55:45.465Z</time></trkpt><trkpt lat="51.06943167" lon="-115.345015"><ele>1325.0</ele><time>2022-10-10T19:55:46.464Z</time></trkpt><trkpt lat="51.06944333" lon="-115.34503"><ele>1325.0</ele><time>2022-10-10T19:55:47.464Z</time></trkpt><trkpt lat="51.06945667" lon="-115.34504833"><ele>1325.0</ele><time>2022-10-10T19:55:48.465Z</time></trkpt><trkpt lat="51.06946167" lon="-115.34505667"><ele>1325.0</ele><time>2022-10-10T19:55:49.465Z</time></trkpt><trkpt lat="51.069465" lon="-115.34505833"><ele>1325.0</ele><time>2022-10-10T19:55:50.465Z</time></trkpt><trkpt lat="51.06946667" lon="-115.34505167"><ele>1325.0</ele><time>2022-10-10T19:55:51.465Z</time></trkpt><trkpt lat="51.06947167" lon="-115.345045"><ele>1325.0</ele><time>2022-10-10T19:55:52.464Z</time></trkpt><trkpt lat="51.06947667" lon="-115.34503667"><ele>1325.0</ele><time>2022-10-10T19:55:53.465Z</time></trkpt><trkpt lat="51.06948333" lon="-115.34503833"><ele>1325.0</ele><time>2022-10-10T19:55:54.465Z</time></trkpt><trkpt lat="51.06948667" lon="-115.34503833"><ele>1324.0</ele><time>2022-10-10T19:55:55.465Z</time></trkpt><trkpt lat="51.06949" lon="-115.34503833"><ele>1323.0</ele><time>2022-10-10T19:55:56.465Z</time></trkpt><trkpt lat="51.06949167" lon="-115.34503833"><ele>1323.0</ele><time>2022-10-10T19:55:57.465Z</time></trkpt><trkpt lat="51.06949167" lon="-115.34503833"><ele>1322.0</ele><time>2022-10-10T19:55:58.465Z</time></trkpt><trkpt lat="51.069495" lon="-115.34504333"><ele>1322.0</ele><time>2022-10-10T19:55:59.465Z</time></trkpt><trkpt lat="51.0695" lon="-115.34504833"><ele>1321.0</ele><time>2022-10-10T19:56:00.464Z</time></trkpt><trkpt lat="51.06950667" lon="-115.34505167"><ele>1321.0</ele><time>2022-10-10T19:56:01.464Z</time></trkpt><trkpt lat="51.06950667" lon="-115.34505333"><ele>1321.0</ele><time>2022-10-10T19:56:02.464Z</time></trkpt><trkpt lat="51.06951" lon="-115.34505"><ele>1320.0</ele><time>2022-10-10T19:56:03.465Z</time></trkpt><trkpt lat="51.06951333" lon="-115.34505333"><ele>1320.0</ele><time>2022-10-10T19:56:04.464Z</time></trkpt><trkpt lat="51.06952" lon="-115.34505333"><ele>1320.0</ele><time>2022-10-10T19:56:05.465Z</time></trkpt><trkpt lat="51.06952667" lon="-115.34506"><ele>1320.0</ele><time>2022-10-10T19:56:06.465Z</time></trkpt><trkpt lat="51.06953667" lon="-115.34507"><ele>1320.0</ele><time>2022-10-10T19:56:07.465Z</time></trkpt><trkpt lat="51.06954333" lon="-115.34507"><ele>1320.0</ele><time>2022-10-10T19:56:08.465Z</time></trkpt><trkpt lat="51.06955167" lon="-115.34506667"><ele>1320.0</ele><time>2022-10-10T19:56:09.465Z</time></trkpt><trkpt lat="51.06956" lon="-115.34507167"><ele>1320.0</ele><time>2022-10-10T19:56:10.465Z</time></trkpt><trkpt lat="51.06957167" lon="-115.34507167"><ele>1320.0</ele><time>2022-10-10T19:56:11.465Z</time></trkpt><trkpt lat="51.06957833" lon="-115.34508167"><ele>1319.0</ele><time>2022-10-10T19:56:12.465Z</time></trkpt><trkpt lat="51.06958333" lon="-115.34508667"><ele>1319.0</ele><time>2022-10-10T19:56:13.464Z</time></trkpt><trkpt lat="51.06959167" lon="-115.34508333"><ele>1319.0</ele><time>2022-10-10T19:56:14.464Z</time></trkpt><trkpt lat="51.069595" lon="-115.34509167"><ele>1318.0</ele><time>2022-10-10T19:56:15.464Z</time></trkpt><trkpt lat="51.0696" lon="-115.3451"><ele>1318.0</ele><time>2022-10-10T19:56:16.465Z</time></trkpt><trkpt lat="51.06960333" lon="-115.34510667"><ele>1317.0</ele><time>2022-10-10T19:56:17.465Z</time></trkpt><trkpt lat="51.06960833" lon="-115.34511333"><ele>1317.0</ele><time>2022-10-10T19:56:18.465Z</time></trkpt><trkpt lat="51.06961667" lon="-115.34511667"><ele>1317.0</ele><time>2022-10-10T19:56:19.464Z</time></trkpt><trkpt lat="51.069625" lon="-115.34511833"><ele>1317.0</ele><time>2022-10-10T19:56:20.465Z</time></trkpt><trkpt lat="51.06963167" lon="-115.34512"><ele>1316.0</ele><time>2022-10-10T19:56:21.464Z</time></trkpt><trkpt lat="51.06964" lon="-115.34512"><ele>1316.0</ele><time>2022-10-10T19:56:22.464Z</time></trkpt><trkpt lat="51.06965667" lon="-115.34512"><ele>1316.0</ele><time>2022-10-10T19:56:23.465Z</time></trkpt><trkpt lat="51.06965833" lon="-115.34511833"><ele>1315.0</ele><time>2022-10-10T19:56:24.464Z</time></trkpt><trkpt lat="51.06966167" lon="-115.34512"><ele>1315.0</ele><time>2022-10-10T19:56:25.465Z</time></trkpt><trkpt lat="51.06966333" lon="-115.34512167"><ele>1316.0</ele><time>2022-10-10T19:56:26.464Z</time></trkpt><trkpt lat="51.06966333" lon="-115.34512167"><ele>1316.0</ele><time>2022-10-10T19:56:27.465Z</time></trkpt><trkpt lat="51.06966333" lon="-115.34512"><ele>1316.0</ele><time>2022-10-10T19:56:28.464Z</time></trkpt><trkpt lat="51.06967333" lon="-115.34511667"><ele>1315.0</ele><time>2022-10-10T19:56:29.464Z</time></trkpt><trkpt lat="51.06968" lon="-115.345115"><ele>1315.0</ele><time>2022-10-10T19:56:30.465Z</time></trkpt><trkpt lat="51.069685" lon="-115.34511667"><ele>1315.0</ele><time>2022-10-10T19:56:31.464Z</time></trkpt><trkpt lat="51.06969167" lon="-115.34511667"><ele>1314.0</ele><time>2022-10-10T19:56:32.464Z</time></trkpt><trkpt lat="51.06969667" lon="-115.34511833"><ele>1314.0</ele><time>2022-10-10T19:56:33.464Z</time></trkpt><trkpt lat="51.06969333" lon="-115.34511667"><ele>1313.0</ele><time>2022-10-10T19:56:34.464Z</time></trkpt><trkpt lat="51.06968" lon="-115.345115"><ele>1312.0</ele><time>2022-10-10T19:56:35.465Z</time></trkpt><trkpt lat="51.06968167" lon="-115.345115"><ele>1311.0</ele><time>2022-10-10T19:56:36.465Z</time></trkpt><trkpt lat="51.06968" lon="-115.34511667"><ele>1310.0</ele><time>2022-10-10T19:56:37.465Z</time></trkpt><trkpt lat="51.06967333" lon="-115.34511333"><ele>1309.0</ele><time>2022-10-10T19:56:38.465Z</time></trkpt><trkpt lat="51.069675" lon="-115.34510667"><ele>1308.0</ele><time>2022-10-10T19:56:39.464Z</time></trkpt><trkpt lat="51.069675" lon="-115.345105"><ele>1307.0</ele><time>2022-10-10T19:56:40.465Z</time></trkpt><trkpt lat="51.06967167" lon="-115.34510667"><ele>1307.0</ele><time>2022-10-10T19:56:41.465Z</time></trkpt><trkpt lat="51.06967167" lon="-115.34510667"><ele>1306.0</ele><time>2022-10-10T19:56:42.465Z</time></trkpt><trkpt lat="51.06967167" lon="-115.345105"><ele>1306.0</ele><time>2022-10-10T19:56:43.465Z</time></trkpt><trkpt lat="51.06967" lon="-115.345105"><ele>1306.0</ele><time>2022-10-10T19:56:44.464Z</time></trkpt><trkpt lat="51.06967167" lon="-115.34511167"><ele>1305.0</ele><time>2022-10-10T19:56:45.464Z</time></trkpt><trkpt lat="51.06967167" lon="-115.34511667"><ele>1305.0</ele><time>2022-10-10T19:56:46.465Z</time></trkpt><trkpt lat="51.06967833" lon="-115.34512"><ele>1305.0</ele><time>2022-10-10T19:56:47.464Z</time></trkpt><trkpt lat="51.069675" lon="-115.34512833"><ele>1305.0</ele><time>2022-10-10T19:56:48.465Z</time></trkpt><trkpt lat="51.06967167" lon="-115.345135"><ele>1306.0</ele><time>2022-10-10T19:56:49.465Z</time></trkpt><trkpt lat="51.06967" lon="-115.345145"><ele>1306.0</ele><time>2022-10-10T19:56:50.465Z</time></trkpt><trkpt lat="51.06966667" lon="-115.345145"><ele>1306.0</ele><time>2022-10-10T19:56:51.464Z</time></trkpt><trkpt lat="51.06966833" lon="-115.345145"><ele>1306.0</ele><time>2022-10-10T19:56:52.464Z</time></trkpt><trkpt lat="51.06966333" lon="-115.34514667"><ele>1307.0</ele><time>2022-10-10T19:56:53.465Z</time></trkpt><trkpt lat="51.06965833" lon="-115.345135"><ele>1307.0</ele><time>2022-10-10T19:56:54.465Z</time></trkpt><trkpt lat="51.069655" lon="-115.34512833"><ele>1308.0</ele><time>2022-10-10T19:56:55.465Z</time></trkpt><trkpt lat="51.06964" lon="-115.34513167"><ele>1309.0</ele><time>2022-10-10T19:56:56.465Z</time></trkpt><trkpt lat="51.06963167" lon="-115.34513333"><ele>1310.0</ele><time>2022-10-10T19:56:57.465Z</time></trkpt><trkpt lat="51.06961833" lon="-115.34513667"><ele>1311.0</ele><time>2022-10-10T19:56:58.465Z</time></trkpt><trkpt lat="51.069615" lon="-115.34514167"><ele>1311.0</ele><time>2022-10-10T19:56:59.464Z</time></trkpt><trkpt lat="51.06961833" lon="-115.34515"><ele>1312.0</ele><time>2022-10-10T19:57:00.465Z</time></trkpt><trkpt lat="51.06962167" lon="-115.345155"><ele>1312.0</ele><time>2022-10-10T19:57:01.464Z</time></trkpt><trkpt lat="51.06962333" lon="-115.345155"><ele>1312.0</ele><time>2022-10-10T19:57:02.464Z</time></trkpt><trkpt lat="51.06961667" lon="-115.34515167"><ele>1313.0</ele><time>2022-10-10T19:57:03.465Z</time></trkpt><trkpt lat="51.06961167" lon="-115.345145"><ele>1314.0</ele><time>2022-10-10T19:57:04.465Z</time></trkpt><trkpt lat="51.06959667" lon="-115.34514167"><ele>1314.0</ele><time>2022-10-10T19:57:05.465Z</time></trkpt><trkpt lat="51.069585" lon="-115.34514"><ele>1315.0</ele><time>2022-10-10T19:57:06.464Z</time></trkpt><trkpt lat="51.06957667" lon="-115.345145"><ele>1315.0</ele><time>2022-10-10T19:57:07.465Z</time></trkpt><trkpt lat="51.06957167" lon="-115.34515"><ele>1316.0</ele><time>2022-10-10T19:57:08.465Z</time></trkpt><trkpt lat="51.069565" lon="-115.34515833"><ele>1316.0</ele><time>2022-10-10T19:57:09.465Z</time></trkpt><trkpt lat="51.06955833" lon="-115.345165"><ele>1316.0</ele><time>2022-10-10T19:57:10.465Z</time></trkpt><trkpt lat="51.069555" lon="-115.34517333"><ele>1316.0</ele><time>2022-10-10T19:57:11.465Z</time></trkpt><trkpt lat="51.06955" lon="-115.34518333"><ele>1316.0</ele><time>2022-10-10T19:57:12.465Z</time></trkpt><trkpt lat="51.06954333" lon="-115.34519833"><ele>1316.0</ele><time>2022-10-10T19:57:13.464Z</time></trkpt><trkpt lat="51.06954" lon="-115.34520833"><ele>1316.0</ele><time>2022-10-10T19:57:14.465Z</time></trkpt><trkpt lat="51.06953667" lon="-115.34522333"><ele>1316.0</ele><time>2022-10-10T19:57:15.464Z</time></trkpt><trkpt lat="51.06953333" lon="-115.345235"><ele>1317.0</ele><time>2022-10-10T19:57:16.465Z</time></trkpt><trkpt lat="51.06953" lon="-115.34525"><ele>1317.0</ele><time>2022-10-10T19:57:17.465Z</time></trkpt><trkpt lat="51.06952833" lon="-115.34526833"><ele>1317.0</ele><time>2022-10-10T19:57:18.465Z</time></trkpt><trkpt lat="51.06952667" lon="-115.345285"><ele>1317.0</ele><time>2022-10-10T19:57:19.464Z</time></trkpt><trkpt lat="51.06953167" lon="-115.34529667"><ele>1317.0</ele><time>2022-10-10T19:57:20.465Z</time></trkpt><trkpt lat="51.06953167" lon="-115.34531333"><ele>1318.0</ele><time>2022-10-10T19:57:21.465Z</time></trkpt><trkpt lat="51.06952667" lon="-115.34534167"><ele>1318.0</ele><time>2022-10-10T19:57:22.464Z</time></trkpt><trkpt lat="51.06953" lon="-115.34537167"><ele>1318.0</ele><time>2022-10-10T19:57:23.464Z</time></trkpt><trkpt lat="51.069535" lon="-115.34538667"><ele>1318.0</ele><time>2022-10-10T19:57:24.465Z</time></trkpt><trkpt lat="51.06954333" lon="-115.34539833"><ele>1318.0</ele><time>2022-10-10T19:57:25.464Z</time></trkpt><trkpt lat="51.06955167" lon="-115.34541"><ele>1318.0</ele><time>2022-10-10T19:57:26.465Z</time></trkpt><trkpt lat="51.06955333" lon="-115.34541333"><ele>1318.0</ele><time>2022-10-10T19:57:27.465Z</time></trkpt><trkpt lat="51.06955833" lon="-115.34542167"><ele>1318.0</ele><time>2022-10-10T19:57:28.465Z</time></trkpt><trkpt lat="51.06956333" lon="-115.34543167"><ele>1318.0</ele><time>2022-10-10T19:57:29.464Z</time></trkpt><trkpt lat="51.06956333" lon="-115.345445"><ele>1318.0</ele><time>2022-10-10T19:57:30.465Z</time></trkpt><trkpt lat="51.06956" lon="-115.34545167"><ele>1318.0</ele><time>2022-10-10T19:57:31.465Z</time></trkpt><trkpt lat="51.06956167" lon="-115.345465"><ele>1317.0</ele><time>2022-10-10T19:57:32.465Z</time></trkpt><trkpt lat="51.069565" lon="-115.345475"><ele>1316.0</ele><time>2022-10-10T19:57:33.464Z</time></trkpt><trkpt lat="51.06957" lon="-115.34549"><ele>1315.0</ele><time>2022-10-10T19:57:34.464Z</time></trkpt><trkpt lat="51.06957667" lon="-115.3455"><ele>1315.0</ele><time>2022-10-10T19:57:35.465Z</time></trkpt><trkpt lat="51.06957667" lon="-115.34551167"><ele>1315.0</ele><time>2022-10-10T19:57:36.464Z</time></trkpt><trkpt lat="51.06957333" lon="-115.34552"><ele>1315.0</ele><time>2022-10-10T19:57:37.465Z</time></trkpt><trkpt lat="51.06957333" lon="-115.34553167"><ele>1315.0</ele><time>2022-10-10T19:57:38.465Z</time></trkpt><trkpt lat="51.06957167" lon="-115.34552667"><ele>1315.0</ele><time>2022-10-10T19:57:39.465Z</time></trkpt><trkpt lat="51.06956167" lon="-115.34551833"><ele>1316.0</ele><time>2022-10-10T19:57:40.465Z</time></trkpt><trkpt lat="51.06955167" lon="-115.34551167"><ele>1316.0</ele><time>2022-10-10T19:57:41.464Z</time></trkpt><trkpt lat="51.06954167" lon="-115.34550333"><ele>1316.0</ele><time>2022-10-10T19:57:42.465Z</time></trkpt><trkpt lat="51.06953167" lon="-115.345495"><ele>1317.0</ele><time>2022-10-10T19:57:43.465Z</time></trkpt><trkpt lat="51.06951667" lon="-115.34549"><ele>1317.0</ele><time>2022-10-10T19:57:44.465Z</time></trkpt><trkpt lat="51.0695" lon="-115.34548833"><ele>1318.0</ele><time>2022-10-10T19:57:45.465Z</time></trkpt><trkpt lat="51.06948833" lon="-115.34548833"><ele>1318.0</ele><time>2022-10-10T19:57:46.465Z</time></trkpt><trkpt lat="51.06947667" lon="-115.345485"><ele>1319.0</ele><time>2022-10-10T19:57:47.465Z</time></trkpt><trkpt lat="51.06946" lon="-115.34547833"><ele>1319.0</ele><time>2022-10-10T19:57:48.465Z</time></trkpt><trkpt lat="51.069445" lon="-115.34546333"><ele>1320.0</ele><time>2022-10-10T19:57:49.464Z</time></trkpt><trkpt lat="51.06943167" lon="-115.34545167"><ele>1320.0</ele><time>2022-10-10T19:57:50.465Z</time></trkpt><trkpt lat="51.06942667" lon="-115.34544167"><ele>1320.0</ele><time>2022-10-10T19:57:51.464Z</time></trkpt><trkpt lat="51.06942333" lon="-115.34542833"><ele>1320.0</ele><time>2022-10-10T19:57:52.464Z</time></trkpt><trkpt lat="51.06942333" lon="-115.34542833"><ele>1320.0</ele><time>2022-10-10T19:57:53.465Z</time></trkpt><trkpt lat="51.069415" lon="-115.34544"><ele>1320.0</ele><time>2022-10-10T19:57:54.464Z</time></trkpt><trkpt lat="51.06941167" lon="-115.34544167"><ele>1320.0</ele><time>2022-10-10T19:57:55.465Z</time></trkpt><trkpt lat="51.069405" lon="-115.34544"><ele>1320.0</ele><time>2022-10-10T19:57:56.465Z</time></trkpt><trkpt lat="51.069395" lon="-115.34543833"><ele>1319.0</ele><time>2022-10-10T19:57:57.465Z</time></trkpt><trkpt lat="51.069385" lon="-115.34543167"><ele>1319.0</ele><time>2022-10-10T19:57:58.465Z</time></trkpt><trkpt lat="51.069375" lon="-115.34541833"><ele>1318.0</ele><time>2022-10-10T19:57:59.465Z</time></trkpt><trkpt lat="51.06936833" lon="-115.34541"><ele>1318.0</ele><time>2022-10-10T19:58:00.465Z</time></trkpt><trkpt lat="51.06935833" lon="-115.34540333"><ele>1318.0</ele><time>2022-10-10T19:58:01.465Z</time></trkpt><trkpt lat="51.06935" lon="-115.34539833"><ele>1318.0</ele><time>2022-10-10T19:58:02.465Z</time></trkpt><trkpt lat="51.06934" lon="-115.34538833"><ele>1318.0</ele><time>2022-10-10T19:58:03.465Z</time></trkpt><trkpt lat="51.06933" lon="-115.34537833"><ele>1318.0</ele><time>2022-10-10T19:58:04.465Z</time></trkpt><trkpt lat="51.06932333" lon="-115.34536833"><ele>1318.0</ele><time>2022-10-10T19:58:05.465Z</time></trkpt><trkpt lat="51.069315" lon="-115.34536333"><ele>1319.0</ele><time>2022-10-10T19:58:06.465Z</time></trkpt><trkpt lat="51.069305" lon="-115.34534667"><ele>1319.0</ele><time>2022-10-10T19:58:07.465Z</time></trkpt><trkpt lat="51.069295" lon="-115.34532667"><ele>1319.0</ele><time>2022-10-10T19:58:08.465Z</time></trkpt><trkpt lat="51.06928167" lon="-115.34531167"><ele>1319.0</ele><time>2022-10-10T19:58:09.465Z</time></trkpt><trkpt lat="51.06926833" lon="-115.34530333"><ele>1319.0</ele><time>2022-10-10T19:58:10.465Z</time></trkpt><trkpt lat="51.06925167" lon="-115.3453"><ele>1319.0</ele><time>2022-10-10T19:58:11.465Z</time></trkpt><trkpt lat="51.06924" lon="-115.345295"><ele>1319.0</ele><time>2022-10-10T19:58:12.464Z</time></trkpt><trkpt lat="51.06922833" lon="-115.34529833"><ele>1319.0</ele><time>2022-10-10T19:58:13.464Z</time></trkpt><trkpt lat="51.06922167" lon="-115.34529333"><ele>1319.0</ele><time>2022-10-10T19:58:14.465Z</time></trkpt><trkpt lat="51.06921833" lon="-115.34529167"><ele>1320.0</ele><time>2022-10-10T19:58:15.464Z</time></trkpt><trkpt lat="51.069215" lon="-115.34529333"><ele>1320.0</ele><time>2022-10-10T19:58:16.464Z</time></trkpt><trkpt lat="51.06920833" lon="-115.345295"><ele>1321.0</ele><time>2022-10-10T19:58:17.464Z</time></trkpt><trkpt lat="51.06920667" lon="-115.34529333"><ele>1321.0</ele><time>2022-10-10T19:58:18.465Z</time></trkpt><trkpt lat="51.06920333" lon="-115.34530833"><ele>1322.0</ele><time>2022-10-10T19:58:19.464Z</time></trkpt><trkpt lat="51.06920167" lon="-115.34532"><ele>1322.0</ele><time>2022-10-10T19:58:20.464Z</time></trkpt><trkpt lat="51.06920667" lon="-115.34533"><ele>1321.0</ele><time>2022-10-10T19:58:21.465Z</time></trkpt><trkpt lat="51.06921" lon="-115.34534333"><ele>1321.0</ele><time>2022-10-10T19:58:22.464Z</time></trkpt><trkpt lat="51.06921167" lon="-115.34536"><ele>1320.0</ele><time>2022-10-10T19:58:23.465Z</time></trkpt><trkpt lat="51.06921167" lon="-115.34538"><ele>1319.0</ele><time>2022-10-10T19:58:24.465Z</time></trkpt><trkpt lat="51.06921167" lon="-115.34538667"><ele>1319.0</ele><time>2022-10-10T19:58:25.464Z</time></trkpt><trkpt lat="51.069215" lon="-115.34539333"><ele>1318.0</ele><time>2022-10-10T19:58:26.464Z</time></trkpt><trkpt lat="51.069215" lon="-115.34540833"><ele>1318.0</ele><time>2022-10-10T19:58:27.464Z</time></trkpt><trkpt lat="51.06921833" lon="-115.34542333"><ele>1318.0</ele><time>2022-10-10T19:58:28.465Z</time></trkpt><trkpt lat="51.06922167" lon="-115.34543667"><ele>1318.0</ele><time>2022-10-10T19:58:29.464Z</time></trkpt><trkpt lat="51.06922667" lon="-115.34544833"><ele>1318.0</ele><time>2022-10-10T19:58:30.465Z</time></trkpt><trkpt lat="51.06923333" lon="-115.34545833"><ele>1318.0</ele><time>2022-10-10T19:58:31.464Z</time></trkpt><trkpt lat="51.06924" lon="-115.34547"><ele>1318.0</ele><time>2022-10-10T19:58:32.465Z</time></trkpt><trkpt lat="51.06924667" lon="-115.34548"><ele>1318.0</ele><time>2022-10-10T19:58:33.465Z</time></trkpt><trkpt lat="51.069255" lon="-115.34548667"><ele>1318.0</ele><time>2022-10-10T19:58:34.465Z</time></trkpt><trkpt lat="51.06926167" lon="-115.34549833"><ele>1318.0</ele><time>2022-10-10T19:58:35.465Z</time></trkpt><trkpt lat="51.06926333" lon="-115.34550833"><ele>1318.0</ele><time>2022-10-10T19:58:36.464Z</time></trkpt><trkpt lat="51.069265" lon="-115.34552333"><ele>1318.0</ele><time>2022-10-10T19:58:37.465Z</time></trkpt><trkpt lat="51.06926167" lon="-115.34554167"><ele>1318.0</ele><time>2022-10-10T19:58:38.465Z</time></trkpt><trkpt lat="51.06925833" lon="-115.34555833"><ele>1318.0</ele><time>2022-10-10T19:58:39.464Z</time></trkpt><trkpt lat="51.06926" lon="-115.345565"><ele>1317.0</ele><time>2022-10-10T19:58:40.465Z</time></trkpt><trkpt lat="51.06926" lon="-115.34557667"><ele>1317.0</ele><time>2022-10-10T19:58:41.464Z</time></trkpt><trkpt lat="51.06926333" lon="-115.34558333"><ele>1317.0</ele><time>2022-10-10T19:58:42.465Z</time></trkpt><trkpt lat="51.06926167" lon="-115.34559"><ele>1317.0</ele><time>2022-10-10T19:58:43.465Z</time></trkpt><trkpt lat="51.069255" lon="-115.3456"><ele>1318.0</ele><time>2022-10-10T19:58:44.465Z</time></trkpt><trkpt lat="51.06924667" lon="-115.34561167"><ele>1318.0</ele><time>2022-10-10T19:58:45.464Z</time></trkpt><trkpt lat="51.06923667" lon="-115.345625"><ele>1319.0</ele><time>2022-10-10T19:58:46.465Z</time></trkpt><trkpt lat="51.06922833" lon="-115.34563833"><ele>1319.0</ele><time>2022-10-10T19:58:47.465Z</time></trkpt><trkpt lat="51.06922333" lon="-115.34565"><ele>1319.0</ele><time>2022-10-10T19:58:48.465Z</time></trkpt><trkpt lat="51.069215" lon="-115.34566333"><ele>1320.0</ele><time>2022-10-10T19:58:49.465Z</time></trkpt><trkpt lat="51.06920833" lon="-115.34567833"><ele>1320.0</ele><time>2022-10-10T19:58:50.464Z</time></trkpt><trkpt lat="51.06920333" lon="-115.34569167"><ele>1320.0</ele><time>2022-10-10T19:58:51.465Z</time></trkpt><trkpt lat="51.06919667" lon="-115.345705"><ele>1320.0</ele><time>2022-10-10T19:58:52.464Z</time></trkpt><trkpt lat="51.06919333" lon="-115.34571833"><ele>1320.0</ele><time>2022-10-10T19:58:53.465Z</time></trkpt><trkpt lat="51.06918833" lon="-115.34573167"><ele>1321.0</ele><time>2022-10-10T19:58:54.464Z</time></trkpt><trkpt lat="51.06918333" lon="-115.34574833"><ele>1321.0</ele><time>2022-10-10T19:58:55.465Z</time></trkpt><trkpt lat="51.06917833" lon="-115.345765"><ele>1322.0</ele><time>2022-10-10T19:58:56.465Z</time></trkpt><trkpt lat="51.06917167" lon="-115.345785"><ele>1323.0</ele><time>2022-10-10T19:58:57.465Z</time></trkpt><trkpt lat="51.06917333" lon="-115.34580333"><ele>1324.0</ele><time>2022-10-10T19:58:58.465Z</time></trkpt><trkpt lat="51.06917667" lon="-115.345825"><ele>1324.0</ele><time>2022-10-10T19:58:59.464Z</time></trkpt><trkpt lat="51.069175" lon="-115.34584333"><ele>1324.0</ele><time>2022-10-10T19:59:00.465Z</time></trkpt><trkpt lat="51.06917667" lon="-115.34586333"><ele>1324.0</ele><time>2022-10-10T19:59:01.465Z</time></trkpt><trkpt lat="51.06918" lon="-115.34587833"><ele>1324.0</ele><time>2022-10-10T19:59:02.465Z</time></trkpt><trkpt lat="51.06918167" lon="-115.34589167"><ele>1324.0</ele><time>2022-10-10T19:59:03.464Z</time></trkpt><trkpt lat="51.06918333" lon="-115.34590833"><ele>1324.0</ele><time>2022-10-10T19:59:04.465Z</time></trkpt><trkpt lat="51.06918833" lon="-115.34592833"><ele>1324.0</ele><time>2022-10-10T19:59:05.465Z</time></trkpt><trkpt lat="51.06919167" lon="-115.34595167"><ele>1323.0</ele><time>2022-10-10T19:59:06.465Z</time></trkpt><trkpt lat="51.06919333" lon="-115.34596833"><ele>1323.0</ele><time>2022-10-10T19:59:07.465Z</time></trkpt><trkpt lat="51.06919833" lon="-115.345975"><ele>1322.0</ele><time>2022-10-10T19:59:08.464Z</time></trkpt><trkpt lat="51.06920667" lon="-115.34598"><ele>1322.0</ele><time>2022-10-10T19:59:09.465Z</time></trkpt><trkpt lat="51.06921333" lon="-115.34599"><ele>1321.0</ele><time>2022-10-10T19:59:10.465Z</time></trkpt><trkpt lat="51.06921833" lon="-115.346005"><ele>1320.0</ele><time>2022-10-10T19:59:11.465Z</time></trkpt><trkpt lat="51.06922333" lon="-115.34602167"><ele>1319.0</ele><time>2022-10-10T19:59:12.464Z</time></trkpt><trkpt lat="51.06922833" lon="-115.34603167"><ele>1319.0</ele><time>2022-10-10T19:59:13.465Z</time></trkpt><trkpt lat="51.06923667" lon="-115.34604833"><ele>1318.0</ele><time>2022-10-10T19:59:14.465Z</time></trkpt><trkpt lat="51.06924167" lon="-115.34607167"><ele>1318.0</ele><time>2022-10-10T19:59:15.465Z</time></trkpt><trkpt lat="51.069245" lon="-115.34608833"><ele>1317.0</ele><time>2022-10-10T19:59:16.465Z</time></trkpt><trkpt lat="51.06925333" lon="-115.34609333"><ele>1317.0</ele><time>2022-10-10T19:59:17.464Z</time></trkpt><trkpt lat="51.06925833" lon="-115.34610167"><ele>1317.0</ele><time>2022-10-10T19:59:18.465Z</time></trkpt><trkpt lat="51.06926333" lon="-115.34611667"><ele>1318.0</ele><time>2022-10-10T19:59:19.465Z</time></trkpt><trkpt lat="51.06927167" lon="-115.34612833"><ele>1318.0</ele><time>2022-10-10T19:59:20.465Z</time></trkpt><trkpt lat="51.069275" lon="-115.346145"><ele>1318.0</ele><time>2022-10-10T19:59:21.464Z</time></trkpt><trkpt lat="51.069275" lon="-115.34616333"><ele>1318.0</ele><time>2022-10-10T19:59:22.464Z</time></trkpt><trkpt lat="51.06927833" lon="-115.34618"><ele>1319.0</ele><time>2022-10-10T19:59:23.465Z</time></trkpt><trkpt lat="51.06928333" lon="-115.346185"><ele>1319.0</ele><time>2022-10-10T19:59:24.465Z</time></trkpt><trkpt lat="51.06929167" lon="-115.3462"><ele>1319.0</ele><time>2022-10-10T19:59:25.465Z</time></trkpt><trkpt lat="51.069305" lon="-115.34621333"><ele>1319.0</ele><time>2022-10-10T19:59:26.464Z</time></trkpt><trkpt lat="51.06931667" lon="-115.34622667"><ele>1318.0</ele><time>2022-10-10T19:59:27.465Z</time></trkpt><trkpt lat="51.06932333" lon="-115.346235"><ele>1317.0</ele><time>2022-10-10T19:59:28.465Z</time></trkpt><trkpt lat="51.06933" lon="-115.346245"><ele>1316.0</ele><time>2022-10-10T19:59:29.465Z</time></trkpt><trkpt lat="51.06933833" lon="-115.34626167"><ele>1315.0</ele><time>2022-10-10T19:59:30.465Z</time></trkpt><trkpt lat="51.06934667" lon="-115.34627833"><ele>1315.0</ele><time>2022-10-10T19:59:31.464Z</time></trkpt><trkpt lat="51.06935167" lon="-115.34629667"><ele>1314.0</ele><time>2022-10-10T19:59:32.464Z</time></trkpt><trkpt lat="51.069365" lon="-115.34631667"><ele>1314.0</ele><time>2022-10-10T19:59:33.464Z</time></trkpt><trkpt lat="51.06937833" lon="-115.346335"><ele>1314.0</ele><time>2022-10-10T19:59:34.464Z</time></trkpt><trkpt lat="51.06938167" lon="-115.34635667"><ele>1314.0</ele><time>2022-10-10T19:59:35.465Z</time></trkpt><trkpt lat="51.06938667" lon="-115.346375"><ele>1314.0</ele><time>2022-10-10T19:59:36.464Z</time></trkpt><trkpt lat="51.06939667" lon="-115.34638833"><ele>1314.0</ele><time>2022-10-10T19:59:37.465Z</time></trkpt><trkpt lat="51.0694" lon="-115.34640167"><ele>1314.0</ele><time>2022-10-10T19:59:38.464Z</time></trkpt><trkpt lat="51.06940167" lon="-115.34641333"><ele>1314.0</ele><time>2022-10-10T19:59:39.465Z</time></trkpt><trkpt lat="51.069415" lon="-115.34642833"><ele>1314.0</ele><time>2022-10-10T19:59:40.465Z</time></trkpt><trkpt lat="51.069425" lon="-115.34644"><ele>1314.0</ele><time>2022-10-10T19:59:41.465Z</time></trkpt><trkpt lat="51.06943167" lon="-115.34646667"><ele>1314.0</ele><time>2022-10-10T19:59:42.464Z</time></trkpt><trkpt lat="51.069435" lon="-115.34648333"><ele>1313.0</ele><time>2022-10-10T19:59:43.465Z</time></trkpt><trkpt lat="51.06944" lon="-115.346495"><ele>1313.0</ele><time>2022-10-10T19:59:44.465Z</time></trkpt><trkpt lat="51.06945167" lon="-115.34650167"><ele>1313.0</ele><time>2022-10-10T19:59:45.465Z</time></trkpt><trkpt lat="51.06946833" lon="-115.34650333"><ele>1313.0</ele><time>2022-10-10T19:59:46.464Z</time></trkpt><trkpt lat="51.069485" lon="-115.34651"><ele>1313.0</ele><time>2022-10-10T19:59:47.465Z</time></trkpt><trkpt lat="51.06948833" lon="-115.34652667"><ele>1312.0</ele><time>2022-10-10T19:59:48.465Z</time></trkpt><trkpt lat="51.069495" lon="-115.34654"><ele>1312.0</ele><time>2022-10-10T19:59:49.464Z</time></trkpt><trkpt lat="51.0695" lon="-115.34655667"><ele>1312.0</ele><time>2022-10-10T19:59:50.465Z</time></trkpt><trkpt lat="51.069505" lon="-115.34657667"><ele>1312.0</ele><time>2022-10-10T19:59:51.464Z</time></trkpt><trkpt lat="51.06951" lon="-115.34659333"><ele>1312.0</ele><time>2022-10-10T19:59:52.465Z</time></trkpt><trkpt lat="51.06951167" lon="-115.34660833"><ele>1313.0</ele><time>2022-10-10T19:59:53.465Z</time></trkpt><trkpt lat="51.06951333" lon="-115.346625"><ele>1313.0</ele><time>2022-10-10T19:59:54.465Z</time></trkpt><trkpt lat="51.069515" lon="-115.34663833"><ele>1313.0</ele><time>2022-10-10T19:59:55.465Z</time></trkpt><trkpt lat="51.06951833" lon="-115.34665333"><ele>1313.0</ele><time>2022-10-10T19:59:56.464Z</time></trkpt><trkpt lat="51.06951833" lon="-115.346675"><ele>1313.0</ele><time>2022-10-10T19:59:57.465Z</time></trkpt><trkpt lat="51.06951833" lon="-115.34669"><ele>1314.0</ele><time>2022-10-10T19:59:58.465Z</time></trkpt><trkpt lat="51.06951833" lon="-115.34671"><ele>1314.0</ele><time>2022-10-10T19:59:59.464Z</time></trkpt><trkpt lat="51.06951833" lon="-115.34672833"><ele>1314.0</ele><time>2022-10-10T20:00:00.465Z</time></trkpt><trkpt lat="51.06952" lon="-115.34675"><ele>1315.0</ele><time>2022-10-10T20:00:01.464Z</time></trkpt><trkpt lat="51.06952167" lon="-115.34677"><ele>1315.0</ele><time>2022-10-10T20:00:02.465Z</time></trkpt><trkpt lat="51.06952167" lon="-115.34678333"><ele>1316.0</ele><time>2022-10-10T20:00:03.465Z</time></trkpt><trkpt lat="51.06951833" lon="-115.3468"><ele>1316.0</ele><time>2022-10-10T20:00:04.465Z</time></trkpt><trkpt lat="51.069515" lon="-115.346815"><ele>1317.0</ele><time>2022-10-10T20:00:05.465Z</time></trkpt><trkpt lat="51.06951167" lon="-115.346835"><ele>1317.0</ele><time>2022-10-10T20:00:06.464Z</time></trkpt><trkpt lat="51.06951167" lon="-115.34685167"><ele>1318.0</ele><time>2022-10-10T20:00:07.465Z</time></trkpt><trkpt lat="51.06950833" lon="-115.34687167"><ele>1318.0</ele><time>2022-10-10T20:00:08.464Z</time></trkpt><trkpt lat="51.06951" lon="-115.34688667"><ele>1317.0</ele><time>2022-10-10T20:00:09.464Z</time></trkpt><trkpt lat="51.06951167" lon="-115.34691"><ele>1317.0</ele><time>2022-10-10T20:00:10.464Z</time></trkpt><trkpt lat="51.06951167" lon="-115.34692667"><ele>1317.0</ele><time>2022-10-10T20:00:11.465Z</time></trkpt><trkpt lat="51.06951" lon="-115.346945"><ele>1317.0</ele><time>2022-10-10T20:00:12.464Z</time></trkpt><trkpt lat="51.06951" lon="-115.34695833"><ele>1317.0</ele><time>2022-10-10T20:00:13.464Z</time></trkpt><trkpt lat="51.06951167" lon="-115.34697667"><ele>1317.0</ele><time>2022-10-10T20:00:14.464Z</time></trkpt><trkpt lat="51.06951167" lon="-115.34699833"><ele>1318.0</ele><time>2022-10-10T20:00:15.464Z</time></trkpt><trkpt lat="51.06951333" lon="-115.34701333"><ele>1318.0</ele><time>2022-10-10T20:00:16.465Z</time></trkpt><trkpt lat="51.06951333" lon="-115.34703667"><ele>1319.0</ele><time>2022-10-10T20:00:17.465Z</time></trkpt><trkpt lat="51.069515" lon="-115.34705"><ele>1319.0</ele><time>2022-10-10T20:00:18.465Z</time></trkpt><trkpt lat="51.06951667" lon="-115.34706833"><ele>1319.0</ele><time>2022-10-10T20:00:19.465Z</time></trkpt><trkpt lat="51.06951833" lon="-115.347085"><ele>1319.0</ele><time>2022-10-10T20:00:20.465Z</time></trkpt><trkpt lat="51.06952" lon="-115.34710667"><ele>1318.0</ele><time>2022-10-10T20:00:21.464Z</time></trkpt><trkpt lat="51.06952" lon="-115.347125"><ele>1318.0</ele><time>2022-10-10T20:00:22.465Z</time></trkpt><trkpt lat="51.06952" lon="-115.34714333"><ele>1318.0</ele><time>2022-10-10T20:00:23.465Z</time></trkpt><trkpt lat="51.06952" lon="-115.347165"><ele>1317.0</ele><time>2022-10-10T20:00:24.464Z</time></trkpt><trkpt lat="51.06952167" lon="-115.34718333"><ele>1317.0</ele><time>2022-10-10T20:00:25.464Z</time></trkpt><trkpt lat="51.06952333" lon="-115.34720167"><ele>1317.0</ele><time>2022-10-10T20:00:26.465Z</time></trkpt><trkpt lat="51.06953" lon="-115.34721333"><ele>1317.0</ele><time>2022-10-10T20:00:27.465Z</time></trkpt><trkpt lat="51.06953667" lon="-115.34722833"><ele>1317.0</ele><time>2022-10-10T20:00:28.465Z</time></trkpt><trkpt lat="51.06953833" lon="-115.34724833"><ele>1316.0</ele><time>2022-10-10T20:00:29.465Z</time></trkpt><trkpt lat="51.06953833" lon="-115.34727167"><ele>1316.0</ele><time>2022-10-10T20:00:30.465Z</time></trkpt><trkpt lat="51.06954" lon="-115.347295"><ele>1316.0</ele><time>2022-10-10T20:00:31.464Z</time></trkpt><trkpt lat="51.06953833" lon="-115.347315"><ele>1316.0</ele><time>2022-10-10T20:00:32.464Z</time></trkpt><trkpt lat="51.06954" lon="-115.347335"><ele>1316.0</ele><time>2022-10-10T20:00:33.465Z</time></trkpt><trkpt lat="51.06954167" lon="-115.34735333"><ele>1316.0</ele><time>2022-10-10T20:00:34.464Z</time></trkpt><trkpt lat="51.06954167" lon="-115.34737333"><ele>1316.0</ele><time>2022-10-10T20:00:35.465Z</time></trkpt><trkpt lat="51.06953833" lon="-115.34739167"><ele>1316.0</ele><time>2022-10-10T20:00:36.464Z</time></trkpt><trkpt lat="51.06953333" lon="-115.34741667"><ele>1316.0</ele><time>2022-10-10T20:00:37.465Z</time></trkpt><trkpt lat="51.06952833" lon="-115.34743167"><ele>1316.0</ele><time>2022-10-10T20:00:38.465Z</time></trkpt><trkpt lat="51.069525" lon="-115.34745333"><ele>1316.0</ele><time>2022-10-10T20:00:39.464Z</time></trkpt><trkpt lat="51.06951833" lon="-115.347475"><ele>1316.0</ele><time>2022-10-10T20:00:40.465Z</time></trkpt><trkpt lat="51.06951167" lon="-115.34749167"><ele>1316.0</ele><time>2022-10-10T20:00:41.465Z</time></trkpt><trkpt lat="51.06951167" lon="-115.34751"><ele>1316.0</ele><time>2022-10-10T20:00:42.465Z</time></trkpt><trkpt lat="51.06951" lon="-115.34752667"><ele>1317.0</ele><time>2022-10-10T20:00:43.464Z</time></trkpt><trkpt lat="51.06950833" lon="-115.347545"><ele>1317.0</ele><time>2022-10-10T20:00:44.465Z</time></trkpt><trkpt lat="51.06950667" lon="-115.34756667"><ele>1316.0</ele><time>2022-10-10T20:00:45.465Z</time></trkpt><trkpt lat="51.06950167" lon="-115.347585"><ele>1316.0</ele><time>2022-10-10T20:00:46.464Z</time></trkpt><trkpt lat="51.069505" lon="-115.34760333"><ele>1317.0</ele><time>2022-10-10T20:00:47.465Z</time></trkpt><trkpt lat="51.06949833" lon="-115.34760667"><ele>1317.0</ele><time>2022-10-10T20:00:48.465Z</time></trkpt><trkpt lat="51.069495" lon="-115.34762333"><ele>1317.0</ele><time>2022-10-10T20:00:49.464Z</time></trkpt><trkpt lat="51.069485" lon="-115.34764333"><ele>1317.0</ele><time>2022-10-10T20:00:50.465Z</time></trkpt><trkpt lat="51.06947833" lon="-115.34765833"><ele>1317.0</ele><time>2022-10-10T20:00:51.465Z</time></trkpt><trkpt lat="51.06947" lon="-115.34767333"><ele>1317.0</ele><time>2022-10-10T20:00:52.465Z</time></trkpt><trkpt lat="51.069465" lon="-115.3477"><ele>1317.0</ele><time>2022-10-10T20:00:53.464Z</time></trkpt><trkpt lat="51.06945833" lon="-115.34772333"><ele>1317.0</ele><time>2022-10-10T20:00:54.465Z</time></trkpt><trkpt lat="51.06944833" lon="-115.34774167"><ele>1316.0</ele><time>2022-10-10T20:00:55.465Z</time></trkpt><trkpt lat="51.06944333" lon="-115.34776667"><ele>1316.0</ele><time>2022-10-10T20:00:56.465Z</time></trkpt><trkpt lat="51.06944333" lon="-115.34779833"><ele>1315.0</ele><time>2022-10-10T20:00:57.465Z</time></trkpt><trkpt lat="51.06944" lon="-115.34781667"><ele>1314.0</ele><time>2022-10-10T20:00:58.465Z</time></trkpt><trkpt lat="51.06943" lon="-115.34783333"><ele>1313.0</ele><time>2022-10-10T20:00:59.464Z</time></trkpt><trkpt lat="51.069425" lon="-115.34785333"><ele>1313.0</ele><time>2022-10-10T20:01:00.465Z</time></trkpt><trkpt lat="51.06941833" lon="-115.34787333"><ele>1313.0</ele><time>2022-10-10T20:01:01.465Z</time></trkpt><trkpt lat="51.06941167" lon="-115.34789333"><ele>1313.0</ele><time>2022-10-10T20:01:02.465Z</time></trkpt><trkpt lat="51.069405" lon="-115.34791"><ele>1313.0</ele><time>2022-10-10T20:01:03.464Z</time></trkpt><trkpt lat="51.06939833" lon="-115.34792833"><ele>1313.0</ele><time>2022-10-10T20:01:04.465Z</time></trkpt><trkpt lat="51.06939" lon="-115.34794333"><ele>1314.0</ele><time>2022-10-10T20:01:05.465Z</time></trkpt><trkpt lat="51.06938167" lon="-115.34796"><ele>1314.0</ele><time>2022-10-10T20:01:06.464Z</time></trkpt><trkpt lat="51.06937667" lon="-115.34797833"><ele>1315.0</ele><time>2022-10-10T20:01:07.465Z</time></trkpt><trkpt lat="51.06937" lon="-115.34799333"><ele>1315.0</ele><time>2022-10-10T20:01:08.465Z</time></trkpt><trkpt lat="51.06936833" lon="-115.34801"><ele>1315.0</ele><time>2022-10-10T20:01:09.464Z</time></trkpt><trkpt lat="51.06936333" lon="-115.34802667"><ele>1315.0</ele><time>2022-10-10T20:01:10.464Z</time></trkpt><trkpt lat="51.06936167" lon="-115.34804167"><ele>1316.0</ele><time>2022-10-10T20:01:11.465Z</time></trkpt><trkpt lat="51.06935833" lon="-115.34805833"><ele>1316.0</ele><time>2022-10-10T20:01:12.465Z</time></trkpt><trkpt lat="51.06936" lon="-115.348075"><ele>1316.0</ele><time>2022-10-10T20:01:13.465Z</time></trkpt><trkpt lat="51.06936167" lon="-115.34809167"><ele>1316.0</ele><time>2022-10-10T20:01:14.465Z</time></trkpt><trkpt lat="51.069365" lon="-115.34811167"><ele>1316.0</ele><time>2022-10-10T20:01:15.465Z</time></trkpt><trkpt lat="51.06936833" lon="-115.34812833"><ele>1316.0</ele><time>2022-10-10T20:01:16.464Z</time></trkpt><trkpt lat="51.069375" lon="-115.34814167"><ele>1317.0</ele><time>2022-10-10T20:01:17.465Z</time></trkpt><trkpt lat="51.06938333" lon="-115.34815167"><ele>1317.0</ele><time>2022-10-10T20:01:18.465Z</time></trkpt><trkpt lat="51.069395" lon="-115.34816167"><ele>1318.0</ele><time>2022-10-10T20:01:19.465Z</time></trkpt><trkpt lat="51.069405" lon="-115.34817167"><ele>1318.0</ele><time>2022-10-10T20:01:20.464Z</time></trkpt><trkpt lat="51.069415" lon="-115.34818"><ele>1318.0</ele><time>2022-10-10T20:01:21.465Z</time></trkpt><trkpt lat="51.06942333" lon="-115.34818833"><ele>1318.0</ele><time>2022-10-10T20:01:22.465Z</time></trkpt><trkpt lat="51.06943167" lon="-115.34819833"><ele>1318.0</ele><time>2022-10-10T20:01:23.464Z</time></trkpt><trkpt lat="51.06943667" lon="-115.34821"><ele>1317.0</ele><time>2022-10-10T20:01:24.465Z</time></trkpt><trkpt lat="51.069445" lon="-115.34821833"><ele>1317.0</ele><time>2022-10-10T20:01:25.465Z</time></trkpt><trkpt lat="51.06945333" lon="-115.34822833"><ele>1317.0</ele><time>2022-10-10T20:01:26.465Z</time></trkpt><trkpt lat="51.06946" lon="-115.34823667"><ele>1316.0</ele><time>2022-10-10T20:01:27.464Z</time></trkpt><trkpt lat="51.06946667" lon="-115.34824333"><ele>1316.0</ele><time>2022-10-10T20:01:28.464Z</time></trkpt><trkpt lat="51.06947333" lon="-115.34825167"><ele>1316.0</ele><time>2022-10-10T20:01:29.465Z</time></trkpt><trkpt lat="51.06948" lon="-115.34825833"><ele>1316.0</ele><time>2022-10-10T20:01:30.464Z</time></trkpt><trkpt lat="51.069485" lon="-115.34826833"><ele>1317.0</ele><time>2022-10-10T20:01:31.465Z</time></trkpt><trkpt lat="51.06949" lon="-115.34827833"><ele>1317.0</ele><time>2022-10-10T20:01:32.465Z</time></trkpt><trkpt lat="51.06949833" lon="-115.34829"><ele>1317.0</ele><time>2022-10-10T20:01:33.464Z</time></trkpt><trkpt lat="51.06950833" lon="-115.34830167"><ele>1316.0</ele><time>2022-10-10T20:01:34.465Z</time></trkpt><trkpt lat="51.06951667" lon="-115.34831833"><ele>1316.0</ele><time>2022-10-10T20:01:35.465Z</time></trkpt><trkpt lat="51.06952333" lon="-115.348335"><ele>1316.0</ele><time>2022-10-10T20:01:36.465Z</time></trkpt><trkpt lat="51.06953" lon="-115.34835167"><ele>1316.0</ele><time>2022-10-10T20:01:37.464Z</time></trkpt><trkpt lat="51.06953" lon="-115.34837"><ele>1316.0</ele><time>2022-10-10T20:01:38.465Z</time></trkpt><trkpt lat="51.06953167" lon="-115.34838833"><ele>1316.0</ele><time>2022-10-10T20:01:39.465Z</time></trkpt><trkpt lat="51.06953333" lon="-115.348405"><ele>1316.0</ele><time>2022-10-10T20:01:40.464Z</time></trkpt><trkpt lat="51.069535" lon="-115.34842667"><ele>1316.0</ele><time>2022-10-10T20:01:41.465Z</time></trkpt><trkpt lat="51.06953667" lon="-115.34844333"><ele>1316.0</ele><time>2022-10-10T20:01:42.465Z</time></trkpt><trkpt lat="51.06953667" lon="-115.34846667"><ele>1315.0</ele><time>2022-10-10T20:01:43.465Z</time></trkpt><trkpt lat="51.069535" lon="-115.34848833"><ele>1315.0</ele><time>2022-10-10T20:01:44.465Z</time></trkpt><trkpt lat="51.06953667" lon="-115.34850667"><ele>1315.0</ele><time>2022-10-10T20:01:45.465Z</time></trkpt><trkpt lat="51.06954" lon="-115.34852333"><ele>1315.0</ele><time>2022-10-10T20:01:46.465Z</time></trkpt><trkpt lat="51.069545" lon="-115.34854167"><ele>1314.0</ele><time>2022-10-10T20:01:47.464Z</time></trkpt><trkpt lat="51.06955167" lon="-115.34856"><ele>1314.0</ele><time>2022-10-10T20:01:48.465Z</time></trkpt><trkpt lat="51.06955833" lon="-115.34857667"><ele>1314.0</ele><time>2022-10-10T20:01:49.464Z</time></trkpt><trkpt lat="51.069565" lon="-115.348595"><ele>1313.0</ele><time>2022-10-10T20:01:50.464Z</time></trkpt><trkpt lat="51.06957333" lon="-115.34860833"><ele>1313.0</ele><time>2022-10-10T20:01:51.465Z</time></trkpt><trkpt lat="51.06958" lon="-115.34862"><ele>1312.0</ele><time>2022-10-10T20:01:52.465Z</time></trkpt><trkpt lat="51.06958667" lon="-115.348635"><ele>1311.0</ele><time>2022-10-10T20:01:53.464Z</time></trkpt><trkpt lat="51.06959333" lon="-115.34865"><ele>1310.0</ele><time>2022-10-10T20:01:54.465Z</time></trkpt><trkpt lat="51.06960167" lon="-115.34866833"><ele>1309.0</ele><time>2022-10-10T20:01:55.464Z</time></trkpt><trkpt lat="51.06961" lon="-115.34868"><ele>1308.0</ele><time>2022-10-10T20:01:56.464Z</time></trkpt><trkpt lat="51.06961667" lon="-115.348695"><ele>1308.0</ele><time>2022-10-10T20:01:57.464Z</time></trkpt><trkpt lat="51.069625" lon="-115.34870833"><ele>1308.0</ele><time>2022-10-10T20:01:58.465Z</time></trkpt><trkpt lat="51.06963333" lon="-115.34872167"><ele>1307.0</ele><time>2022-10-10T20:01:59.465Z</time></trkpt><trkpt lat="51.06964" lon="-115.34873833"><ele>1307.0</ele><time>2022-10-10T20:02:00.464Z</time></trkpt><trkpt lat="51.06965167" lon="-115.34875333"><ele>1306.0</ele><time>2022-10-10T20:02:01.464Z</time></trkpt><trkpt lat="51.06966" lon="-115.34876333"><ele>1306.0</ele><time>2022-10-10T20:02:02.464Z</time></trkpt><trkpt lat="51.06966667" lon="-115.348785"><ele>1306.0</ele><time>2022-10-10T20:02:03.464Z</time></trkpt><trkpt lat="51.06967333" lon="-115.34880167"><ele>1306.0</ele><time>2022-10-10T20:02:04.465Z</time></trkpt><trkpt lat="51.06968333" lon="-115.348815"><ele>1306.0</ele><time>2022-10-10T20:02:05.465Z</time></trkpt><trkpt lat="51.06969" lon="-115.34883"><ele>1306.0</ele><time>2022-10-10T20:02:06.465Z</time></trkpt><trkpt lat="51.06969333" lon="-115.348845"><ele>1307.0</ele><time>2022-10-10T20:02:07.465Z</time></trkpt><trkpt lat="51.0697" lon="-115.34886"><ele>1307.0</ele><time>2022-10-10T20:02:08.464Z</time></trkpt><trkpt lat="51.06970833" lon="-115.34887333"><ele>1307.0</ele><time>2022-10-10T20:02:09.465Z</time></trkpt><trkpt lat="51.069715" lon="-115.34888833"><ele>1308.0</ele><time>2022-10-10T20:02:10.465Z</time></trkpt><trkpt lat="51.069725" lon="-115.3489"><ele>1308.0</ele><time>2022-10-10T20:02:11.465Z</time></trkpt><trkpt lat="51.06973167" lon="-115.348915"><ele>1307.0</ele><time>2022-10-10T20:02:12.465Z</time></trkpt><trkpt lat="51.06973833" lon="-115.34892667"><ele>1307.0</ele><time>2022-10-10T20:02:13.465Z</time></trkpt><trkpt lat="51.06974833" lon="-115.34893333"><ele>1307.0</ele><time>2022-10-10T20:02:14.464Z</time></trkpt><trkpt lat="51.06976" lon="-115.34894833"><ele>1307.0</ele><time>2022-10-10T20:02:15.464Z</time></trkpt><trkpt lat="51.069765" lon="-115.34896167"><ele>1307.0</ele><time>2022-10-10T20:02:16.465Z</time></trkpt><trkpt lat="51.06977333" lon="-115.34897833"><ele>1306.0</ele><time>2022-10-10T20:02:17.465Z</time></trkpt><trkpt lat="51.06978" lon="-115.34899167"><ele>1306.0</ele><time>2022-10-10T20:02:18.465Z</time></trkpt><trkpt lat="51.06978833" lon="-115.349005"><ele>1305.0</ele><time>2022-10-10T20:02:19.465Z</time></trkpt><trkpt lat="51.069795" lon="-115.34902333"><ele>1305.0</ele><time>2022-10-10T20:02:20.465Z</time></trkpt><trkpt lat="51.06980167" lon="-115.34903833"><ele>1304.0</ele><time>2022-10-10T20:02:21.464Z</time></trkpt><trkpt lat="51.06981" lon="-115.34905167"><ele>1304.0</ele><time>2022-10-10T20:02:22.465Z</time></trkpt><trkpt lat="51.06982" lon="-115.34906333"><ele>1304.0</ele><time>2022-10-10T20:02:23.464Z</time></trkpt><trkpt lat="51.06983" lon="-115.349075"><ele>1305.0</ele><time>2022-10-10T20:02:24.465Z</time></trkpt><trkpt lat="51.06983833" lon="-115.34908667"><ele>1305.0</ele><time>2022-10-10T20:02:25.465Z</time></trkpt><trkpt lat="51.069845" lon="-115.34910333"><ele>1305.0</ele><time>2022-10-10T20:02:26.465Z</time></trkpt><trkpt lat="51.06985" lon="-115.34911333"><ele>1306.0</ele><time>2022-10-10T20:02:27.464Z</time></trkpt><trkpt lat="51.06985667" lon="-115.349125"><ele>1306.0</ele><time>2022-10-10T20:02:28.465Z</time></trkpt><trkpt lat="51.069865" lon="-115.34914"><ele>1306.0</ele><time>2022-10-10T20:02:29.465Z</time></trkpt><trkpt lat="51.06987333" lon="-115.34915333"><ele>1305.0</ele><time>2022-10-10T20:02:30.464Z</time></trkpt><trkpt lat="51.06988" lon="-115.349165"><ele>1305.0</ele><time>2022-10-10T20:02:31.465Z</time></trkpt><trkpt lat="51.06988667" lon="-115.34918"><ele>1305.0</ele><time>2022-10-10T20:02:32.465Z</time></trkpt><trkpt lat="51.069895" lon="-115.34919333"><ele>1305.0</ele><time>2022-10-10T20:02:33.464Z</time></trkpt><trkpt lat="51.06990333" lon="-115.34920333"><ele>1305.0</ele><time>2022-10-10T20:02:34.465Z</time></trkpt><trkpt lat="51.06991" lon="-115.34921667"><ele>1305.0</ele><time>2022-10-10T20:02:35.465Z</time></trkpt><trkpt lat="51.06992167" lon="-115.34922833"><ele>1305.0</ele><time>2022-10-10T20:02:36.465Z</time></trkpt><trkpt lat="51.06993333" lon="-115.34924"><ele>1306.0</ele><time>2022-10-10T20:02:37.464Z</time></trkpt><trkpt lat="51.06994333" lon="-115.34925333"><ele>1306.0</ele><time>2022-10-10T20:02:38.465Z</time></trkpt><trkpt lat="51.06995" lon="-115.34927"><ele>1306.0</ele><time>2022-10-10T20:02:39.465Z</time></trkpt><trkpt lat="51.069955" lon="-115.34928667"><ele>1306.0</ele><time>2022-10-10T20:02:40.465Z</time></trkpt><trkpt lat="51.06996167" lon="-115.34930167"><ele>1306.0</ele><time>2022-10-10T20:02:41.465Z</time></trkpt><trkpt lat="51.06996833" lon="-115.34931833"><ele>1306.0</ele><time>2022-10-10T20:02:42.465Z</time></trkpt><trkpt lat="51.06997667" lon="-115.34933167"><ele>1306.0</ele><time>2022-10-10T20:02:43.464Z</time></trkpt><trkpt lat="51.069985" lon="-115.34934667"><ele>1306.0</ele><time>2022-10-10T20:02:44.465Z</time></trkpt><trkpt lat="51.06999167" lon="-115.34936"><ele>1306.0</ele><time>2022-10-10T20:02:45.464Z</time></trkpt><trkpt lat="51.06999833" lon="-115.349375"><ele>1306.0</ele><time>2022-10-10T20:02:46.464Z</time></trkpt><trkpt lat="51.07000167" lon="-115.34938833"><ele>1305.0</ele><time>2022-10-10T20:02:47.465Z</time></trkpt><trkpt lat="51.07000833" lon="-115.34940333"><ele>1305.0</ele><time>2022-10-10T20:02:48.464Z</time></trkpt><trkpt lat="51.070015" lon="-115.34941667"><ele>1305.0</ele><time>2022-10-10T20:02:49.464Z</time></trkpt><trkpt lat="51.07002333" lon="-115.34943167"><ele>1305.0</ele><time>2022-10-10T20:02:50.465Z</time></trkpt><trkpt lat="51.07003333" lon="-115.34944333"><ele>1305.0</ele><time>2022-10-10T20:02:51.465Z</time></trkpt><trkpt lat="51.070045" lon="-115.349455"><ele>1305.0</ele><time>2022-10-10T20:02:52.465Z</time></trkpt><trkpt lat="51.070055" lon="-115.34946333"><ele>1306.0</ele><time>2022-10-10T20:02:53.464Z</time></trkpt><trkpt lat="51.070065" lon="-115.349475"><ele>1306.0</ele><time>2022-10-10T20:02:54.464Z</time></trkpt><trkpt lat="51.070075" lon="-115.34948667"><ele>1306.0</ele><time>2022-10-10T20:02:55.465Z</time></trkpt><trkpt lat="51.070085" lon="-115.34949833"><ele>1307.0</ele><time>2022-10-10T20:02:56.465Z</time></trkpt><trkpt lat="51.07009167" lon="-115.34951333"><ele>1307.0</ele><time>2022-10-10T20:02:57.465Z</time></trkpt><trkpt lat="51.07010167" lon="-115.34952333"><ele>1307.0</ele><time>2022-10-10T20:02:58.465Z</time></trkpt><trkpt lat="51.07011" lon="-115.349535"><ele>1308.0</ele><time>2022-10-10T20:02:59.464Z</time></trkpt><trkpt lat="51.07011833" lon="-115.34955167"><ele>1308.0</ele><time>2022-10-10T20:03:00.465Z</time></trkpt><trkpt lat="51.07012667" lon="-115.34956333"><ele>1307.0</ele><time>2022-10-10T20:03:01.464Z</time></trkpt><trkpt lat="51.070135" lon="-115.34957833"><ele>1306.0</ele><time>2022-10-10T20:03:02.465Z</time></trkpt><trkpt lat="51.07014333" lon="-115.34959833"><ele>1305.0</ele><time>2022-10-10T20:03:03.465Z</time></trkpt><trkpt lat="51.07015" lon="-115.349615"><ele>1305.0</ele><time>2022-10-10T20:03:04.465Z</time></trkpt><trkpt lat="51.07015667" lon="-115.349635"><ele>1304.0</ele><time>2022-10-10T20:03:05.465Z</time></trkpt><trkpt lat="51.07016667" lon="-115.34965167"><ele>1304.0</ele><time>2022-10-10T20:03:06.464Z</time></trkpt><trkpt lat="51.07017667" lon="-115.34966833"><ele>1304.0</ele><time>2022-10-10T20:03:07.465Z</time></trkpt><trkpt lat="51.07018667" lon="-115.34968333"><ele>1304.0</ele><time>2022-10-10T20:03:08.465Z</time></trkpt><trkpt lat="51.070195" lon="-115.34969667"><ele>1304.0</ele><time>2022-10-10T20:03:09.465Z</time></trkpt><trkpt lat="51.070205" lon="-115.34970833"><ele>1304.0</ele><time>2022-10-10T20:03:10.464Z</time></trkpt><trkpt lat="51.07021" lon="-115.34972167"><ele>1304.0</ele><time>2022-10-10T20:03:11.464Z</time></trkpt><trkpt lat="51.07021667" lon="-115.34974"><ele>1305.0</ele><time>2022-10-10T20:03:12.464Z</time></trkpt><trkpt lat="51.07022667" lon="-115.349755"><ele>1305.0</ele><time>2022-10-10T20:03:13.464Z</time></trkpt><trkpt lat="51.07023667" lon="-115.34977333"><ele>1304.0</ele><time>2022-10-10T20:03:14.465Z</time></trkpt><trkpt lat="51.07024333" lon="-115.34979"><ele>1304.0</ele><time>2022-10-10T20:03:15.465Z</time></trkpt><trkpt lat="51.07025333" lon="-115.34979833"><ele>1304.0</ele><time>2022-10-10T20:03:16.464Z</time></trkpt><trkpt lat="51.07026" lon="-115.34980833"><ele>1304.0</ele><time>2022-10-10T20:03:17.464Z</time></trkpt><trkpt lat="51.07026167" lon="-115.34981833"><ele>1305.0</ele><time>2022-10-10T20:03:18.465Z</time></trkpt><trkpt lat="51.07026667" lon="-115.34983667"><ele>1305.0</ele><time>2022-10-10T20:03:19.465Z</time></trkpt><trkpt lat="51.07027167" lon="-115.349855"><ele>1305.0</ele><time>2022-10-10T20:03:20.465Z</time></trkpt><trkpt lat="51.07028167" lon="-115.349865"><ele>1305.0</ele><time>2022-10-10T20:03:21.465Z</time></trkpt><trkpt lat="51.07028833" lon="-115.34987167"><ele>1305.0</ele><time>2022-10-10T20:03:22.464Z</time></trkpt><trkpt lat="51.07028667" lon="-115.349875"><ele>1306.0</ele><time>2022-10-10T20:03:23.465Z</time></trkpt><trkpt lat="51.07028833" lon="-115.34986833"><ele>1306.0</ele><time>2022-10-10T20:03:24.465Z</time></trkpt><trkpt lat="51.07029" lon="-115.34985833"><ele>1306.0</ele><time>2022-10-10T20:03:25.465Z</time></trkpt><trkpt lat="51.07029" lon="-115.34986"><ele>1306.0</ele><time>2022-10-10T20:03:26.465Z</time></trkpt><trkpt lat="51.07029167" lon="-115.34986167"><ele>1306.0</ele><time>2022-10-10T20:03:27.465Z</time></trkpt><trkpt lat="51.07029167" lon="-115.34986167"><ele>1306.0</ele><time>2022-10-10T20:03:28.464Z</time></trkpt><trkpt lat="51.07028667" lon="-115.34986167"><ele>1306.0</ele><time>2022-10-10T20:03:29.465Z</time></trkpt><trkpt lat="51.07028333" lon="-115.34986167"><ele>1306.0</ele><time>2022-10-10T20:03:30.465Z</time></trkpt><trkpt lat="51.070295" lon="-115.34985167"><ele>1306.0</ele><time>2022-10-10T20:03:31.465Z</time></trkpt><trkpt lat="51.07031167" lon="-115.349855"><ele>1305.0</ele><time>2022-10-10T20:03:32.465Z</time></trkpt><trkpt lat="51.070325" lon="-115.34984333"><ele>1305.0</ele><time>2022-10-10T20:03:33.464Z</time></trkpt><trkpt lat="51.07033" lon="-115.34984"><ele>1305.0</ele><time>2022-10-10T20:03:34.465Z</time></trkpt><trkpt lat="51.070335" lon="-115.34984333"><ele>1305.0</ele><time>2022-10-10T20:03:35.465Z</time></trkpt><trkpt lat="51.070335" lon="-115.34984667"><ele>1306.0</ele><time>2022-10-10T20:03:36.465Z</time></trkpt><trkpt lat="51.07033667" lon="-115.349845"><ele>1306.0</ele><time>2022-10-10T20:03:37.464Z</time></trkpt><trkpt lat="51.07033833" lon="-115.349845"><ele>1306.0</ele><time>2022-10-10T20:03:38.464Z</time></trkpt><trkpt lat="51.07033833" lon="-115.349845"><ele>1306.0</ele><time>2022-10-10T20:03:39.465Z</time></trkpt><trkpt lat="51.07034" lon="-115.34984667"><ele>1306.0</ele><time>2022-10-10T20:03:40.465Z</time></trkpt><trkpt lat="51.07034" lon="-115.34984833"><ele>1306.0</ele><time>2022-10-10T20:03:41.465Z</time></trkpt><trkpt lat="51.07034" lon="-115.34984667"><ele>1306.0</ele><time>2022-10-10T20:03:42.465Z</time></trkpt><trkpt lat="51.07033833" lon="-115.34984833"><ele>1306.0</ele><time>2022-10-10T20:03:43.465Z</time></trkpt><trkpt lat="51.07034" lon="-115.34985167"><ele>1306.0</ele><time>2022-10-10T20:03:44.465Z</time></trkpt><trkpt lat="51.07034" lon="-115.34985667"><ele>1306.0</ele><time>2022-10-10T20:03:45.464Z</time></trkpt><trkpt lat="51.07033833" lon="-115.34985667"><ele>1306.0</ele><time>2022-10-10T20:03:46.464Z</time></trkpt><trkpt lat="51.07034167" lon="-115.34985333"><ele>1306.0</ele><time>2022-10-10T20:03:47.465Z</time></trkpt><trkpt lat="51.07034" lon="-115.34985"><ele>1306.0</ele><time>2022-10-10T20:03:48.465Z</time></trkpt><trkpt lat="51.07033667" lon="-115.349855"><ele>1306.0</ele><time>2022-10-10T20:03:49.465Z</time></trkpt><trkpt lat="51.07032833" lon="-115.34986333"><ele>1306.0</ele><time>2022-10-10T20:03:50.465Z</time></trkpt><trkpt lat="51.07032833" lon="-115.349865"><ele>1306.0</ele><time>2022-10-10T20:03:51.464Z</time></trkpt><trkpt lat="51.07032833" lon="-115.349865"><ele>1305.0</ele><time>2022-10-10T20:03:52.465Z</time></trkpt><trkpt lat="51.07032667" lon="-115.349865"><ele>1305.0</ele><time>2022-10-10T20:03:53.465Z</time></trkpt><trkpt lat="51.07032667" lon="-115.34986333"><ele>1305.0</ele><time>2022-10-10T20:03:54.465Z</time></trkpt><trkpt lat="51.07032667" lon="-115.34986167"><ele>1304.0</ele><time>2022-10-10T20:03:55.465Z</time></trkpt><trkpt lat="51.07032833" lon="-115.34986"><ele>1304.0</ele><time>2022-10-10T20:03:56.464Z</time></trkpt><trkpt lat="51.07032833" lon="-115.34986167"><ele>1304.0</ele><time>2022-10-10T20:03:57.464Z</time></trkpt><trkpt lat="51.07032167" lon="-115.349865"><ele>1304.0</ele><time>2022-10-10T20:03:58.465Z</time></trkpt><trkpt lat="51.07031833" lon="-115.34987167"><ele>1304.0</ele><time>2022-10-10T20:03:59.464Z</time></trkpt><trkpt lat="51.07031167" lon="-115.34987"><ele>1304.0</ele><time>2022-10-10T20:04:00.465Z</time></trkpt><trkpt lat="51.07030833" lon="-115.349865"><ele>1304.0</ele><time>2022-10-10T20:04:01.465Z</time></trkpt><trkpt lat="51.07030833" lon="-115.34986167"><ele>1303.0</ele><time>2022-10-10T20:04:02.465Z</time></trkpt><trkpt lat="51.07030833" lon="-115.34986167"><ele>1303.0</ele><time>2022-10-10T20:04:03.465Z</time></trkpt><trkpt lat="51.07031167" lon="-115.34986667"><ele>1303.0</ele><time>2022-10-10T20:04:04.465Z</time></trkpt><trkpt lat="51.07031333" lon="-115.349875"><ele>1304.0</ele><time>2022-10-10T20:04:05.464Z</time></trkpt><trkpt lat="51.07031667" lon="-115.34988333"><ele>1305.0</ele><time>2022-10-10T20:04:06.465Z</time></trkpt><trkpt lat="51.07032" lon="-115.34989667"><ele>1305.0</ele><time>2022-10-10T20:04:07.465Z</time></trkpt><trkpt lat="51.07032333" lon="-115.349905"><ele>1306.0</ele><time>2022-10-10T20:04:08.465Z</time></trkpt><trkpt lat="51.07032833" lon="-115.34993167"><ele>1306.0</ele><time>2022-10-10T20:04:09.464Z</time></trkpt><trkpt lat="51.07033167" lon="-115.34995167"><ele>1306.0</ele><time>2022-10-10T20:04:10.465Z</time></trkpt><trkpt lat="51.070335" lon="-115.34995833"><ele>1306.0</ele><time>2022-10-10T20:04:11.465Z</time></trkpt><trkpt lat="51.07033833" lon="-115.34996167"><ele>1306.0</ele><time>2022-10-10T20:04:12.464Z</time></trkpt><trkpt lat="51.07034167" lon="-115.34996"><ele>1306.0</ele><time>2022-10-10T20:04:13.465Z</time></trkpt><trkpt lat="51.07034333" lon="-115.34996167"><ele>1306.0</ele><time>2022-10-10T20:04:14.464Z</time></trkpt><trkpt lat="51.070345" lon="-115.34996667"><ele>1307.0</ele><time>2022-10-10T20:04:15.464Z</time></trkpt><trkpt lat="51.07035167" lon="-115.349975"><ele>1307.0</ele><time>2022-10-10T20:04:16.464Z</time></trkpt><trkpt lat="51.07035667" lon="-115.34998667"><ele>1306.0</ele><time>2022-10-10T20:04:17.464Z</time></trkpt><trkpt lat="51.070365" lon="-115.35000167"><ele>1306.0</ele><time>2022-10-10T20:04:18.464Z</time></trkpt><trkpt lat="51.07037167" lon="-115.350015"><ele>1305.0</ele><time>2022-10-10T20:04:19.464Z</time></trkpt><trkpt lat="51.07038" lon="-115.35002833"><ele>1305.0</ele><time>2022-10-10T20:04:20.465Z</time></trkpt><trkpt lat="51.07038833" lon="-115.35004167"><ele>1305.0</ele><time>2022-10-10T20:04:21.465Z</time></trkpt><trkpt lat="51.07039667" lon="-115.35005667"><ele>1305.0</ele><time>2022-10-10T20:04:22.465Z</time></trkpt><trkpt lat="51.07040167" lon="-115.350075"><ele>1304.0</ele><time>2022-10-10T20:04:23.465Z</time></trkpt><trkpt lat="51.07040833" lon="-115.35009333"><ele>1304.0</ele><time>2022-10-10T20:04:24.465Z</time></trkpt><trkpt lat="51.070415" lon="-115.35011167"><ele>1304.0</ele><time>2022-10-10T20:04:25.465Z</time></trkpt><trkpt lat="51.07042167" lon="-115.35012667"><ele>1304.0</ele><time>2022-10-10T20:04:26.465Z</time></trkpt><trkpt lat="51.070425" lon="-115.35014333"><ele>1304.0</ele><time>2022-10-10T20:04:27.465Z</time></trkpt><trkpt lat="51.07042833" lon="-115.35016167"><ele>1304.0</ele><time>2022-10-10T20:04:28.465Z</time></trkpt><trkpt lat="51.070435" lon="-115.35018"><ele>1303.0</ele><time>2022-10-10T20:04:29.464Z</time></trkpt><trkpt lat="51.07044" lon="-115.35019833"><ele>1303.0</ele><time>2022-10-10T20:04:30.465Z</time></trkpt><trkpt lat="51.070445" lon="-115.35021667"><ele>1303.0</ele><time>2022-10-10T20:04:31.465Z</time></trkpt><trkpt lat="51.07045167" lon="-115.35023333"><ele>1303.0</ele><time>2022-10-10T20:04:32.465Z</time></trkpt><trkpt lat="51.07045667" lon="-115.35025"><ele>1303.0</ele><time>2022-10-10T20:04:33.465Z</time></trkpt><trkpt lat="51.070465" lon="-115.35027"><ele>1303.0</ele><time>2022-10-10T20:04:34.465Z</time></trkpt><trkpt lat="51.07047167" lon="-115.35028667"><ele>1303.0</ele><time>2022-10-10T20:04:35.464Z</time></trkpt><trkpt lat="51.07047667" lon="-115.3503"><ele>1304.0</ele><time>2022-10-10T20:04:36.464Z</time></trkpt><trkpt lat="51.070485" lon="-115.35032"><ele>1304.0</ele><time>2022-10-10T20:04:37.465Z</time></trkpt><trkpt lat="51.07049" lon="-115.35033333"><ele>1305.0</ele><time>2022-10-10T20:04:38.465Z</time></trkpt><trkpt lat="51.07049667" lon="-115.35035333"><ele>1305.0</ele><time>2022-10-10T20:04:39.465Z</time></trkpt><trkpt lat="51.07050167" lon="-115.35037"><ele>1306.0</ele><time>2022-10-10T20:04:40.465Z</time></trkpt><trkpt lat="51.070505" lon="-115.35038333"><ele>1307.0</ele><time>2022-10-10T20:04:41.465Z</time></trkpt><trkpt lat="51.07051" lon="-115.35040167"><ele>1307.0</ele><time>2022-10-10T20:04:42.464Z</time></trkpt><trkpt lat="51.07051333" lon="-115.35042"><ele>1307.0</ele><time>2022-10-10T20:04:43.464Z</time></trkpt><trkpt lat="51.07051833" lon="-115.35043667"><ele>1308.0</ele><time>2022-10-10T20:04:44.464Z</time></trkpt><trkpt lat="51.070525" lon="-115.35045333"><ele>1308.0</ele><time>2022-10-10T20:04:45.464Z</time></trkpt><trkpt lat="51.07053167" lon="-115.35046833"><ele>1307.0</ele><time>2022-10-10T20:04:46.464Z</time></trkpt><trkpt lat="51.07053833" lon="-115.35048333"><ele>1307.0</ele><time>2022-10-10T20:04:47.465Z</time></trkpt><trkpt lat="51.07054667" lon="-115.3505"><ele>1307.0</ele><time>2022-10-10T20:04:48.465Z</time></trkpt><trkpt lat="51.07055" lon="-115.35052"><ele>1307.0</ele><time>2022-10-10T20:04:49.465Z</time></trkpt><trkpt lat="51.07055333" lon="-115.35054167"><ele>1306.0</ele><time>2022-10-10T20:04:50.465Z</time></trkpt><trkpt lat="51.07055833" lon="-115.35056167"><ele>1306.0</ele><time>2022-10-10T20:04:51.465Z</time></trkpt><trkpt lat="51.070565" lon="-115.350585"><ele>1306.0</ele><time>2022-10-10T20:04:52.465Z</time></trkpt><trkpt lat="51.07057" lon="-115.35059833"><ele>1305.0</ele><time>2022-10-10T20:04:53.465Z</time></trkpt><trkpt lat="51.070575" lon="-115.35061667"><ele>1305.0</ele><time>2022-10-10T20:04:54.465Z</time></trkpt><trkpt lat="51.07058" lon="-115.350635"><ele>1305.0</ele><time>2022-10-10T20:04:55.465Z</time></trkpt><trkpt lat="51.07058833" lon="-115.350655"><ele>1306.0</ele><time>2022-10-10T20:04:56.465Z</time></trkpt><trkpt lat="51.07059167" lon="-115.35067"><ele>1306.0</ele><time>2022-10-10T20:04:57.465Z</time></trkpt><trkpt lat="51.07060167" lon="-115.35068833"><ele>1306.0</ele><time>2022-10-10T20:04:58.464Z</time></trkpt><trkpt lat="51.07060667" lon="-115.3507"><ele>1306.0</ele><time>2022-10-10T20:04:59.465Z</time></trkpt><trkpt lat="51.07061333" lon="-115.350715"><ele>1306.0</ele><time>2022-10-10T20:05:00.465Z</time></trkpt><trkpt lat="51.07062167" lon="-115.35073167"><ele>1306.0</ele><time>2022-10-10T20:05:01.465Z</time></trkpt><trkpt lat="51.07062667" lon="-115.35075167"><ele>1305.0</ele><time>2022-10-10T20:05:02.465Z</time></trkpt><trkpt lat="51.07063167" lon="-115.350765"><ele>1305.0</ele><time>2022-10-10T20:05:03.465Z</time></trkpt><trkpt lat="51.07064" lon="-115.35077333"><ele>1304.0</ele><time>2022-10-10T20:05:04.464Z</time></trkpt><trkpt lat="51.07064667" lon="-115.35078167"><ele>1304.0</ele><time>2022-10-10T20:05:05.465Z</time></trkpt><trkpt lat="51.070655" lon="-115.35079"><ele>1304.0</ele><time>2022-10-10T20:05:06.464Z</time></trkpt><trkpt lat="51.07066167" lon="-115.35080333"><ele>1303.0</ele><time>2022-10-10T20:05:07.464Z</time></trkpt><trkpt lat="51.07067167" lon="-115.35081333"><ele>1303.0</ele><time>2022-10-10T20:05:08.465Z</time></trkpt><trkpt lat="51.07068167" lon="-115.35082"><ele>1304.0</ele><time>2022-10-10T20:05:09.465Z</time></trkpt><trkpt lat="51.07069167" lon="-115.350825"><ele>1304.0</ele><time>2022-10-10T20:05:10.465Z</time></trkpt><trkpt lat="51.07070667" lon="-115.35082667"><ele>1304.0</ele><time>2022-10-10T20:05:11.464Z</time></trkpt><trkpt lat="51.07072333" lon="-115.35082167"><ele>1304.0</ele><time>2022-10-10T20:05:12.464Z</time></trkpt><trkpt lat="51.07074167" lon="-115.35081833"><ele>1304.0</ele><time>2022-10-10T20:05:13.464Z</time></trkpt><trkpt lat="51.07075167" lon="-115.350815"><ele>1305.0</ele><time>2022-10-10T20:05:14.464Z</time></trkpt><trkpt lat="51.07076333" lon="-115.35081167"><ele>1306.0</ele><time>2022-10-10T20:05:15.465Z</time></trkpt><trkpt lat="51.07077667" lon="-115.35080333"><ele>1306.0</ele><time>2022-10-10T20:05:16.465Z</time></trkpt><trkpt lat="51.07078667" lon="-115.350795"><ele>1307.0</ele><time>2022-10-10T20:05:17.465Z</time></trkpt><trkpt lat="51.07079667" lon="-115.35078167"><ele>1307.0</ele><time>2022-10-10T20:05:18.465Z</time></trkpt><trkpt lat="51.07080333" lon="-115.35076833"><ele>1308.0</ele><time>2022-10-10T20:05:19.465Z</time></trkpt><trkpt lat="51.07081" lon="-115.35075167"><ele>1308.0</ele><time>2022-10-10T20:05:20.464Z</time></trkpt><trkpt lat="51.07082167" lon="-115.350735"><ele>1308.0</ele><time>2022-10-10T20:05:21.464Z</time></trkpt><trkpt lat="51.07083333" lon="-115.350725"><ele>1308.0</ele><time>2022-10-10T20:05:22.465Z</time></trkpt><trkpt lat="51.070845" lon="-115.350705"><ele>1308.0</ele><time>2022-10-10T20:05:23.465Z</time></trkpt><trkpt lat="51.07085667" lon="-115.35069833"><ele>1308.0</ele><time>2022-10-10T20:05:24.465Z</time></trkpt><trkpt lat="51.07086333" lon="-115.350685"><ele>1308.0</ele><time>2022-10-10T20:05:25.465Z</time></trkpt><trkpt lat="51.07087167" lon="-115.35067333"><ele>1308.0</ele><time>2022-10-10T20:05:26.465Z</time></trkpt><trkpt lat="51.07088333" lon="-115.350655"><ele>1308.0</ele><time>2022-10-10T20:05:27.465Z</time></trkpt><trkpt lat="51.07088833" lon="-115.35063833"><ele>1309.0</ele><time>2022-10-10T20:05:28.465Z</time></trkpt><trkpt lat="51.07089333" lon="-115.35062"><ele>1309.0</ele><time>2022-10-10T20:05:29.464Z</time></trkpt><trkpt lat="51.07089333" lon="-115.35060333"><ele>1309.0</ele><time>2022-10-10T20:05:30.465Z</time></trkpt><trkpt lat="51.07089167" lon="-115.35059"><ele>1310.0</ele><time>2022-10-10T20:05:31.465Z</time></trkpt><trkpt lat="51.07089" lon="-115.35057667"><ele>1310.0</ele><time>2022-10-10T20:05:32.465Z</time></trkpt><trkpt lat="51.07089333" lon="-115.35055833"><ele>1310.0</ele><time>2022-10-10T20:05:33.464Z</time></trkpt><trkpt lat="51.0709" lon="-115.35053833"><ele>1310.0</ele><time>2022-10-10T20:05:34.465Z</time></trkpt><trkpt lat="51.07090333" lon="-115.35051833"><ele>1310.0</ele><time>2022-10-10T20:05:35.464Z</time></trkpt><trkpt lat="51.07090667" lon="-115.35049667"><ele>1309.0</ele><time>2022-10-10T20:05:36.464Z</time></trkpt><trkpt lat="51.07091" lon="-115.35047667"><ele>1309.0</ele><time>2022-10-10T20:05:37.465Z</time></trkpt><trkpt lat="51.070915" lon="-115.35046"><ele>1309.0</ele><time>2022-10-10T20:05:38.465Z</time></trkpt><trkpt lat="51.07092" lon="-115.35043833"><ele>1308.0</ele><time>2022-10-10T20:05:39.465Z</time></trkpt><trkpt lat="51.07092167" lon="-115.35041833"><ele>1308.0</ele><time>2022-10-10T20:05:40.465Z</time></trkpt><trkpt lat="51.070925" lon="-115.3504"><ele>1308.0</ele><time>2022-10-10T20:05:41.464Z</time></trkpt><trkpt lat="51.07092833" lon="-115.35038167"><ele>1308.0</ele><time>2022-10-10T20:05:42.464Z</time></trkpt><trkpt lat="51.07092833" lon="-115.35035833"><ele>1308.0</ele><time>2022-10-10T20:05:43.465Z</time></trkpt><trkpt lat="51.07093167" lon="-115.35033667"><ele>1308.0</ele><time>2022-10-10T20:05:44.465Z</time></trkpt><trkpt lat="51.07093333" lon="-115.35031667"><ele>1308.0</ele><time>2022-10-10T20:05:45.465Z</time></trkpt><trkpt lat="51.07093333" lon="-115.350295"><ele>1308.0</ele><time>2022-10-10T20:05:46.465Z</time></trkpt><trkpt lat="51.07093167" lon="-115.350275"><ele>1308.0</ele><time>2022-10-10T20:05:47.465Z</time></trkpt><trkpt lat="51.07093333" lon="-115.35026"><ele>1308.0</ele><time>2022-10-10T20:05:48.464Z</time></trkpt><trkpt lat="51.07093167" lon="-115.35023667"><ele>1308.0</ele><time>2022-10-10T20:05:49.464Z</time></trkpt><trkpt lat="51.07093" lon="-115.35021833"><ele>1308.0</ele><time>2022-10-10T20:05:50.465Z</time></trkpt><trkpt lat="51.07092667" lon="-115.35020167"><ele>1308.0</ele><time>2022-10-10T20:05:51.465Z</time></trkpt><trkpt lat="51.07092333" lon="-115.35018333"><ele>1308.0</ele><time>2022-10-10T20:05:52.464Z</time></trkpt><trkpt lat="51.07092167" lon="-115.35016333"><ele>1308.0</ele><time>2022-10-10T20:05:53.465Z</time></trkpt><trkpt lat="51.07091833" lon="-115.350145"><ele>1308.0</ele><time>2022-10-10T20:05:54.465Z</time></trkpt><trkpt lat="51.070915" lon="-115.35013"><ele>1308.0</ele><time>2022-10-10T20:05:55.464Z</time></trkpt><trkpt lat="51.07091333" lon="-115.350115"><ele>1308.0</ele><time>2022-10-10T20:05:56.465Z</time></trkpt><trkpt lat="51.07091" lon="-115.35009833"><ele>1308.0</ele><time>2022-10-10T20:05:57.465Z</time></trkpt><trkpt lat="51.07091" lon="-115.35008167"><ele>1308.0</ele><time>2022-10-10T20:05:58.465Z</time></trkpt><trkpt lat="51.070905" lon="-115.350065"><ele>1308.0</ele><time>2022-10-10T20:05:59.465Z</time></trkpt><trkpt lat="51.07089833" lon="-115.35005"><ele>1309.0</ele><time>2022-10-10T20:06:00.465Z</time></trkpt><trkpt lat="51.070895" lon="-115.35003333"><ele>1309.0</ele><time>2022-10-10T20:06:01.464Z</time></trkpt><trkpt lat="51.07089167" lon="-115.350015"><ele>1309.0</ele><time>2022-10-10T20:06:02.465Z</time></trkpt><trkpt lat="51.07088833" lon="-115.34999833"><ele>1310.0</ele><time>2022-10-10T20:06:03.465Z</time></trkpt><trkpt lat="51.070885" lon="-115.34998"><ele>1310.0</ele><time>2022-10-10T20:06:04.464Z</time></trkpt><trkpt lat="51.070885" lon="-115.34996167"><ele>1310.0</ele><time>2022-10-10T20:06:05.464Z</time></trkpt><trkpt lat="51.070885" lon="-115.34994"><ele>1310.0</ele><time>2022-10-10T20:06:06.464Z</time></trkpt><trkpt lat="51.07088333" lon="-115.34992667"><ele>1310.0</ele><time>2022-10-10T20:06:07.465Z</time></trkpt><trkpt lat="51.07088" lon="-115.34991167"><ele>1310.0</ele><time>2022-10-10T20:06:08.465Z</time></trkpt><trkpt lat="51.07087667" lon="-115.349895"><ele>1310.0</ele><time>2022-10-10T20:06:09.465Z</time></trkpt><trkpt lat="51.07087167" lon="-115.34987667"><ele>1311.0</ele><time>2022-10-10T20:06:10.465Z</time></trkpt><trkpt lat="51.07086667" lon="-115.34985667"><ele>1311.0</ele><time>2022-10-10T20:06:11.464Z</time></trkpt><trkpt lat="51.07086" lon="-115.34983667"><ele>1310.0</ele><time>2022-10-10T20:06:12.464Z</time></trkpt><trkpt lat="51.070855" lon="-115.34982333"><ele>1310.0</ele><time>2022-10-10T20:06:13.465Z</time></trkpt><trkpt lat="51.07084833" lon="-115.34980833"><ele>1310.0</ele><time>2022-10-10T20:06:14.465Z</time></trkpt><trkpt lat="51.07084333" lon="-115.34979667"><ele>1310.0</ele><time>2022-10-10T20:06:15.465Z</time></trkpt><trkpt lat="51.070835" lon="-115.34978"><ele>1310.0</ele><time>2022-10-10T20:06:16.465Z</time></trkpt><trkpt lat="51.07083" lon="-115.34976167"><ele>1310.0</ele><time>2022-10-10T20:06:17.465Z</time></trkpt><trkpt lat="51.07082833" lon="-115.349745"><ele>1310.0</ele><time>2022-10-10T20:06:18.464Z</time></trkpt><trkpt lat="51.07082833" lon="-115.34973"><ele>1309.0</ele><time>2022-10-10T20:06:19.464Z</time></trkpt><trkpt lat="51.07083" lon="-115.34971"><ele>1309.0</ele><time>2022-10-10T20:06:20.465Z</time></trkpt><trkpt lat="51.07082833" lon="-115.34969667"><ele>1309.0</ele><time>2022-10-10T20:06:21.465Z</time></trkpt><trkpt lat="51.07083167" lon="-115.34967833"><ele>1309.0</ele><time>2022-10-10T20:06:22.465Z</time></trkpt><trkpt lat="51.07083833" lon="-115.34966333"><ele>1309.0</ele><time>2022-10-10T20:06:23.465Z</time></trkpt><trkpt lat="51.07084667" lon="-115.34964667"><ele>1309.0</ele><time>2022-10-10T20:06:24.465Z</time></trkpt><trkpt lat="51.070855" lon="-115.34963167"><ele>1309.0</ele><time>2022-10-10T20:06:25.464Z</time></trkpt><trkpt lat="51.07085833" lon="-115.34961833"><ele>1308.0</ele><time>2022-10-10T20:06:26.465Z</time></trkpt><trkpt lat="51.07086167" lon="-115.34960833"><ele>1308.0</ele><time>2022-10-10T20:06:27.465Z</time></trkpt><trkpt lat="51.07086833" lon="-115.34960333"><ele>1308.0</ele><time>2022-10-10T20:06:28.465Z</time></trkpt><trkpt lat="51.07087667" lon="-115.3496"><ele>1307.0</ele><time>2022-10-10T20:06:29.464Z</time></trkpt><trkpt lat="51.07088833" lon="-115.349595"><ele>1307.0</ele><time>2022-10-10T20:06:30.464Z</time></trkpt><trkpt lat="51.0709" lon="-115.34959667"><ele>1307.0</ele><time>2022-10-10T20:06:31.465Z</time></trkpt><trkpt lat="51.07091" lon="-115.34959833"><ele>1307.0</ele><time>2022-10-10T20:06:32.464Z</time></trkpt><trkpt lat="51.07092" lon="-115.3496"><ele>1307.0</ele><time>2022-10-10T20:06:33.464Z</time></trkpt><trkpt lat="51.07093167" lon="-115.349605"><ele>1307.0</ele><time>2022-10-10T20:06:34.465Z</time></trkpt><trkpt lat="51.07094167" lon="-115.34961"><ele>1307.0</ele><time>2022-10-10T20:06:35.465Z</time></trkpt><trkpt lat="51.07095" lon="-115.34962"><ele>1307.0</ele><time>2022-10-10T20:06:36.465Z</time></trkpt><trkpt lat="51.07096167" lon="-115.349625"><ele>1307.0</ele><time>2022-10-10T20:06:37.465Z</time></trkpt><trkpt lat="51.07097333" lon="-115.349625"><ele>1307.0</ele><time>2022-10-10T20:06:38.464Z</time></trkpt><trkpt lat="51.07098167" lon="-115.34963333"><ele>1307.0</ele><time>2022-10-10T20:06:39.464Z</time></trkpt><trkpt lat="51.070995" lon="-115.349635"><ele>1306.0</ele><time>2022-10-10T20:06:40.465Z</time></trkpt><trkpt lat="51.07100667" lon="-115.34963833"><ele>1306.0</ele><time>2022-10-10T20:06:41.464Z</time></trkpt><trkpt lat="51.07101667" lon="-115.34964"><ele>1307.0</ele><time>2022-10-10T20:06:42.465Z</time></trkpt><trkpt lat="51.071025" lon="-115.34964667"><ele>1307.0</ele><time>2022-10-10T20:06:43.465Z</time></trkpt><trkpt lat="51.07103833" lon="-115.34966167"><ele>1307.0</ele><time>2022-10-10T20:06:44.465Z</time></trkpt><trkpt lat="51.07104833" lon="-115.34967"><ele>1307.0</ele><time>2022-10-10T20:06:45.465Z</time></trkpt><trkpt lat="51.07106" lon="-115.34967833"><ele>1307.0</ele><time>2022-10-10T20:06:46.465Z</time></trkpt><trkpt lat="51.07107" lon="-115.349685"><ele>1307.0</ele><time>2022-10-10T20:06:47.465Z</time></trkpt><trkpt lat="51.07108" lon="-115.34969333"><ele>1307.0</ele><time>2022-10-10T20:06:48.464Z</time></trkpt><trkpt lat="51.07108833" lon="-115.3497"><ele>1307.0</ele><time>2022-10-10T20:06:49.464Z</time></trkpt><trkpt lat="51.0711" lon="-115.349705"><ele>1307.0</ele><time>2022-10-10T20:06:50.465Z</time></trkpt><trkpt lat="51.07111167" lon="-115.34971"><ele>1307.0</ele><time>2022-10-10T20:06:51.464Z</time></trkpt><trkpt lat="51.07112333" lon="-115.349715"><ele>1307.0</ele><time>2022-10-10T20:06:52.465Z</time></trkpt><trkpt lat="51.071135" lon="-115.34972"><ele>1307.0</ele><time>2022-10-10T20:06:53.465Z</time></trkpt><trkpt lat="51.07114333" lon="-115.34972833"><ele>1306.0</ele><time>2022-10-10T20:06:54.465Z</time></trkpt><trkpt lat="51.07115333" lon="-115.34973333"><ele>1306.0</ele><time>2022-10-10T20:06:55.464Z</time></trkpt><trkpt lat="51.071165" lon="-115.34973833"><ele>1306.0</ele><time>2022-10-10T20:06:56.465Z</time></trkpt><trkpt lat="51.07117667" lon="-115.34974333"><ele>1307.0</ele><time>2022-10-10T20:06:57.465Z</time></trkpt><trkpt lat="51.07118833" lon="-115.34975"><ele>1307.0</ele><time>2022-10-10T20:06:58.465Z</time></trkpt><trkpt lat="51.07119833" lon="-115.34975833"><ele>1307.0</ele><time>2022-10-10T20:06:59.465Z</time></trkpt><trkpt lat="51.07121" lon="-115.34976833"><ele>1307.0</ele><time>2022-10-10T20:07:00.464Z</time></trkpt><trkpt lat="51.07122333" lon="-115.34977667"><ele>1307.0</ele><time>2022-10-10T20:07:01.465Z</time></trkpt><trkpt lat="51.07123667" lon="-115.34978333"><ele>1307.0</ele><time>2022-10-10T20:07:02.465Z</time></trkpt><trkpt lat="51.07124833" lon="-115.34979"><ele>1307.0</ele><time>2022-10-10T20:07:03.465Z</time></trkpt><trkpt lat="51.07126333" lon="-115.349795"><ele>1307.0</ele><time>2022-10-10T20:07:04.465Z</time></trkpt><trkpt lat="51.07128" lon="-115.3498"><ele>1308.0</ele><time>2022-10-10T20:07:05.465Z</time></trkpt><trkpt lat="51.07129333" lon="-115.34980333"><ele>1308.0</ele><time>2022-10-10T20:07:06.464Z</time></trkpt><trkpt lat="51.07131" lon="-115.349805"><ele>1309.0</ele><time>2022-10-10T20:07:07.464Z</time></trkpt><trkpt lat="51.071325" lon="-115.34980833"><ele>1309.0</ele><time>2022-10-10T20:07:08.465Z</time></trkpt><trkpt lat="51.07133333" lon="-115.34981833"><ele>1310.0</ele><time>2022-10-10T20:07:09.465Z</time></trkpt><trkpt lat="51.07134667" lon="-115.34982"><ele>1310.0</ele><time>2022-10-10T20:07:10.464Z</time></trkpt><trkpt lat="51.07136333" lon="-115.34982"><ele>1310.0</ele><time>2022-10-10T20:07:11.465Z</time></trkpt><trkpt lat="51.07137167" lon="-115.34983"><ele>1311.0</ele><time>2022-10-10T20:07:12.465Z</time></trkpt><trkpt lat="51.07138333" lon="-115.34982667"><ele>1311.0</ele><time>2022-10-10T20:07:13.464Z</time></trkpt><trkpt lat="51.07139167" lon="-115.34984167"><ele>1312.0</ele><time>2022-10-10T20:07:14.465Z</time></trkpt><trkpt lat="51.07140333" lon="-115.34985167"><ele>1312.0</ele><time>2022-10-10T20:07:15.465Z</time></trkpt><trkpt lat="51.07141667" lon="-115.34985333"><ele>1312.0</ele><time>2022-10-10T20:07:16.464Z</time></trkpt><trkpt lat="51.07143" lon="-115.34986167"><ele>1312.0</ele><time>2022-10-10T20:07:17.465Z</time></trkpt><trkpt lat="51.07144333" lon="-115.34987333"><ele>1312.0</ele><time>2022-10-10T20:07:18.465Z</time></trkpt><trkpt lat="51.071455" lon="-115.34988667"><ele>1312.0</ele><time>2022-10-10T20:07:19.464Z</time></trkpt><trkpt lat="51.07146667" lon="-115.34989833"><ele>1312.0</ele><time>2022-10-10T20:07:20.464Z</time></trkpt><trkpt lat="51.07147667" lon="-115.34991"><ele>1312.0</ele><time>2022-10-10T20:07:21.465Z</time></trkpt><trkpt lat="51.07148667" lon="-115.349925"><ele>1312.0</ele><time>2022-10-10T20:07:22.465Z</time></trkpt><trkpt lat="51.07149167" lon="-115.34993667"><ele>1311.0</ele><time>2022-10-10T20:07:23.465Z</time></trkpt><trkpt lat="51.0715" lon="-115.34995167"><ele>1311.0</ele><time>2022-10-10T20:07:24.464Z</time></trkpt><trkpt lat="51.07150333" lon="-115.34997"><ele>1310.0</ele><time>2022-10-10T20:07:25.465Z</time></trkpt><trkpt lat="51.07151667" lon="-115.34997667"><ele>1309.0</ele><time>2022-10-10T20:07:26.465Z</time></trkpt><trkpt lat="51.071525" lon="-115.349985"><ele>1309.0</ele><time>2022-10-10T20:07:27.465Z</time></trkpt><trkpt lat="51.07153667" lon="-115.34999333"><ele>1309.0</ele><time>2022-10-10T20:07:28.465Z</time></trkpt><trkpt lat="51.07154833" lon="-115.35"><ele>1308.0</ele><time>2022-10-10T20:07:29.465Z</time></trkpt><trkpt lat="51.07156167" lon="-115.35000833"><ele>1308.0</ele><time>2022-10-10T20:07:30.465Z</time></trkpt><trkpt lat="51.071585" lon="-115.35000667"><ele>1308.0</ele><time>2022-10-10T20:07:31.465Z</time></trkpt><trkpt lat="51.07159167" lon="-115.35002333"><ele>1308.0</ele><time>2022-10-10T20:07:32.465Z</time></trkpt><trkpt lat="51.0716" lon="-115.35004"><ele>1308.0</ele><time>2022-10-10T20:07:33.465Z</time></trkpt><trkpt lat="51.07161" lon="-115.35005333"><ele>1308.0</ele><time>2022-10-10T20:07:34.465Z</time></trkpt><trkpt lat="51.07162" lon="-115.35005833"><ele>1309.0</ele><time>2022-10-10T20:07:35.464Z</time></trkpt><trkpt lat="51.071625" lon="-115.35006833"><ele>1309.0</ele><time>2022-10-10T20:07:36.464Z</time></trkpt><trkpt lat="51.07163333" lon="-115.35008"><ele>1309.0</ele><time>2022-10-10T20:07:37.465Z</time></trkpt><trkpt lat="51.07164667" lon="-115.35008667"><ele>1309.0</ele><time>2022-10-10T20:07:38.465Z</time></trkpt><trkpt lat="51.07165333" lon="-115.35010333"><ele>1309.0</ele><time>2022-10-10T20:07:39.465Z</time></trkpt><trkpt lat="51.07166" lon="-115.35011333"><ele>1309.0</ele><time>2022-10-10T20:07:40.465Z</time></trkpt><trkpt lat="51.07167167" lon="-115.35012333"><ele>1309.0</ele><time>2022-10-10T20:07:41.465Z</time></trkpt><trkpt lat="51.07168333" lon="-115.35013167"><ele>1309.0</ele><time>2022-10-10T20:07:42.464Z</time></trkpt><trkpt lat="51.07169333" lon="-115.35014167"><ele>1310.0</ele><time>2022-10-10T20:07:43.465Z</time></trkpt><trkpt lat="51.07170333" lon="-115.35015167"><ele>1310.0</ele><time>2022-10-10T20:07:44.465Z</time></trkpt><trkpt lat="51.071715" lon="-115.35016167"><ele>1311.0</ele><time>2022-10-10T20:07:45.465Z</time></trkpt><trkpt lat="51.07172167" lon="-115.350175"><ele>1311.0</ele><time>2022-10-10T20:07:46.465Z</time></trkpt><trkpt lat="51.07172833" lon="-115.35018833"><ele>1311.0</ele><time>2022-10-10T20:07:47.464Z</time></trkpt><trkpt lat="51.071735" lon="-115.35019833"><ele>1311.0</ele><time>2022-10-10T20:07:48.464Z</time></trkpt><trkpt lat="51.071745" lon="-115.35021333"><ele>1310.0</ele><time>2022-10-10T20:07:49.465Z</time></trkpt><trkpt lat="51.07174833" lon="-115.35022667"><ele>1310.0</ele><time>2022-10-10T20:07:50.465Z</time></trkpt><trkpt lat="51.07175333" lon="-115.35023833"><ele>1310.0</ele><time>2022-10-10T20:07:51.465Z</time></trkpt><trkpt lat="51.07176" lon="-115.35024833"><ele>1309.0</ele><time>2022-10-10T20:07:52.464Z</time></trkpt><trkpt lat="51.07176667" lon="-115.35026"><ele>1309.0</ele><time>2022-10-10T20:07:53.464Z</time></trkpt><trkpt lat="51.07177667" lon="-115.35027167"><ele>1309.0</ele><time>2022-10-10T20:07:54.465Z</time></trkpt><trkpt lat="51.071785" lon="-115.35028667"><ele>1309.0</ele><time>2022-10-10T20:07:55.465Z</time></trkpt><trkpt lat="51.071795" lon="-115.3503"><ele>1309.0</ele><time>2022-10-10T20:07:56.464Z</time></trkpt><trkpt lat="51.07180333" lon="-115.350315"><ele>1309.0</ele><time>2022-10-10T20:07:57.465Z</time></trkpt><trkpt lat="51.07181333" lon="-115.35032833"><ele>1309.0</ele><time>2022-10-10T20:07:58.465Z</time></trkpt><trkpt lat="51.071825" lon="-115.35034333"><ele>1309.0</ele><time>2022-10-10T20:07:59.464Z</time></trkpt><trkpt lat="51.071835" lon="-115.35035667"><ele>1309.0</ele><time>2022-10-10T20:08:00.464Z</time></trkpt><trkpt lat="51.071845" lon="-115.35037"><ele>1308.0</ele><time>2022-10-10T20:08:01.465Z</time></trkpt><trkpt lat="51.07185333" lon="-115.350385"><ele>1308.0</ele><time>2022-10-10T20:08:02.465Z</time></trkpt><trkpt lat="51.07186167" lon="-115.35040333"><ele>1308.0</ele><time>2022-10-10T20:08:03.464Z</time></trkpt><trkpt lat="51.07186833" lon="-115.35041667"><ele>1309.0</ele><time>2022-10-10T20:08:04.465Z</time></trkpt><trkpt lat="51.07187833" lon="-115.35042667"><ele>1309.0</ele><time>2022-10-10T20:08:05.465Z</time></trkpt><trkpt lat="51.07188833" lon="-115.35044"><ele>1309.0</ele><time>2022-10-10T20:08:06.464Z</time></trkpt><trkpt lat="51.07189667" lon="-115.35045333"><ele>1310.0</ele><time>2022-10-10T20:08:07.465Z</time></trkpt><trkpt lat="51.071905" lon="-115.35046667"><ele>1311.0</ele><time>2022-10-10T20:08:08.465Z</time></trkpt><trkpt lat="51.071915" lon="-115.35047667"><ele>1311.0</ele><time>2022-10-10T20:08:09.464Z</time></trkpt><trkpt lat="51.071925" lon="-115.35048833"><ele>1311.0</ele><time>2022-10-10T20:08:10.465Z</time></trkpt><trkpt lat="51.071935" lon="-115.35049833"><ele>1311.0</ele><time>2022-10-10T20:08:11.465Z</time></trkpt><trkpt lat="51.07194667" lon="-115.35051333"><ele>1311.0</ele><time>2022-10-10T20:08:12.465Z</time></trkpt><trkpt lat="51.071955" lon="-115.35052667"><ele>1311.0</ele><time>2022-10-10T20:08:13.464Z</time></trkpt><trkpt lat="51.071965" lon="-115.35054167"><ele>1311.0</ele><time>2022-10-10T20:08:14.465Z</time></trkpt><trkpt lat="51.07197333" lon="-115.350555"><ele>1312.0</ele><time>2022-10-10T20:08:15.465Z</time></trkpt><trkpt lat="51.07198333" lon="-115.35056833"><ele>1313.0</ele><time>2022-10-10T20:08:16.465Z</time></trkpt><trkpt lat="51.07199333" lon="-115.35058"><ele>1313.0</ele><time>2022-10-10T20:08:17.465Z</time></trkpt><trkpt lat="51.07200167" lon="-115.350595"><ele>1313.0</ele><time>2022-10-10T20:08:18.465Z</time></trkpt><trkpt lat="51.07201333" lon="-115.35060833"><ele>1313.0</ele><time>2022-10-10T20:08:19.464Z</time></trkpt><trkpt lat="51.07202833" lon="-115.35061833"><ele>1313.0</ele><time>2022-10-10T20:08:20.465Z</time></trkpt><trkpt lat="51.07203833" lon="-115.35063167"><ele>1313.0</ele><time>2022-10-10T20:08:21.465Z</time></trkpt><trkpt lat="51.07204667" lon="-115.35064667"><ele>1312.0</ele><time>2022-10-10T20:08:22.465Z</time></trkpt><trkpt lat="51.07205167" lon="-115.35066167"><ele>1312.0</ele><time>2022-10-10T20:08:23.465Z</time></trkpt><trkpt lat="51.07205667" lon="-115.35067833"><ele>1312.0</ele><time>2022-10-10T20:08:24.464Z</time></trkpt><trkpt lat="51.07206667" lon="-115.35069333"><ele>1311.0</ele><time>2022-10-10T20:08:25.464Z</time></trkpt><trkpt lat="51.07207333" lon="-115.35070667"><ele>1311.0</ele><time>2022-10-10T20:08:26.465Z</time></trkpt><trkpt lat="51.07208333" lon="-115.35071833"><ele>1311.0</ele><time>2022-10-10T20:08:27.464Z</time></trkpt><trkpt lat="51.07209" lon="-115.35073333"><ele>1311.0</ele><time>2022-10-10T20:08:28.465Z</time></trkpt><trkpt lat="51.0721" lon="-115.35074167"><ele>1312.0</ele><time>2022-10-10T20:08:29.465Z</time></trkpt><trkpt lat="51.072105" lon="-115.350755"><ele>1312.0</ele><time>2022-10-10T20:08:30.464Z</time></trkpt><trkpt lat="51.07211167" lon="-115.35077167"><ele>1312.0</ele><time>2022-10-10T20:08:31.464Z</time></trkpt><trkpt lat="51.07211833" lon="-115.35078833"><ele>1312.0</ele><time>2022-10-10T20:08:32.465Z</time></trkpt><trkpt lat="51.07212667" lon="-115.35080167"><ele>1312.0</ele><time>2022-10-10T20:08:33.465Z</time></trkpt><trkpt lat="51.072135" lon="-115.35081667"><ele>1312.0</ele><time>2022-10-10T20:08:34.465Z</time></trkpt><trkpt lat="51.07214667" lon="-115.35082667"><ele>1312.0</ele><time>2022-10-10T20:08:35.465Z</time></trkpt><trkpt lat="51.07215833" lon="-115.350835"><ele>1313.0</ele><time>2022-10-10T20:08:36.465Z</time></trkpt><trkpt lat="51.07217333" lon="-115.35083667"><ele>1313.0</ele><time>2022-10-10T20:08:37.465Z</time></trkpt><trkpt lat="51.07218167" lon="-115.35084667"><ele>1313.0</ele><time>2022-10-10T20:08:38.464Z</time></trkpt><trkpt lat="51.07219167" lon="-115.35086"><ele>1313.0</ele><time>2022-10-10T20:08:39.465Z</time></trkpt><trkpt lat="51.0722" lon="-115.35087333"><ele>1313.0</ele><time>2022-10-10T20:08:40.465Z</time></trkpt><trkpt lat="51.072205" lon="-115.35089667"><ele>1313.0</ele><time>2022-10-10T20:08:41.464Z</time></trkpt><trkpt lat="51.07221667" lon="-115.35091"><ele>1313.0</ele><time>2022-10-10T20:08:42.465Z</time></trkpt><trkpt lat="51.07223" lon="-115.35091667"><ele>1313.0</ele><time>2022-10-10T20:08:43.464Z</time></trkpt><trkpt lat="51.072245" lon="-115.35092667"><ele>1313.0</ele><time>2022-10-10T20:08:44.464Z</time></trkpt><trkpt lat="51.07226" lon="-115.350935"><ele>1314.0</ele><time>2022-10-10T20:08:45.465Z</time></trkpt><trkpt lat="51.07227" lon="-115.350945"><ele>1314.0</ele><time>2022-10-10T20:08:46.465Z</time></trkpt><trkpt lat="51.07227833" lon="-115.350955"><ele>1314.0</ele><time>2022-10-10T20:08:47.465Z</time></trkpt><trkpt lat="51.07228833" lon="-115.35096833"><ele>1314.0</ele><time>2022-10-10T20:08:48.464Z</time></trkpt><trkpt lat="51.07229833" lon="-115.35098"><ele>1314.0</ele><time>2022-10-10T20:08:49.465Z</time></trkpt><trkpt lat="51.07231" lon="-115.35099167"><ele>1314.0</ele><time>2022-10-10T20:08:50.464Z</time></trkpt><trkpt lat="51.07232" lon="-115.351"><ele>1314.0</ele><time>2022-10-10T20:08:51.465Z</time></trkpt><trkpt lat="51.07233167" lon="-115.35100833"><ele>1315.0</ele><time>2022-10-10T20:08:52.465Z</time></trkpt><trkpt lat="51.07234" lon="-115.35101833"><ele>1315.0</ele><time>2022-10-10T20:08:53.465Z</time></trkpt><trkpt lat="51.072345" lon="-115.35103"><ele>1315.0</ele><time>2022-10-10T20:08:54.465Z</time></trkpt><trkpt lat="51.07235667" lon="-115.35104"><ele>1315.0</ele><time>2022-10-10T20:08:55.464Z</time></trkpt><trkpt lat="51.07236667" lon="-115.35105167"><ele>1315.0</ele><time>2022-10-10T20:08:56.465Z</time></trkpt><trkpt lat="51.07237667" lon="-115.35106167"><ele>1314.0</ele><time>2022-10-10T20:08:57.465Z</time></trkpt><trkpt lat="51.072385" lon="-115.351075"><ele>1314.0</ele><time>2022-10-10T20:08:58.465Z</time></trkpt><trkpt lat="51.07239333" lon="-115.35109167"><ele>1314.0</ele><time>2022-10-10T20:08:59.465Z</time></trkpt><trkpt lat="51.07240333" lon="-115.351105"><ele>1314.0</ele><time>2022-10-10T20:09:00.464Z</time></trkpt><trkpt lat="51.07241333" lon="-115.35111833"><ele>1314.0</ele><time>2022-10-10T20:09:01.464Z</time></trkpt><trkpt lat="51.07242333" lon="-115.35113"><ele>1314.0</ele><time>2022-10-10T20:09:02.465Z</time></trkpt><trkpt lat="51.07243167" lon="-115.35114"><ele>1314.0</ele><time>2022-10-10T20:09:03.465Z</time></trkpt><trkpt lat="51.07244167" lon="-115.35115"><ele>1314.0</ele><time>2022-10-10T20:09:04.465Z</time></trkpt><trkpt lat="51.07245333" lon="-115.35116"><ele>1314.0</ele><time>2022-10-10T20:09:05.465Z</time></trkpt><trkpt lat="51.072465" lon="-115.35117167"><ele>1314.0</ele><time>2022-10-10T20:09:06.464Z</time></trkpt><trkpt lat="51.07247333" lon="-115.351185"><ele>1314.0</ele><time>2022-10-10T20:09:07.464Z</time></trkpt><trkpt lat="51.07248167" lon="-115.351195"><ele>1314.0</ele><time>2022-10-10T20:09:08.465Z</time></trkpt><trkpt lat="51.07249167" lon="-115.351205"><ele>1315.0</ele><time>2022-10-10T20:09:09.465Z</time></trkpt><trkpt lat="51.07250333" lon="-115.35121833"><ele>1315.0</ele><time>2022-10-10T20:09:10.465Z</time></trkpt><trkpt lat="51.07251333" lon="-115.35122667"><ele>1314.0</ele><time>2022-10-10T20:09:11.465Z</time></trkpt><trkpt lat="51.07252333" lon="-115.35123167"><ele>1314.0</ele><time>2022-10-10T20:09:12.464Z</time></trkpt><trkpt lat="51.072535" lon="-115.35124"><ele>1314.0</ele><time>2022-10-10T20:09:13.465Z</time></trkpt><trkpt lat="51.07254667" lon="-115.351245"><ele>1313.0</ele><time>2022-10-10T20:09:14.465Z</time></trkpt><trkpt lat="51.07255833" lon="-115.35125333"><ele>1313.0</ele><time>2022-10-10T20:09:15.465Z</time></trkpt><trkpt lat="51.07257167" lon="-115.35126"><ele>1313.0</ele><time>2022-10-10T20:09:16.465Z</time></trkpt><trkpt lat="51.072585" lon="-115.35126667"><ele>1312.0</ele><time>2022-10-10T20:09:17.464Z</time></trkpt><trkpt lat="51.07259667" lon="-115.35127333"><ele>1312.0</ele><time>2022-10-10T20:09:18.464Z</time></trkpt><trkpt lat="51.07260667" lon="-115.35128167"><ele>1311.0</ele><time>2022-10-10T20:09:19.465Z</time></trkpt><trkpt lat="51.072615" lon="-115.35128833"><ele>1311.0</ele><time>2022-10-10T20:09:20.464Z</time></trkpt><trkpt lat="51.072625" lon="-115.35129667"><ele>1310.0</ele><time>2022-10-10T20:09:21.464Z</time></trkpt><trkpt lat="51.07263833" lon="-115.35130667"><ele>1309.0</ele><time>2022-10-10T20:09:22.464Z</time></trkpt><trkpt lat="51.07265167" lon="-115.35131833"><ele>1309.0</ele><time>2022-10-10T20:09:23.465Z</time></trkpt><trkpt lat="51.07266167" lon="-115.35132667"><ele>1309.0</ele><time>2022-10-10T20:09:24.465Z</time></trkpt><trkpt lat="51.07267167" lon="-115.35133667"><ele>1309.0</ele><time>2022-10-10T20:09:25.465Z</time></trkpt><trkpt lat="51.07268667" lon="-115.35134333"><ele>1309.0</ele><time>2022-10-10T20:09:26.465Z</time></trkpt><trkpt lat="51.07269833" lon="-115.35135"><ele>1309.0</ele><time>2022-10-10T20:09:27.464Z</time></trkpt><trkpt lat="51.072705" lon="-115.35136167"><ele>1309.0</ele><time>2022-10-10T20:09:28.465Z</time></trkpt><trkpt lat="51.07271333" lon="-115.35138167"><ele>1309.0</ele><time>2022-10-10T20:09:29.465Z</time></trkpt><trkpt lat="51.07272" lon="-115.35139667"><ele>1309.0</ele><time>2022-10-10T20:09:30.465Z</time></trkpt><trkpt lat="51.07272833" lon="-115.35141333"><ele>1308.0</ele><time>2022-10-10T20:09:31.465Z</time></trkpt><trkpt lat="51.07274167" lon="-115.35142667"><ele>1308.0</ele><time>2022-10-10T20:09:32.464Z</time></trkpt><trkpt lat="51.07274667" lon="-115.351445"><ele>1308.0</ele><time>2022-10-10T20:09:33.464Z</time></trkpt><trkpt lat="51.07275667" lon="-115.35146333"><ele>1308.0</ele><time>2022-10-10T20:09:34.465Z</time></trkpt><trkpt lat="51.072765" lon="-115.35148"><ele>1308.0</ele><time>2022-10-10T20:09:35.465Z</time></trkpt><trkpt lat="51.07277667" lon="-115.35149"><ele>1309.0</ele><time>2022-10-10T20:09:36.464Z</time></trkpt><trkpt lat="51.07278667" lon="-115.35150333"><ele>1309.0</ele><time>2022-10-10T20:09:37.465Z</time></trkpt><trkpt lat="51.07279667" lon="-115.351515"><ele>1310.0</ele><time>2022-10-10T20:09:38.465Z</time></trkpt><trkpt lat="51.07280167" lon="-115.35152167"><ele>1310.0</ele><time>2022-10-10T20:09:39.464Z</time></trkpt><trkpt lat="51.07280333" lon="-115.35152667"><ele>1311.0</ele><time>2022-10-10T20:09:40.464Z</time></trkpt><trkpt lat="51.072805" lon="-115.35153"><ele>1312.0</ele><time>2022-10-10T20:09:41.465Z</time></trkpt><trkpt lat="51.07279833" lon="-115.35153667"><ele>1313.0</ele><time>2022-10-10T20:09:42.465Z</time></trkpt><trkpt lat="51.07279833" lon="-115.35154167"><ele>1313.0</ele><time>2022-10-10T20:09:43.465Z</time></trkpt><trkpt lat="51.07279833" lon="-115.35153667"><ele>1314.0</ele><time>2022-10-10T20:09:44.465Z</time></trkpt><trkpt lat="51.07279833" lon="-115.35153667"><ele>1314.0</ele><time>2022-10-10T20:09:45.464Z</time></trkpt><trkpt lat="51.07279167" lon="-115.35153833"><ele>1315.0</ele><time>2022-10-10T20:09:46.464Z</time></trkpt><trkpt lat="51.07279333" lon="-115.35154"><ele>1315.0</ele><time>2022-10-10T20:09:47.465Z</time></trkpt><trkpt lat="51.072795" lon="-115.351535"><ele>1316.0</ele><time>2022-10-10T20:09:48.465Z</time></trkpt><trkpt lat="51.07279667" lon="-115.35153333"><ele>1316.0</ele><time>2022-10-10T20:09:49.464Z</time></trkpt><trkpt lat="51.07280167" lon="-115.35153667"><ele>1316.0</ele><time>2022-10-10T20:09:50.464Z</time></trkpt><trkpt lat="51.072805" lon="-115.35153333"><ele>1316.0</ele><time>2022-10-10T20:09:51.465Z</time></trkpt><trkpt lat="51.07280333" lon="-115.35153167"><ele>1317.0</ele><time>2022-10-10T20:09:52.464Z</time></trkpt><trkpt lat="51.0728" lon="-115.35153333"><ele>1317.0</ele><time>2022-10-10T20:09:53.464Z</time></trkpt><trkpt lat="51.07279833" lon="-115.35154167"><ele>1317.0</ele><time>2022-10-10T20:09:54.465Z</time></trkpt><trkpt lat="51.07279667" lon="-115.35153833"><ele>1317.0</ele><time>2022-10-10T20:09:55.465Z</time></trkpt><trkpt lat="51.07279333" lon="-115.35153833"><ele>1317.0</ele><time>2022-10-10T20:09:56.465Z</time></trkpt><trkpt lat="51.07279" lon="-115.35154"><ele>1318.0</ele><time>2022-10-10T20:09:57.465Z</time></trkpt><trkpt lat="51.07278833" lon="-115.35155333"><ele>1318.0</ele><time>2022-10-10T20:09:58.465Z</time></trkpt><trkpt lat="51.07278833" lon="-115.35155667"><ele>1318.0</ele><time>2022-10-10T20:09:59.464Z</time></trkpt><trkpt lat="51.07278833" lon="-115.35156167"><ele>1318.0</ele><time>2022-10-10T20:10:00.465Z</time></trkpt><trkpt lat="51.07279167" lon="-115.35156333"><ele>1318.0</ele><time>2022-10-10T20:10:01.465Z</time></trkpt><trkpt lat="51.07279167" lon="-115.35156"><ele>1318.0</ele><time>2022-10-10T20:10:02.465Z</time></trkpt><trkpt lat="51.07279167" lon="-115.35155333"><ele>1318.0</ele><time>2022-10-10T20:10:03.465Z</time></trkpt><trkpt lat="51.072795" lon="-115.35155333"><ele>1318.0</ele><time>2022-10-10T20:10:04.464Z</time></trkpt><trkpt lat="51.072795" lon="-115.35155167"><ele>1318.0</ele><time>2022-10-10T20:10:05.465Z</time></trkpt><trkpt lat="51.07279833" lon="-115.35155"><ele>1318.0</ele><time>2022-10-10T20:10:06.465Z</time></trkpt><trkpt lat="51.07279833" lon="-115.35154333"><ele>1318.0</ele><time>2022-10-10T20:10:07.465Z</time></trkpt><trkpt lat="51.072805" lon="-115.35154"><ele>1317.0</ele><time>2022-10-10T20:10:08.465Z</time></trkpt><trkpt lat="51.07280667" lon="-115.351545"><ele>1317.0</ele><time>2022-10-10T20:10:09.465Z</time></trkpt><trkpt lat="51.07280833" lon="-115.35155333"><ele>1317.0</ele><time>2022-10-10T20:10:10.465Z</time></trkpt><trkpt lat="51.07280833" lon="-115.35156"><ele>1317.0</ele><time>2022-10-10T20:10:11.465Z</time></trkpt><trkpt lat="51.07281167" lon="-115.35157"><ele>1317.0</ele><time>2022-10-10T20:10:12.465Z</time></trkpt><trkpt lat="51.07281167" lon="-115.35158167"><ele>1317.0</ele><time>2022-10-10T20:10:13.465Z</time></trkpt><trkpt lat="51.072815" lon="-115.351585"><ele>1317.0</ele><time>2022-10-10T20:10:14.464Z</time></trkpt><trkpt lat="51.07282" lon="-115.35158"><ele>1316.0</ele><time>2022-10-10T20:10:15.464Z</time></trkpt><trkpt lat="51.07281833" lon="-115.35158"><ele>1316.0</ele><time>2022-10-10T20:10:16.464Z</time></trkpt><trkpt lat="51.07282" lon="-115.35158833"><ele>1316.0</ele><time>2022-10-10T20:10:17.465Z</time></trkpt><trkpt lat="51.07282333" lon="-115.35159333"><ele>1315.0</ele><time>2022-10-10T20:10:18.464Z</time></trkpt><trkpt lat="51.07282667" lon="-115.35159667"><ele>1315.0</ele><time>2022-10-10T20:10:19.465Z</time></trkpt><trkpt lat="51.07283" lon="-115.35160667"><ele>1315.0</ele><time>2022-10-10T20:10:20.465Z</time></trkpt><trkpt lat="51.07283833" lon="-115.35162167"><ele>1315.0</ele><time>2022-10-10T20:10:21.464Z</time></trkpt><trkpt lat="51.07284667" lon="-115.35164"><ele>1315.0</ele><time>2022-10-10T20:10:22.464Z</time></trkpt><trkpt lat="51.07285167" lon="-115.351655"><ele>1315.0</ele><time>2022-10-10T20:10:23.465Z</time></trkpt><trkpt lat="51.07286167" lon="-115.35166833"><ele>1315.0</ele><time>2022-10-10T20:10:24.465Z</time></trkpt><trkpt lat="51.07287" lon="-115.35168"><ele>1315.0</ele><time>2022-10-10T20:10:25.465Z</time></trkpt><trkpt lat="51.07287667" lon="-115.35169167"><ele>1315.0</ele><time>2022-10-10T20:10:26.464Z</time></trkpt><trkpt lat="51.07288167" lon="-115.35170333"><ele>1315.0</ele><time>2022-10-10T20:10:27.464Z</time></trkpt><trkpt lat="51.07288667" lon="-115.35171167"><ele>1315.0</ele><time>2022-10-10T20:10:28.465Z</time></trkpt><trkpt lat="51.07289" lon="-115.351715"><ele>1315.0</ele><time>2022-10-10T20:10:29.465Z</time></trkpt><trkpt lat="51.07289333" lon="-115.351715"><ele>1315.0</ele><time>2022-10-10T20:10:30.465Z</time></trkpt><trkpt lat="51.07289667" lon="-115.351715"><ele>1315.0</ele><time>2022-10-10T20:10:31.465Z</time></trkpt><trkpt lat="51.07290167" lon="-115.35171667"><ele>1315.0</ele><time>2022-10-10T20:10:32.465Z</time></trkpt><trkpt lat="51.07290333" lon="-115.35173"><ele>1315.0</ele><time>2022-10-10T20:10:33.465Z</time></trkpt><trkpt lat="51.07290333" lon="-115.35173333"><ele>1315.0</ele><time>2022-10-10T20:10:34.465Z</time></trkpt><trkpt lat="51.07290333" lon="-115.35173833"><ele>1315.0</ele><time>2022-10-10T20:10:35.465Z</time></trkpt><trkpt lat="51.07290667" lon="-115.35174333"><ele>1315.0</ele><time>2022-10-10T20:10:36.465Z</time></trkpt><trkpt lat="51.07290667" lon="-115.35175"><ele>1316.0</ele><time>2022-10-10T20:10:37.465Z</time></trkpt><trkpt lat="51.072905" lon="-115.351755"><ele>1316.0</ele><time>2022-10-10T20:10:38.465Z</time></trkpt><trkpt lat="51.072905" lon="-115.351755"><ele>1316.0</ele><time>2022-10-10T20:10:39.465Z</time></trkpt><trkpt lat="51.072905" lon="-115.35175167"><ele>1316.0</ele><time>2022-10-10T20:10:40.465Z</time></trkpt><trkpt lat="51.072905" lon="-115.35175"><ele>1316.0</ele><time>2022-10-10T20:10:41.465Z</time></trkpt><trkpt lat="51.07290333" lon="-115.35174833"><ele>1316.0</ele><time>2022-10-10T20:10:42.465Z</time></trkpt><trkpt lat="51.07290333" lon="-115.35174333"><ele>1316.0</ele><time>2022-10-10T20:10:43.465Z</time></trkpt><trkpt lat="51.07290167" lon="-115.35174"><ele>1316.0</ele><time>2022-10-10T20:10:44.465Z</time></trkpt><trkpt lat="51.07290167" lon="-115.35174"><ele>1315.0</ele><time>2022-10-10T20:10:45.464Z</time></trkpt><trkpt lat="51.07290167" lon="-115.35173833"><ele>1315.0</ele><time>2022-10-10T20:10:46.465Z</time></trkpt><trkpt lat="51.07289833" lon="-115.351745"><ele>1314.0</ele><time>2022-10-10T20:10:47.465Z</time></trkpt><trkpt lat="51.07289833" lon="-115.351745"><ele>1314.0</ele><time>2022-10-10T20:10:48.465Z</time></trkpt><trkpt lat="51.0729" lon="-115.35174167"><ele>1314.0</ele><time>2022-10-10T20:10:49.464Z</time></trkpt><trkpt lat="51.07290167" lon="-115.35174167"><ele>1314.0</ele><time>2022-10-10T20:10:50.464Z</time></trkpt><trkpt lat="51.072905" lon="-115.35174667"><ele>1313.0</ele><time>2022-10-10T20:10:51.464Z</time></trkpt><trkpt lat="51.07291167" lon="-115.351755"><ele>1313.0</ele><time>2022-10-10T20:10:52.465Z</time></trkpt><trkpt lat="51.072915" lon="-115.35177"><ele>1313.0</ele><time>2022-10-10T20:10:53.465Z</time></trkpt><trkpt lat="51.07292" lon="-115.35178333"><ele>1313.0</ele><time>2022-10-10T20:10:54.465Z</time></trkpt><trkpt lat="51.07292333" lon="-115.35179833"><ele>1313.0</ele><time>2022-10-10T20:10:55.465Z</time></trkpt><trkpt lat="51.07292833" lon="-115.351815"><ele>1314.0</ele><time>2022-10-10T20:10:56.464Z</time></trkpt><trkpt lat="51.072925" lon="-115.35183167"><ele>1315.0</ele><time>2022-10-10T20:10:57.465Z</time></trkpt><trkpt lat="51.07293167" lon="-115.35184667"><ele>1316.0</ele><time>2022-10-10T20:10:58.464Z</time></trkpt><trkpt lat="51.07293833" lon="-115.35186333"><ele>1316.0</ele><time>2022-10-10T20:10:59.465Z</time></trkpt><trkpt lat="51.07294167" lon="-115.35188"><ele>1316.0</ele><time>2022-10-10T20:11:00.465Z</time></trkpt><trkpt lat="51.07294667" lon="-115.35189333"><ele>1316.0</ele><time>2022-10-10T20:11:01.464Z</time></trkpt><trkpt lat="51.07295333" lon="-115.35190667"><ele>1316.0</ele><time>2022-10-10T20:11:02.464Z</time></trkpt><trkpt lat="51.07295667" lon="-115.35192333"><ele>1316.0</ele><time>2022-10-10T20:11:03.464Z</time></trkpt><trkpt lat="51.07296167" lon="-115.35194167"><ele>1316.0</ele><time>2022-10-10T20:11:04.465Z</time></trkpt><trkpt lat="51.07296833" lon="-115.35196"><ele>1316.0</ele><time>2022-10-10T20:11:05.464Z</time></trkpt><trkpt lat="51.07297333" lon="-115.35197833"><ele>1316.0</ele><time>2022-10-10T20:11:06.465Z</time></trkpt><trkpt lat="51.07297833" lon="-115.35199333"><ele>1315.0</ele><time>2022-10-10T20:11:07.465Z</time></trkpt><trkpt lat="51.072985" lon="-115.35201167"><ele>1315.0</ele><time>2022-10-10T20:11:08.464Z</time></trkpt><trkpt lat="51.07298833" lon="-115.35203333"><ele>1314.0</ele><time>2022-10-10T20:11:09.465Z</time></trkpt><trkpt lat="51.07299167" lon="-115.35205333"><ele>1314.0</ele><time>2022-10-10T20:11:10.464Z</time></trkpt><trkpt lat="51.07299833" lon="-115.35207"><ele>1314.0</ele><time>2022-10-10T20:11:11.465Z</time></trkpt><trkpt lat="51.07300333" lon="-115.35208833"><ele>1314.0</ele><time>2022-10-10T20:11:12.465Z</time></trkpt><trkpt lat="51.07300833" lon="-115.35210667"><ele>1314.0</ele><time>2022-10-10T20:11:13.464Z</time></trkpt><trkpt lat="51.07301667" lon="-115.35212333"><ele>1314.0</ele><time>2022-10-10T20:11:14.465Z</time></trkpt><trkpt lat="51.073025" lon="-115.35214"><ele>1314.0</ele><time>2022-10-10T20:11:15.465Z</time></trkpt><trkpt lat="51.07303333" lon="-115.35215667"><ele>1313.0</ele><time>2022-10-10T20:11:16.464Z</time></trkpt><trkpt lat="51.07304" lon="-115.352175"><ele>1313.0</ele><time>2022-10-10T20:11:17.464Z</time></trkpt><trkpt lat="51.07305" lon="-115.35219"><ele>1313.0</ele><time>2022-10-10T20:11:18.465Z</time></trkpt><trkpt lat="51.07306" lon="-115.352205"><ele>1314.0</ele><time>2022-10-10T20:11:19.464Z</time></trkpt><trkpt lat="51.07307" lon="-115.35221667"><ele>1314.0</ele><time>2022-10-10T20:11:20.465Z</time></trkpt><trkpt lat="51.07307833" lon="-115.35222833"><ele>1314.0</ele><time>2022-10-10T20:11:21.464Z</time></trkpt><trkpt lat="51.07309" lon="-115.35224167"><ele>1314.0</ele><time>2022-10-10T20:11:22.465Z</time></trkpt><trkpt lat="51.07310167" lon="-115.35225167"><ele>1315.0</ele><time>2022-10-10T20:11:23.464Z</time></trkpt><trkpt lat="51.07311333" lon="-115.35226167"><ele>1315.0</ele><time>2022-10-10T20:11:24.464Z</time></trkpt><trkpt lat="51.07312167" lon="-115.35227333"><ele>1315.0</ele><time>2022-10-10T20:11:25.464Z</time></trkpt><trkpt lat="51.07312833" lon="-115.352285"><ele>1315.0</ele><time>2022-10-10T20:11:26.465Z</time></trkpt><trkpt lat="51.07313833" lon="-115.352295"><ele>1315.0</ele><time>2022-10-10T20:11:27.465Z</time></trkpt><trkpt lat="51.07314833" lon="-115.35230167"><ele>1315.0</ele><time>2022-10-10T20:11:28.464Z</time></trkpt><trkpt lat="51.07316" lon="-115.35231333"><ele>1315.0</ele><time>2022-10-10T20:11:29.464Z</time></trkpt><trkpt lat="51.07317" lon="-115.352325"><ele>1315.0</ele><time>2022-10-10T20:11:30.465Z</time></trkpt><trkpt lat="51.07318" lon="-115.35233667"><ele>1315.0</ele><time>2022-10-10T20:11:31.464Z</time></trkpt><trkpt lat="51.07318833" lon="-115.35235"><ele>1315.0</ele><time>2022-10-10T20:11:32.464Z</time></trkpt><trkpt lat="51.073195" lon="-115.35236"><ele>1315.0</ele><time>2022-10-10T20:11:33.465Z</time></trkpt><trkpt lat="51.073205" lon="-115.35237"><ele>1315.0</ele><time>2022-10-10T20:11:34.464Z</time></trkpt><trkpt lat="51.07321333" lon="-115.35238333"><ele>1315.0</ele><time>2022-10-10T20:11:35.465Z</time></trkpt><trkpt lat="51.07322" lon="-115.35239333"><ele>1315.0</ele><time>2022-10-10T20:11:36.465Z</time></trkpt><trkpt lat="51.07322667" lon="-115.35240333"><ele>1315.0</ele><time>2022-10-10T20:11:37.464Z</time></trkpt><trkpt lat="51.07323333" lon="-115.352415"><ele>1315.0</ele><time>2022-10-10T20:11:38.464Z</time></trkpt><trkpt lat="51.073245" lon="-115.35242333"><ele>1315.0</ele><time>2022-10-10T20:11:39.464Z</time></trkpt><trkpt lat="51.07325667" lon="-115.35243167"><ele>1315.0</ele><time>2022-10-10T20:11:40.465Z</time></trkpt><trkpt lat="51.07326667" lon="-115.35244333"><ele>1314.0</ele><time>2022-10-10T20:11:41.465Z</time></trkpt><trkpt lat="51.07327833" lon="-115.352455"><ele>1315.0</ele><time>2022-10-10T20:11:42.465Z</time></trkpt><trkpt lat="51.07328833" lon="-115.35246667"><ele>1315.0</ele><time>2022-10-10T20:11:43.464Z</time></trkpt><trkpt lat="51.073295" lon="-115.35247833"><ele>1315.0</ele><time>2022-10-10T20:11:44.464Z</time></trkpt><trkpt lat="51.073305" lon="-115.35248833"><ele>1315.0</ele><time>2022-10-10T20:11:45.465Z</time></trkpt><trkpt lat="51.07331333" lon="-115.35249833"><ele>1315.0</ele><time>2022-10-10T20:11:46.465Z</time></trkpt><trkpt lat="51.073325" lon="-115.35250667"><ele>1314.0</ele><time>2022-10-10T20:11:47.464Z</time></trkpt><trkpt lat="51.073335" lon="-115.35251333"><ele>1314.0</ele><time>2022-10-10T20:11:48.464Z</time></trkpt><trkpt lat="51.07334833" lon="-115.35252"><ele>1313.0</ele><time>2022-10-10T20:11:49.464Z</time></trkpt><trkpt lat="51.07336" lon="-115.35252667"><ele>1313.0</ele><time>2022-10-10T20:11:50.464Z</time></trkpt><trkpt lat="51.07337167" lon="-115.35253167"><ele>1313.0</ele><time>2022-10-10T20:11:51.465Z</time></trkpt><trkpt lat="51.07338167" lon="-115.35254333"><ele>1313.0</ele><time>2022-10-10T20:11:52.465Z</time></trkpt><trkpt lat="51.07339167" lon="-115.35255667"><ele>1313.0</ele><time>2022-10-10T20:11:53.464Z</time></trkpt><trkpt lat="51.07339833" lon="-115.35256833"><ele>1313.0</ele><time>2022-10-10T20:11:54.464Z</time></trkpt><trkpt lat="51.07340333" lon="-115.35258333"><ele>1313.0</ele><time>2022-10-10T20:11:55.464Z</time></trkpt><trkpt lat="51.07341167" lon="-115.3526"><ele>1314.0</ele><time>2022-10-10T20:11:56.465Z</time></trkpt><trkpt lat="51.07342" lon="-115.352615"><ele>1314.0</ele><time>2022-10-10T20:11:57.464Z</time></trkpt><trkpt lat="51.07342833" lon="-115.35262667"><ele>1314.0</ele><time>2022-10-10T20:11:58.464Z</time></trkpt><trkpt lat="51.07343667" lon="-115.35264167"><ele>1314.0</ele><time>2022-10-10T20:11:59.464Z</time></trkpt><trkpt lat="51.073445" lon="-115.352655"><ele>1314.0</ele><time>2022-10-10T20:12:00.465Z</time></trkpt><trkpt lat="51.07346" lon="-115.35266667"><ele>1314.0</ele><time>2022-10-10T20:12:01.465Z</time></trkpt><trkpt lat="51.07347" lon="-115.35267833"><ele>1314.0</ele><time>2022-10-10T20:12:02.464Z</time></trkpt><trkpt lat="51.07348" lon="-115.35269"><ele>1314.0</ele><time>2022-10-10T20:12:03.464Z</time></trkpt><trkpt lat="51.07348833" lon="-115.35270167"><ele>1314.0</ele><time>2022-10-10T20:12:04.464Z</time></trkpt><trkpt lat="51.07349667" lon="-115.352715"><ele>1314.0</ele><time>2022-10-10T20:12:05.465Z</time></trkpt><trkpt lat="51.07350667" lon="-115.35272333"><ele>1313.0</ele><time>2022-10-10T20:12:06.465Z</time></trkpt><trkpt lat="51.07351667" lon="-115.352735"><ele>1314.0</ele><time>2022-10-10T20:12:07.464Z</time></trkpt><trkpt lat="51.07352667" lon="-115.35274667"><ele>1314.0</ele><time>2022-10-10T20:12:08.465Z</time></trkpt><trkpt lat="51.07354" lon="-115.35275333"><ele>1314.0</ele><time>2022-10-10T20:12:09.465Z</time></trkpt><trkpt lat="51.07355167" lon="-115.352765"><ele>1314.0</ele><time>2022-10-10T20:12:10.465Z</time></trkpt><trkpt lat="51.07356333" lon="-115.352775"><ele>1315.0</ele><time>2022-10-10T20:12:11.465Z</time></trkpt><trkpt lat="51.07357167" lon="-115.35279167"><ele>1315.0</ele><time>2022-10-10T20:12:12.464Z</time></trkpt><trkpt lat="51.07358167" lon="-115.35280333"><ele>1315.0</ele><time>2022-10-10T20:12:13.465Z</time></trkpt><trkpt lat="51.07359333" lon="-115.352815"><ele>1315.0</ele><time>2022-10-10T20:12:14.464Z</time></trkpt><trkpt lat="51.073605" lon="-115.35282333"><ele>1315.0</ele><time>2022-10-10T20:12:15.465Z</time></trkpt><trkpt lat="51.073615" lon="-115.35283333"><ele>1315.0</ele><time>2022-10-10T20:12:16.464Z</time></trkpt><trkpt lat="51.07362333" lon="-115.35284333"><ele>1314.0</ele><time>2022-10-10T20:12:17.465Z</time></trkpt><trkpt lat="51.07363167" lon="-115.35285667"><ele>1313.0</ele><time>2022-10-10T20:12:18.464Z</time></trkpt><trkpt lat="51.07364167" lon="-115.35287167"><ele>1313.0</ele><time>2022-10-10T20:12:19.464Z</time></trkpt><trkpt lat="51.07365" lon="-115.35288667"><ele>1313.0</ele><time>2022-10-10T20:12:20.465Z</time></trkpt><trkpt lat="51.07366167" lon="-115.3529"><ele>1313.0</ele><time>2022-10-10T20:12:21.465Z</time></trkpt><trkpt lat="51.07367167" lon="-115.35291333"><ele>1314.0</ele><time>2022-10-10T20:12:22.464Z</time></trkpt><trkpt lat="51.07368333" lon="-115.35292833"><ele>1314.0</ele><time>2022-10-10T20:12:23.464Z</time></trkpt><trkpt lat="51.07369333" lon="-115.35294167"><ele>1314.0</ele><time>2022-10-10T20:12:24.464Z</time></trkpt><trkpt lat="51.0737" lon="-115.35296167"><ele>1315.0</ele><time>2022-10-10T20:12:25.464Z</time></trkpt><trkpt lat="51.07370667" lon="-115.35298167"><ele>1315.0</ele><time>2022-10-10T20:12:26.465Z</time></trkpt><trkpt lat="51.073715" lon="-115.35299667"><ele>1315.0</ele><time>2022-10-10T20:12:27.464Z</time></trkpt><trkpt lat="51.07372167" lon="-115.35301167"><ele>1316.0</ele><time>2022-10-10T20:12:28.464Z</time></trkpt><trkpt lat="51.07372667" lon="-115.35302667"><ele>1316.0</ele><time>2022-10-10T20:12:29.464Z</time></trkpt><trkpt lat="51.07373333" lon="-115.35304167"><ele>1316.0</ele><time>2022-10-10T20:12:30.464Z</time></trkpt><trkpt lat="51.07374" lon="-115.35305667"><ele>1316.0</ele><time>2022-10-10T20:12:31.464Z</time></trkpt><trkpt lat="51.07374667" lon="-115.35307167"><ele>1316.0</ele><time>2022-10-10T20:12:32.464Z</time></trkpt><trkpt lat="51.07375" lon="-115.35308833"><ele>1317.0</ele><time>2022-10-10T20:12:33.464Z</time></trkpt><trkpt lat="51.073755" lon="-115.35310833"><ele>1317.0</ele><time>2022-10-10T20:12:34.464Z</time></trkpt><trkpt lat="51.07376" lon="-115.35313"><ele>1317.0</ele><time>2022-10-10T20:12:35.465Z</time></trkpt><trkpt lat="51.07376667" lon="-115.35315"><ele>1318.0</ele><time>2022-10-10T20:12:36.465Z</time></trkpt><trkpt lat="51.07377" lon="-115.35317"><ele>1318.0</ele><time>2022-10-10T20:12:37.464Z</time></trkpt><trkpt lat="51.07377167" lon="-115.35319"><ele>1318.0</ele><time>2022-10-10T20:12:38.464Z</time></trkpt><trkpt lat="51.07377333" lon="-115.35320667"><ele>1318.0</ele><time>2022-10-10T20:12:39.464Z</time></trkpt><trkpt lat="51.07377333" lon="-115.353225"><ele>1318.0</ele><time>2022-10-10T20:12:40.464Z</time></trkpt><trkpt lat="51.07377833" lon="-115.35324333"><ele>1317.0</ele><time>2022-10-10T20:12:41.464Z</time></trkpt><trkpt lat="51.07378" lon="-115.35326167"><ele>1317.0</ele><time>2022-10-10T20:12:42.464Z</time></trkpt><trkpt lat="51.07378167" lon="-115.35327667"><ele>1316.0</ele><time>2022-10-10T20:12:43.464Z</time></trkpt><trkpt lat="51.073785" lon="-115.353295"><ele>1316.0</ele><time>2022-10-10T20:12:44.464Z</time></trkpt><trkpt lat="51.07378833" lon="-115.353315"><ele>1315.0</ele><time>2022-10-10T20:12:45.464Z</time></trkpt><trkpt lat="51.07378833" lon="-115.35333333"><ele>1315.0</ele><time>2022-10-10T20:12:46.464Z</time></trkpt><trkpt lat="51.07379" lon="-115.353355"><ele>1315.0</ele><time>2022-10-10T20:12:47.464Z</time></trkpt><trkpt lat="51.07378833" lon="-115.35337167"><ele>1314.0</ele><time>2022-10-10T20:12:48.464Z</time></trkpt><trkpt lat="51.07378167" lon="-115.35337167"><ele>1313.0</ele><time>2022-10-10T20:12:49.464Z</time></trkpt><trkpt lat="51.073775" lon="-115.35336333"><ele>1313.0</ele><time>2022-10-10T20:12:50.464Z</time></trkpt><trkpt lat="51.07377333" lon="-115.353355"><ele>1312.0</ele><time>2022-10-10T20:12:51.465Z</time></trkpt><trkpt lat="51.07377" lon="-115.35334833"><ele>1312.0</ele><time>2022-10-10T20:12:52.465Z</time></trkpt><trkpt lat="51.07377333" lon="-115.35334667"><ele>1311.0</ele><time>2022-10-10T20:12:53.465Z</time></trkpt><trkpt lat="51.073775" lon="-115.353355"><ele>1310.0</ele><time>2022-10-10T20:12:54.465Z</time></trkpt><trkpt lat="51.07376833" lon="-115.35335667"><ele>1310.0</ele><time>2022-10-10T20:12:55.465Z</time></trkpt><trkpt lat="51.07376167" lon="-115.35335333"><ele>1310.0</ele><time>2022-10-10T20:12:56.465Z</time></trkpt><trkpt lat="51.07376667" lon="-115.353345"><ele>1309.0</ele><time>2022-10-10T20:12:57.464Z</time></trkpt><trkpt lat="51.07377" lon="-115.35334167"><ele>1309.0</ele><time>2022-10-10T20:12:58.465Z</time></trkpt><trkpt lat="51.07377333" lon="-115.353345"><ele>1309.0</ele><time>2022-10-10T20:12:59.465Z</time></trkpt><trkpt lat="51.07377" lon="-115.35335333"><ele>1310.0</ele><time>2022-10-10T20:13:00.465Z</time></trkpt><trkpt lat="51.07377333" lon="-115.35335167"><ele>1310.0</ele><time>2022-10-10T20:13:01.464Z</time></trkpt><trkpt lat="51.07377667" lon="-115.35334833"><ele>1310.0</ele><time>2022-10-10T20:13:02.464Z</time></trkpt><trkpt lat="51.07378333" lon="-115.35335333"><ele>1310.0</ele><time>2022-10-10T20:13:03.465Z</time></trkpt><trkpt lat="51.07378333" lon="-115.35337167"><ele>1310.0</ele><time>2022-10-10T20:13:04.464Z</time></trkpt><trkpt lat="51.07378333" lon="-115.35339667"><ele>1310.0</ele><time>2022-10-10T20:13:05.465Z</time></trkpt><trkpt lat="51.07378" lon="-115.35342333"><ele>1311.0</ele><time>2022-10-10T20:13:06.465Z</time></trkpt><trkpt lat="51.07377667" lon="-115.35345"><ele>1311.0</ele><time>2022-10-10T20:13:07.465Z</time></trkpt><trkpt lat="51.07377833" lon="-115.35347"><ele>1310.0</ele><time>2022-10-10T20:13:08.465Z</time></trkpt><trkpt lat="51.07377667" lon="-115.353495"><ele>1310.0</ele><time>2022-10-10T20:13:09.465Z</time></trkpt><trkpt lat="51.07377667" lon="-115.35351667"><ele>1310.0</ele><time>2022-10-10T20:13:10.465Z</time></trkpt><trkpt lat="51.073775" lon="-115.35354167"><ele>1311.0</ele><time>2022-10-10T20:13:11.465Z</time></trkpt><trkpt lat="51.073775" lon="-115.35356333"><ele>1311.0</ele><time>2022-10-10T20:13:12.465Z</time></trkpt><trkpt lat="51.07377333" lon="-115.353585"><ele>1312.0</ele><time>2022-10-10T20:13:13.465Z</time></trkpt><trkpt lat="51.07377167" lon="-115.35360667"><ele>1313.0</ele><time>2022-10-10T20:13:14.465Z</time></trkpt><trkpt lat="51.07377167" lon="-115.35363"><ele>1314.0</ele><time>2022-10-10T20:13:15.464Z</time></trkpt><trkpt lat="51.07377167" lon="-115.35365167"><ele>1314.0</ele><time>2022-10-10T20:13:16.465Z</time></trkpt><trkpt lat="51.07377333" lon="-115.353675"><ele>1315.0</ele><time>2022-10-10T20:13:17.465Z</time></trkpt><trkpt lat="51.07377167" lon="-115.35369833"><ele>1315.0</ele><time>2022-10-10T20:13:18.465Z</time></trkpt><trkpt lat="51.07377167" lon="-115.35372167"><ele>1315.0</ele><time>2022-10-10T20:13:19.464Z</time></trkpt><trkpt lat="51.07377" lon="-115.35374333"><ele>1315.0</ele><time>2022-10-10T20:13:20.465Z</time></trkpt><trkpt lat="51.07377" lon="-115.35376833"><ele>1316.0</ele><time>2022-10-10T20:13:21.465Z</time></trkpt><trkpt lat="51.07376833" lon="-115.35379167"><ele>1316.0</ele><time>2022-10-10T20:13:22.465Z</time></trkpt><trkpt lat="51.07376667" lon="-115.35381333"><ele>1316.0</ele><time>2022-10-10T20:13:23.465Z</time></trkpt><trkpt lat="51.073765" lon="-115.35383833"><ele>1316.0</ele><time>2022-10-10T20:13:24.464Z</time></trkpt><trkpt lat="51.073765" lon="-115.35386667"><ele>1317.0</ele><time>2022-10-10T20:13:25.465Z</time></trkpt><trkpt lat="51.073765" lon="-115.35389167"><ele>1317.0</ele><time>2022-10-10T20:13:26.464Z</time></trkpt><trkpt lat="51.073765" lon="-115.35391333"><ele>1317.0</ele><time>2022-10-10T20:13:27.465Z</time></trkpt><trkpt lat="51.07376333" lon="-115.353935"><ele>1317.0</ele><time>2022-10-10T20:13:28.464Z</time></trkpt><trkpt lat="51.07376333" lon="-115.35395333"><ele>1318.0</ele><time>2022-10-10T20:13:29.465Z</time></trkpt><trkpt lat="51.07376167" lon="-115.35397333"><ele>1318.0</ele><time>2022-10-10T20:13:30.465Z</time></trkpt><trkpt lat="51.07376333" lon="-115.353995"><ele>1318.0</ele><time>2022-10-10T20:13:31.465Z</time></trkpt><trkpt lat="51.073765" lon="-115.354015"><ele>1318.0</ele><time>2022-10-10T20:13:32.465Z</time></trkpt><trkpt lat="51.07376667" lon="-115.35403833"><ele>1318.0</ele><time>2022-10-10T20:13:33.464Z</time></trkpt><trkpt lat="51.073765" lon="-115.35405833"><ele>1318.0</ele><time>2022-10-10T20:13:34.465Z</time></trkpt><trkpt lat="51.07376" lon="-115.35408333"><ele>1317.0</ele><time>2022-10-10T20:13:35.465Z</time></trkpt><trkpt lat="51.07375667" lon="-115.354105"><ele>1317.0</ele><time>2022-10-10T20:13:36.465Z</time></trkpt><trkpt lat="51.073755" lon="-115.35412667"><ele>1317.0</ele><time>2022-10-10T20:13:37.465Z</time></trkpt><trkpt lat="51.073755" lon="-115.354145"><ele>1316.0</ele><time>2022-10-10T20:13:38.464Z</time></trkpt><trkpt lat="51.07375167" lon="-115.354165"><ele>1316.0</ele><time>2022-10-10T20:13:39.465Z</time></trkpt><trkpt lat="51.07375" lon="-115.35418667"><ele>1316.0</ele><time>2022-10-10T20:13:40.465Z</time></trkpt><trkpt lat="51.07374833" lon="-115.35421"><ele>1315.0</ele><time>2022-10-10T20:13:41.465Z</time></trkpt><trkpt lat="51.07374667" lon="-115.35423167"><ele>1315.0</ele><time>2022-10-10T20:13:42.464Z</time></trkpt><trkpt lat="51.073745" lon="-115.35425333"><ele>1314.0</ele><time>2022-10-10T20:13:43.465Z</time></trkpt><trkpt lat="51.07374333" lon="-115.35427333"><ele>1314.0</ele><time>2022-10-10T20:13:44.465Z</time></trkpt><trkpt lat="51.07374167" lon="-115.35429333"><ele>1314.0</ele><time>2022-10-10T20:13:45.465Z</time></trkpt><trkpt lat="51.07374" lon="-115.35431333"><ele>1314.0</ele><time>2022-10-10T20:13:46.465Z</time></trkpt><trkpt lat="51.07373667" lon="-115.35434"><ele>1314.0</ele><time>2022-10-10T20:13:47.464Z</time></trkpt><trkpt lat="51.07373667" lon="-115.35435833"><ele>1314.0</ele><time>2022-10-10T20:13:48.465Z</time></trkpt><trkpt lat="51.07373333" lon="-115.35437667"><ele>1314.0</ele><time>2022-10-10T20:13:49.465Z</time></trkpt><trkpt lat="51.07372833" lon="-115.35439333"><ele>1314.0</ele><time>2022-10-10T20:13:50.465Z</time></trkpt><trkpt lat="51.07372667" lon="-115.35441"><ele>1313.0</ele><time>2022-10-10T20:13:51.464Z</time></trkpt><trkpt lat="51.07372333" lon="-115.35443"><ele>1313.0</ele><time>2022-10-10T20:13:52.464Z</time></trkpt><trkpt lat="51.07372" lon="-115.35444667"><ele>1313.0</ele><time>2022-10-10T20:13:53.465Z</time></trkpt><trkpt lat="51.07371833" lon="-115.35446167"><ele>1312.0</ele><time>2022-10-10T20:13:54.465Z</time></trkpt><trkpt lat="51.07371167" lon="-115.35448"><ele>1312.0</ele><time>2022-10-10T20:13:55.465Z</time></trkpt><trkpt lat="51.07370667" lon="-115.35449667"><ele>1311.0</ele><time>2022-10-10T20:13:56.464Z</time></trkpt><trkpt lat="51.07370167" lon="-115.35451333"><ele>1311.0</ele><time>2022-10-10T20:13:57.464Z</time></trkpt><trkpt lat="51.07369667" lon="-115.35453167"><ele>1311.0</ele><time>2022-10-10T20:13:58.464Z</time></trkpt><trkpt lat="51.07369167" lon="-115.35455"><ele>1311.0</ele><time>2022-10-10T20:13:59.465Z</time></trkpt><trkpt lat="51.07368667" lon="-115.35456667"><ele>1311.0</ele><time>2022-10-10T20:14:00.464Z</time></trkpt><trkpt lat="51.07368" lon="-115.354585"><ele>1311.0</ele><time>2022-10-10T20:14:01.464Z</time></trkpt><trkpt lat="51.07367667" lon="-115.35460167"><ele>1311.0</ele><time>2022-10-10T20:14:02.465Z</time></trkpt><trkpt lat="51.07367667" lon="-115.35461333"><ele>1311.0</ele><time>2022-10-10T20:14:03.465Z</time></trkpt><trkpt lat="51.073675" lon="-115.35463167"><ele>1312.0</ele><time>2022-10-10T20:14:04.465Z</time></trkpt><trkpt lat="51.07367" lon="-115.35464833"><ele>1312.0</ele><time>2022-10-10T20:14:05.464Z</time></trkpt><trkpt lat="51.07366333" lon="-115.354665"><ele>1312.0</ele><time>2022-10-10T20:14:06.465Z</time></trkpt><trkpt lat="51.07365667" lon="-115.35468333"><ele>1311.0</ele><time>2022-10-10T20:14:07.465Z</time></trkpt><trkpt lat="51.07365" lon="-115.3547"><ele>1311.0</ele><time>2022-10-10T20:14:08.465Z</time></trkpt><trkpt lat="51.073645" lon="-115.35471667"><ele>1311.0</ele><time>2022-10-10T20:14:09.465Z</time></trkpt><trkpt lat="51.07363333" lon="-115.35473"><ele>1310.0</ele><time>2022-10-10T20:14:10.464Z</time></trkpt><trkpt lat="51.07362167" lon="-115.35475167"><ele>1310.0</ele><time>2022-10-10T20:14:11.465Z</time></trkpt><trkpt lat="51.07361167" lon="-115.35476833"><ele>1310.0</ele><time>2022-10-10T20:14:12.465Z</time></trkpt><trkpt lat="51.073595" lon="-115.35477833"><ele>1310.0</ele><time>2022-10-10T20:14:13.465Z</time></trkpt><trkpt lat="51.07358833" lon="-115.35478667"><ele>1310.0</ele><time>2022-10-10T20:14:14.464Z</time></trkpt><trkpt lat="51.073575" lon="-115.35479333"><ele>1310.0</ele><time>2022-10-10T20:14:15.465Z</time></trkpt><trkpt lat="51.07356667" lon="-115.354805"><ele>1310.0</ele><time>2022-10-10T20:14:16.465Z</time></trkpt><trkpt lat="51.07356" lon="-115.354815"><ele>1310.0</ele><time>2022-10-10T20:14:17.465Z</time></trkpt><trkpt lat="51.07355167" lon="-115.35482667"><ele>1311.0</ele><time>2022-10-10T20:14:18.465Z</time></trkpt><trkpt lat="51.07354333" lon="-115.35483833"><ele>1311.0</ele><time>2022-10-10T20:14:19.464Z</time></trkpt><trkpt lat="51.073535" lon="-115.35484833"><ele>1311.0</ele><time>2022-10-10T20:14:20.465Z</time></trkpt><trkpt lat="51.07352667" lon="-115.35486"><ele>1311.0</ele><time>2022-10-10T20:14:21.465Z</time></trkpt><trkpt lat="51.07351833" lon="-115.35487167"><ele>1312.0</ele><time>2022-10-10T20:14:22.465Z</time></trkpt><trkpt lat="51.07351" lon="-115.35488"><ele>1312.0</ele><time>2022-10-10T20:14:23.464Z</time></trkpt><trkpt lat="51.07350167" lon="-115.35489"><ele>1312.0</ele><time>2022-10-10T20:14:24.465Z</time></trkpt><trkpt lat="51.07349333" lon="-115.3549"><ele>1312.0</ele><time>2022-10-10T20:14:25.465Z</time></trkpt><trkpt lat="51.07349" lon="-115.35490333"><ele>1312.0</ele><time>2022-10-10T20:14:26.465Z</time></trkpt><trkpt lat="51.07348667" lon="-115.35490333"><ele>1312.0</ele><time>2022-10-10T20:14:27.465Z</time></trkpt><trkpt lat="51.073485" lon="-115.35490333"><ele>1312.0</ele><time>2022-10-10T20:14:28.464Z</time></trkpt><trkpt lat="51.073485" lon="-115.35490333"><ele>1312.0</ele><time>2022-10-10T20:14:29.465Z</time></trkpt><trkpt lat="51.07348333" lon="-115.35491167"><ele>1312.0</ele><time>2022-10-10T20:14:30.465Z</time></trkpt><trkpt lat="51.07348333" lon="-115.35491833"><ele>1313.0</ele><time>2022-10-10T20:14:31.465Z</time></trkpt><trkpt lat="51.07348" lon="-115.354925"><ele>1313.0</ele><time>2022-10-10T20:14:32.464Z</time></trkpt><trkpt lat="51.07347667" lon="-115.35492833"><ele>1313.0</ele><time>2022-10-10T20:14:33.464Z</time></trkpt><trkpt lat="51.07347333" lon="-115.354935"><ele>1313.0</ele><time>2022-10-10T20:14:34.465Z</time></trkpt><trkpt lat="51.07347" lon="-115.35494333"><ele>1313.0</ele><time>2022-10-10T20:14:35.465Z</time></trkpt><trkpt lat="51.07346833" lon="-115.35495167"><ele>1313.0</ele><time>2022-10-10T20:14:36.464Z</time></trkpt><trkpt lat="51.07346333" lon="-115.35496"><ele>1313.0</ele><time>2022-10-10T20:14:37.464Z</time></trkpt><trkpt lat="51.07345833" lon="-115.35496833"><ele>1313.0</ele><time>2022-10-10T20:14:38.465Z</time></trkpt><trkpt lat="51.073455" lon="-115.35497667"><ele>1312.0</ele><time>2022-10-10T20:14:39.465Z</time></trkpt><trkpt lat="51.07345333" lon="-115.35498833"><ele>1312.0</ele><time>2022-10-10T20:14:40.465Z</time></trkpt><trkpt lat="51.07345" lon="-115.354995"><ele>1311.0</ele><time>2022-10-10T20:14:41.464Z</time></trkpt><trkpt lat="51.07344833" lon="-115.355"><ele>1311.0</ele><time>2022-10-10T20:14:42.464Z</time></trkpt><trkpt lat="51.073445" lon="-115.35500333"><ele>1311.0</ele><time>2022-10-10T20:14:43.464Z</time></trkpt><trkpt lat="51.073445" lon="-115.35500667"><ele>1311.0</ele><time>2022-10-10T20:14:44.464Z</time></trkpt><trkpt lat="51.073445" lon="-115.355005"><ele>1311.0</ele><time>2022-10-10T20:14:45.465Z</time></trkpt><trkpt lat="51.07344667" lon="-115.35501167"><ele>1311.0</ele><time>2022-10-10T20:14:46.464Z</time></trkpt><trkpt lat="51.07344833" lon="-115.35501667"><ele>1311.0</ele><time>2022-10-10T20:14:47.465Z</time></trkpt><trkpt lat="51.07345" lon="-115.355025"><ele>1311.0</ele><time>2022-10-10T20:14:48.465Z</time></trkpt><trkpt lat="51.07345" lon="-115.35502333"><ele>1311.0</ele><time>2022-10-10T20:14:49.464Z</time></trkpt><trkpt lat="51.07345" lon="-115.35502167"><ele>1311.0</ele><time>2022-10-10T20:14:50.465Z</time></trkpt><trkpt lat="51.07344833" lon="-115.35501833"><ele>1311.0</ele><time>2022-10-10T20:14:51.465Z</time></trkpt><trkpt lat="51.07344667" lon="-115.35502"><ele>1310.0</ele><time>2022-10-10T20:14:52.464Z</time></trkpt><trkpt lat="51.07344667" lon="-115.35502167"><ele>1310.0</ele><time>2022-10-10T20:14:53.465Z</time></trkpt><trkpt lat="51.07344833" lon="-115.35502667"><ele>1310.0</ele><time>2022-10-10T20:14:54.465Z</time></trkpt><trkpt lat="51.07345167" lon="-115.35502667"><ele>1309.0</ele><time>2022-10-10T20:14:55.465Z</time></trkpt><trkpt lat="51.07345167" lon="-115.35502833"><ele>1309.0</ele><time>2022-10-10T20:14:56.464Z</time></trkpt><trkpt lat="51.07345333" lon="-115.35503167"><ele>1308.0</ele><time>2022-10-10T20:14:57.465Z</time></trkpt><trkpt lat="51.073455" lon="-115.35504"><ele>1308.0</ele><time>2022-10-10T20:14:58.465Z</time></trkpt><trkpt lat="51.073455" lon="-115.35504"><ele>1307.0</ele><time>2022-10-10T20:14:59.464Z</time></trkpt><trkpt lat="51.07345167" lon="-115.35504333"><ele>1307.0</ele><time>2022-10-10T20:15:00.465Z</time></trkpt><trkpt lat="51.07345333" lon="-115.35504667"><ele>1306.0</ele><time>2022-10-10T20:15:01.465Z</time></trkpt><trkpt lat="51.07345167" lon="-115.35504667"><ele>1305.0</ele><time>2022-10-10T20:15:02.465Z</time></trkpt><trkpt lat="51.073455" lon="-115.355045"><ele>1305.0</ele><time>2022-10-10T20:15:03.464Z</time></trkpt><trkpt lat="51.07345667" lon="-115.355045"><ele>1305.0</ele><time>2022-10-10T20:15:04.464Z</time></trkpt><trkpt lat="51.073455" lon="-115.355045"><ele>1304.0</ele><time>2022-10-10T20:15:05.465Z</time></trkpt><trkpt lat="51.073455" lon="-115.35504667"><ele>1304.0</ele><time>2022-10-10T20:15:06.464Z</time></trkpt><trkpt lat="51.073455" lon="-115.35504667"><ele>1304.0</ele><time>2022-10-10T20:15:07.465Z</time></trkpt><trkpt lat="51.07345667" lon="-115.35504667"><ele>1304.0</ele><time>2022-10-10T20:15:08.465Z</time></trkpt><trkpt lat="51.07345667" lon="-115.35504667"><ele>1304.0</ele><time>2022-10-10T20:15:09.464Z</time></trkpt><trkpt lat="51.07345833" lon="-115.355045"><ele>1304.0</ele><time>2022-10-10T20:15:10.465Z</time></trkpt><trkpt lat="51.07345667" lon="-115.35504167"><ele>1304.0</ele><time>2022-10-10T20:15:11.465Z</time></trkpt><trkpt lat="51.073455" lon="-115.35504333"><ele>1304.0</ele><time>2022-10-10T20:15:12.465Z</time></trkpt><trkpt lat="51.073455" lon="-115.35504667"><ele>1304.0</ele><time>2022-10-10T20:15:13.465Z</time></trkpt><trkpt lat="51.07345667" lon="-115.35504333"><ele>1305.0</ele><time>2022-10-10T20:15:14.465Z</time></trkpt><trkpt lat="51.07345667" lon="-115.35504167"><ele>1305.0</ele><time>2022-10-10T20:15:15.465Z</time></trkpt><trkpt lat="51.07345667" lon="-115.35503833"><ele>1305.0</ele><time>2022-10-10T20:15:16.465Z</time></trkpt><trkpt lat="51.073455" lon="-115.35503667"><ele>1305.0</ele><time>2022-10-10T20:15:17.465Z</time></trkpt><trkpt lat="51.07345" lon="-115.355035"><ele>1305.0</ele><time>2022-10-10T20:15:18.465Z</time></trkpt><trkpt lat="51.07344667" lon="-115.35503667"><ele>1305.0</ele><time>2022-10-10T20:15:19.464Z</time></trkpt><trkpt lat="51.07344667" lon="-115.35503333"><ele>1305.0</ele><time>2022-10-10T20:15:20.465Z</time></trkpt><trkpt lat="51.07345" lon="-115.35502833"><ele>1305.0</ele><time>2022-10-10T20:15:21.465Z</time></trkpt><trkpt lat="51.07345" lon="-115.35502167"><ele>1305.0</ele><time>2022-10-10T20:15:22.465Z</time></trkpt><trkpt lat="51.07345" lon="-115.35502"><ele>1306.0</ele><time>2022-10-10T20:15:23.465Z</time></trkpt><trkpt lat="51.07345167" lon="-115.35502167"><ele>1306.0</ele><time>2022-10-10T20:15:24.464Z</time></trkpt><trkpt lat="51.07344667" lon="-115.35501667"><ele>1307.0</ele><time>2022-10-10T20:15:25.465Z</time></trkpt><trkpt lat="51.073445" lon="-115.35502"><ele>1307.0</ele><time>2022-10-10T20:15:26.465Z</time></trkpt><trkpt lat="51.07344167" lon="-115.35502167"><ele>1308.0</ele><time>2022-10-10T20:15:27.465Z</time></trkpt><trkpt lat="51.07344" lon="-115.35502"><ele>1308.0</ele><time>2022-10-10T20:15:28.465Z</time></trkpt><trkpt lat="51.07344167" lon="-115.35502"><ele>1308.0</ele><time>2022-10-10T20:15:29.465Z</time></trkpt><trkpt lat="51.07344333" lon="-115.35502"><ele>1308.0</ele><time>2022-10-10T20:15:30.464Z</time></trkpt><trkpt lat="51.073445" lon="-115.35502167"><ele>1309.0</ele><time>2022-10-10T20:15:31.464Z</time></trkpt><trkpt lat="51.07344333" lon="-115.35502333"><ele>1309.0</ele><time>2022-10-10T20:15:32.465Z</time></trkpt><trkpt lat="51.07344" lon="-115.35502333"><ele>1308.0</ele><time>2022-10-10T20:15:33.465Z</time></trkpt><trkpt lat="51.07343833" lon="-115.35502333"><ele>1308.0</ele><time>2022-10-10T20:15:34.465Z</time></trkpt><trkpt lat="51.07344" lon="-115.35502333"><ele>1307.0</ele><time>2022-10-10T20:15:35.465Z</time></trkpt><trkpt lat="51.07344167" lon="-115.355025"><ele>1307.0</ele><time>2022-10-10T20:15:36.465Z</time></trkpt><trkpt lat="51.07344333" lon="-115.35502667"><ele>1306.0</ele><time>2022-10-10T20:15:37.465Z</time></trkpt><trkpt lat="51.07344333" lon="-115.35503"><ele>1306.0</ele><time>2022-10-10T20:15:38.465Z</time></trkpt><trkpt lat="51.07344" lon="-115.35503333"><ele>1306.0</ele><time>2022-10-10T20:15:39.464Z</time></trkpt><trkpt lat="51.073435" lon="-115.35502333"><ele>1306.0</ele><time>2022-10-10T20:15:40.464Z</time></trkpt><trkpt lat="51.07343167" lon="-115.35501"><ele>1306.0</ele><time>2022-10-10T20:15:41.465Z</time></trkpt><trkpt lat="51.073425" lon="-115.355"><ele>1306.0</ele><time>2022-10-10T20:15:42.465Z</time></trkpt><trkpt lat="51.073425" lon="-115.35498667"><ele>1307.0</ele><time>2022-10-10T20:15:43.464Z</time></trkpt><trkpt lat="51.073425" lon="-115.35498"><ele>1307.0</ele><time>2022-10-10T20:15:44.465Z</time></trkpt><trkpt lat="51.073425" lon="-115.35496667"><ele>1308.0</ele><time>2022-10-10T20:15:45.465Z</time></trkpt><trkpt lat="51.07342167" lon="-115.354955"><ele>1309.0</ele><time>2022-10-10T20:15:46.465Z</time></trkpt><trkpt lat="51.07341833" lon="-115.35494167"><ele>1309.0</ele><time>2022-10-10T20:15:47.465Z</time></trkpt><trkpt lat="51.073415" lon="-115.35493"><ele>1310.0</ele><time>2022-10-10T20:15:48.464Z</time></trkpt><trkpt lat="51.07340833" lon="-115.35492333"><ele>1310.0</ele><time>2022-10-10T20:15:49.464Z</time></trkpt><trkpt lat="51.07340333" lon="-115.35492"><ele>1310.0</ele><time>2022-10-10T20:15:50.465Z</time></trkpt><trkpt lat="51.07339667" lon="-115.35492167"><ele>1310.0</ele><time>2022-10-10T20:15:51.465Z</time></trkpt><trkpt lat="51.07339" lon="-115.35492333"><ele>1310.0</ele><time>2022-10-10T20:15:52.465Z</time></trkpt><trkpt lat="51.073385" lon="-115.354925"><ele>1310.0</ele><time>2022-10-10T20:15:53.465Z</time></trkpt><trkpt lat="51.07338167" lon="-115.35492667"><ele>1311.0</ele><time>2022-10-10T20:15:54.465Z</time></trkpt><trkpt lat="51.07337833" lon="-115.35492833"><ele>1311.0</ele><time>2022-10-10T20:15:55.464Z</time></trkpt><trkpt lat="51.07337833" lon="-115.35492833"><ele>1311.0</ele><time>2022-10-10T20:15:56.464Z</time></trkpt><trkpt lat="51.07337833" lon="-115.35493"><ele>1311.0</ele><time>2022-10-10T20:15:57.465Z</time></trkpt><trkpt lat="51.07337833" lon="-115.35493167"><ele>1311.0</ele><time>2022-10-10T20:15:58.465Z</time></trkpt><trkpt lat="51.07337833" lon="-115.35493333"><ele>1311.0</ele><time>2022-10-10T20:15:59.465Z</time></trkpt><trkpt lat="51.07338" lon="-115.354935"><ele>1311.0</ele><time>2022-10-10T20:16:00.465Z</time></trkpt><trkpt lat="51.07338" lon="-115.35494"><ele>1311.0</ele><time>2022-10-10T20:16:01.465Z</time></trkpt><trkpt lat="51.07338333" lon="-115.35494667"><ele>1311.0</ele><time>2022-10-10T20:16:02.465Z</time></trkpt><trkpt lat="51.07338833" lon="-115.35495667"><ele>1311.0</ele><time>2022-10-10T20:16:03.465Z</time></trkpt><trkpt lat="51.073395" lon="-115.354965"><ele>1310.0</ele><time>2022-10-10T20:16:04.464Z</time></trkpt><trkpt lat="51.0734" lon="-115.35497333"><ele>1310.0</ele><time>2022-10-10T20:16:05.464Z</time></trkpt><trkpt lat="51.073405" lon="-115.35498"><ele>1310.0</ele><time>2022-10-10T20:16:06.465Z</time></trkpt><trkpt lat="51.07340833" lon="-115.35498667"><ele>1310.0</ele><time>2022-10-10T20:16:07.465Z</time></trkpt><trkpt lat="51.07341" lon="-115.35499333"><ele>1310.0</ele><time>2022-10-10T20:16:08.464Z</time></trkpt><trkpt lat="51.073415" lon="-115.355"><ele>1310.0</ele><time>2022-10-10T20:16:09.465Z</time></trkpt><trkpt lat="51.07341667" lon="-115.35500833"><ele>1310.0</ele><time>2022-10-10T20:16:10.465Z</time></trkpt><trkpt lat="51.073415" lon="-115.35502333"><ele>1310.0</ele><time>2022-10-10T20:16:11.465Z</time></trkpt><trkpt lat="51.07341667" lon="-115.35504"><ele>1310.0</ele><time>2022-10-10T20:16:12.465Z</time></trkpt><trkpt lat="51.07341667" lon="-115.35505667"><ele>1310.0</ele><time>2022-10-10T20:16:13.464Z</time></trkpt><trkpt lat="51.07341667" lon="-115.35507167"><ele>1310.0</ele><time>2022-10-10T20:16:14.465Z</time></trkpt><trkpt lat="51.07341833" lon="-115.35508667"><ele>1311.0</ele><time>2022-10-10T20:16:15.465Z</time></trkpt><trkpt lat="51.073415" lon="-115.3551"><ele>1311.0</ele><time>2022-10-10T20:16:16.465Z</time></trkpt><trkpt lat="51.07341667" lon="-115.355105"><ele>1311.0</ele><time>2022-10-10T20:16:17.465Z</time></trkpt><trkpt lat="51.07341333" lon="-115.35510833"><ele>1311.0</ele><time>2022-10-10T20:16:18.465Z</time></trkpt><trkpt lat="51.07341333" lon="-115.35511"><ele>1311.0</ele><time>2022-10-10T20:16:19.464Z</time></trkpt><trkpt lat="51.079245" lon="-115.36413333"><ele>1334.0</ele><time>2022-10-10T20:39:10.448Z</time></trkpt><trkpt lat="51.079255" lon="-115.36414333"><ele>1333.0</ele><time>2022-10-10T20:39:11.449Z</time></trkpt><trkpt lat="51.079265" lon="-115.36415167"><ele>1332.0</ele><time>2022-10-10T20:39:12.448Z</time></trkpt><trkpt lat="51.079275" lon="-115.36416167"><ele>1331.0</ele><time>2022-10-10T20:39:13.449Z</time></trkpt><trkpt lat="51.079285" lon="-115.36417"><ele>1330.0</ele><time>2022-10-10T20:39:14.449Z</time></trkpt><trkpt lat="51.07929667" lon="-115.36417667"><ele>1329.0</ele><time>2022-10-10T20:39:15.449Z</time></trkpt><trkpt lat="51.079305" lon="-115.364185"><ele>1329.0</ele><time>2022-10-10T20:39:16.449Z</time></trkpt><trkpt lat="51.07931333" lon="-115.364195"><ele>1329.0</ele><time>2022-10-10T20:39:17.449Z</time></trkpt><trkpt lat="51.079325" lon="-115.364205"><ele>1328.0</ele><time>2022-10-10T20:39:18.448Z</time></trkpt><trkpt lat="51.07933667" lon="-115.36421333"><ele>1328.0</ele><time>2022-10-10T20:39:19.448Z</time></trkpt><trkpt lat="51.07934833" lon="-115.36422333"><ele>1328.0</ele><time>2022-10-10T20:39:20.449Z</time></trkpt><trkpt lat="51.07935833" lon="-115.36423333"><ele>1328.0</ele><time>2022-10-10T20:39:21.449Z</time></trkpt><trkpt lat="51.07937" lon="-115.364245"><ele>1328.0</ele><time>2022-10-10T20:39:22.449Z</time></trkpt><trkpt lat="51.07938" lon="-115.36425833"><ele>1328.0</ele><time>2022-10-10T20:39:23.449Z</time></trkpt><trkpt lat="51.07939333" lon="-115.36427"><ele>1328.0</ele><time>2022-10-10T20:39:24.448Z</time></trkpt><trkpt lat="51.07940333" lon="-115.36427833"><ele>1328.0</ele><time>2022-10-10T20:39:25.448Z</time></trkpt><trkpt lat="51.07941333" lon="-115.36429"><ele>1328.0</ele><time>2022-10-10T20:39:26.449Z</time></trkpt><trkpt lat="51.07942333" lon="-115.36429667"><ele>1328.0</ele><time>2022-10-10T20:39:27.449Z</time></trkpt><trkpt lat="51.07943333" lon="-115.36430667"><ele>1329.0</ele><time>2022-10-10T20:39:28.449Z</time></trkpt><trkpt lat="51.07944167" lon="-115.364315"><ele>1329.0</ele><time>2022-10-10T20:39:29.449Z</time></trkpt><trkpt lat="51.07945" lon="-115.36432333"><ele>1329.0</ele><time>2022-10-10T20:39:30.449Z</time></trkpt><trkpt lat="51.07946167" lon="-115.364335"><ele>1329.0</ele><time>2022-10-10T20:39:31.448Z</time></trkpt><trkpt lat="51.07947833" lon="-115.36435"><ele>1329.0</ele><time>2022-10-10T20:39:32.448Z</time></trkpt><trkpt lat="51.07949" lon="-115.36435833"><ele>1329.0</ele><time>2022-10-10T20:39:33.449Z</time></trkpt><trkpt lat="51.0795" lon="-115.36437333"><ele>1330.0</ele><time>2022-10-10T20:39:34.449Z</time></trkpt><trkpt lat="51.07950833" lon="-115.364385"><ele>1330.0</ele><time>2022-10-10T20:39:35.449Z</time></trkpt><trkpt lat="51.07951667" lon="-115.36439667"><ele>1330.0</ele><time>2022-10-10T20:39:36.449Z</time></trkpt><trkpt lat="51.07952667" lon="-115.36440833"><ele>1330.0</ele><time>2022-10-10T20:39:37.448Z</time></trkpt><trkpt lat="51.079535" lon="-115.36442"><ele>1330.0</ele><time>2022-10-10T20:39:38.448Z</time></trkpt><trkpt lat="51.07954167" lon="-115.36443167"><ele>1331.0</ele><time>2022-10-10T20:39:39.449Z</time></trkpt><trkpt lat="51.07954833" lon="-115.36444333"><ele>1331.0</ele><time>2022-10-10T20:39:40.449Z</time></trkpt><trkpt lat="51.07955833" lon="-115.36445333"><ele>1331.0</ele><time>2022-10-10T20:39:41.449Z</time></trkpt><trkpt lat="51.07956167" lon="-115.36445667"><ele>1331.0</ele><time>2022-10-10T20:39:42.449Z</time></trkpt><trkpt lat="51.07957" lon="-115.36446333"><ele>1331.0</ele><time>2022-10-10T20:39:43.448Z</time></trkpt><trkpt lat="51.07958333" lon="-115.36447667"><ele>1331.0</ele><time>2022-10-10T20:39:44.448Z</time></trkpt><trkpt lat="51.07959167" lon="-115.36449333"><ele>1330.0</ele><time>2022-10-10T20:39:45.449Z</time></trkpt><trkpt lat="51.07960167" lon="-115.36450833"><ele>1330.0</ele><time>2022-10-10T20:39:46.449Z</time></trkpt><trkpt lat="51.07961167" lon="-115.364525"><ele>1329.0</ele><time>2022-10-10T20:39:47.449Z</time></trkpt><trkpt lat="51.07961833" lon="-115.36454167"><ele>1329.0</ele><time>2022-10-10T20:39:48.449Z</time></trkpt><trkpt lat="51.07962833" lon="-115.36455333"><ele>1328.0</ele><time>2022-10-10T20:39:49.449Z</time></trkpt><trkpt lat="51.079635" lon="-115.36456167"><ele>1328.0</ele><time>2022-10-10T20:39:50.448Z</time></trkpt><trkpt lat="51.07964333" lon="-115.36457167"><ele>1328.0</ele><time>2022-10-10T20:39:51.448Z</time></trkpt><trkpt lat="51.07965333" lon="-115.36457833"><ele>1328.0</ele><time>2022-10-10T20:39:52.449Z</time></trkpt><trkpt lat="51.07966333" lon="-115.36458667"><ele>1328.0</ele><time>2022-10-10T20:39:53.449Z</time></trkpt><trkpt lat="51.07967167" lon="-115.36459333"><ele>1328.0</ele><time>2022-10-10T20:39:54.449Z</time></trkpt><trkpt lat="51.07968167" lon="-115.364605"><ele>1328.0</ele><time>2022-10-10T20:39:55.448Z</time></trkpt><trkpt lat="51.07969" lon="-115.36462167"><ele>1328.0</ele><time>2022-10-10T20:39:56.449Z</time></trkpt><trkpt lat="51.07969833" lon="-115.36463667"><ele>1328.0</ele><time>2022-10-10T20:39:57.449Z</time></trkpt><trkpt lat="51.079705" lon="-115.36465"><ele>1328.0</ele><time>2022-10-10T20:39:58.449Z</time></trkpt><trkpt lat="51.079715" lon="-115.36466167"><ele>1328.0</ele><time>2022-10-10T20:39:59.449Z</time></trkpt><trkpt lat="51.07972167" lon="-115.364675"><ele>1329.0</ele><time>2022-10-10T20:40:00.449Z</time></trkpt><trkpt lat="51.07972833" lon="-115.36468167"><ele>1330.0</ele><time>2022-10-10T20:40:01.448Z</time></trkpt><trkpt lat="51.079735" lon="-115.36468833"><ele>1330.0</ele><time>2022-10-10T20:40:02.448Z</time></trkpt><trkpt lat="51.079745" lon="-115.36469833"><ele>1330.0</ele><time>2022-10-10T20:40:03.449Z</time></trkpt><trkpt lat="51.07975833" lon="-115.36471333"><ele>1330.0</ele><time>2022-10-10T20:40:04.448Z</time></trkpt><trkpt lat="51.07977167" lon="-115.36472333"><ele>1330.0</ele><time>2022-10-10T20:40:05.449Z</time></trkpt><trkpt lat="51.07978" lon="-115.36474167"><ele>1331.0</ele><time>2022-10-10T20:40:06.449Z</time></trkpt><trkpt lat="51.07979" lon="-115.36476167"><ele>1331.0</ele><time>2022-10-10T20:40:07.449Z</time></trkpt><trkpt lat="51.0798" lon="-115.36478167"><ele>1331.0</ele><time>2022-10-10T20:40:08.449Z</time></trkpt><trkpt lat="51.07980667" lon="-115.364795"><ele>1331.0</ele><time>2022-10-10T20:40:09.449Z</time></trkpt><trkpt lat="51.07982333" lon="-115.36480333"><ele>1332.0</ele><time>2022-10-10T20:40:10.449Z</time></trkpt><trkpt lat="51.07983333" lon="-115.36481667"><ele>1332.0</ele><time>2022-10-10T20:40:11.449Z</time></trkpt><trkpt lat="51.07984333" lon="-115.36483"><ele>1333.0</ele><time>2022-10-10T20:40:12.448Z</time></trkpt><trkpt lat="51.07984833" lon="-115.36484"><ele>1333.0</ele><time>2022-10-10T20:40:13.448Z</time></trkpt><trkpt lat="51.07985833" lon="-115.36485"><ele>1334.0</ele><time>2022-10-10T20:40:14.449Z</time></trkpt><trkpt lat="51.07986167" lon="-115.36486"><ele>1334.0</ele><time>2022-10-10T20:40:15.449Z</time></trkpt><trkpt lat="51.07987" lon="-115.36488"><ele>1335.0</ele><time>2022-10-10T20:40:16.449Z</time></trkpt><trkpt lat="51.07987667" lon="-115.36489833"><ele>1335.0</ele><time>2022-10-10T20:40:17.449Z</time></trkpt><trkpt lat="51.07988333" lon="-115.36492167"><ele>1336.0</ele><time>2022-10-10T20:40:18.449Z</time></trkpt><trkpt lat="51.07989" lon="-115.36494"><ele>1336.0</ele><time>2022-10-10T20:40:19.448Z</time></trkpt><trkpt lat="51.07989667" lon="-115.36495833"><ele>1336.0</ele><time>2022-10-10T20:40:20.449Z</time></trkpt><trkpt lat="51.07990333" lon="-115.36497833"><ele>1336.0</ele><time>2022-10-10T20:40:21.449Z</time></trkpt><trkpt lat="51.07991167" lon="-115.365"><ele>1336.0</ele><time>2022-10-10T20:40:22.449Z</time></trkpt><trkpt lat="51.07992" lon="-115.36501333"><ele>1336.0</ele><time>2022-10-10T20:40:23.448Z</time></trkpt><trkpt lat="51.07993" lon="-115.365025"><ele>1335.0</ele><time>2022-10-10T20:40:24.448Z</time></trkpt><trkpt lat="51.07993667" lon="-115.36503333"><ele>1334.0</ele><time>2022-10-10T20:40:25.448Z</time></trkpt><trkpt lat="51.07994333" lon="-115.365045"><ele>1333.0</ele><time>2022-10-10T20:40:26.449Z</time></trkpt><trkpt lat="51.07995" lon="-115.365055"><ele>1332.0</ele><time>2022-10-10T20:40:27.449Z</time></trkpt><trkpt lat="51.07995667" lon="-115.36506833"><ele>1331.0</ele><time>2022-10-10T20:40:28.449Z</time></trkpt><trkpt lat="51.07996333" lon="-115.36508167"><ele>1331.0</ele><time>2022-10-10T20:40:29.449Z</time></trkpt><trkpt lat="51.07997" lon="-115.36509667"><ele>1330.0</ele><time>2022-10-10T20:40:30.449Z</time></trkpt><trkpt lat="51.07997833" lon="-115.36510833"><ele>1329.0</ele><time>2022-10-10T20:40:31.449Z</time></trkpt><trkpt lat="51.07999" lon="-115.36512"><ele>1329.0</ele><time>2022-10-10T20:40:32.448Z</time></trkpt><trkpt lat="51.08" lon="-115.36513167"><ele>1328.0</ele><time>2022-10-10T20:40:33.449Z</time></trkpt><trkpt lat="51.08000833" lon="-115.36514"><ele>1327.0</ele><time>2022-10-10T20:40:34.449Z</time></trkpt><trkpt lat="51.08001667" lon="-115.36514833"><ele>1326.0</ele><time>2022-10-10T20:40:35.449Z</time></trkpt><trkpt lat="51.08002333" lon="-115.36515833"><ele>1325.0</ele><time>2022-10-10T20:40:36.448Z</time></trkpt><trkpt lat="51.08003167" lon="-115.36516833"><ele>1324.0</ele><time>2022-10-10T20:40:37.449Z</time></trkpt><trkpt lat="51.08004167" lon="-115.36517333"><ele>1324.0</ele><time>2022-10-10T20:40:38.449Z</time></trkpt><trkpt lat="51.08005167" lon="-115.36517833"><ele>1323.0</ele><time>2022-10-10T20:40:39.448Z</time></trkpt><trkpt lat="51.08006167" lon="-115.36518333"><ele>1323.0</ele><time>2022-10-10T20:40:40.449Z</time></trkpt><trkpt lat="51.08007" lon="-115.36519"><ele>1323.0</ele><time>2022-10-10T20:40:41.449Z</time></trkpt><trkpt lat="51.08008" lon="-115.365195"><ele>1323.0</ele><time>2022-10-10T20:40:42.449Z</time></trkpt><trkpt lat="51.08008833" lon="-115.36519667"><ele>1322.0</ele><time>2022-10-10T20:40:43.448Z</time></trkpt><trkpt lat="51.08009833" lon="-115.36519833"><ele>1323.0</ele><time>2022-10-10T20:40:44.449Z</time></trkpt><trkpt lat="51.08010667" lon="-115.36520667"><ele>1323.0</ele><time>2022-10-10T20:40:45.449Z</time></trkpt><trkpt lat="51.08011833" lon="-115.36521333"><ele>1323.0</ele><time>2022-10-10T20:40:46.448Z</time></trkpt><trkpt lat="51.08012667" lon="-115.36522"><ele>1323.0</ele><time>2022-10-10T20:40:47.449Z</time></trkpt><trkpt lat="51.080135" lon="-115.36522833"><ele>1323.0</ele><time>2022-10-10T20:40:48.449Z</time></trkpt><trkpt lat="51.08014333" lon="-115.365235"><ele>1323.0</ele><time>2022-10-10T20:40:49.449Z</time></trkpt><trkpt lat="51.08015167" lon="-115.365245"><ele>1324.0</ele><time>2022-10-10T20:40:50.449Z</time></trkpt><trkpt lat="51.08016" lon="-115.36525167"><ele>1325.0</ele><time>2022-10-10T20:40:51.449Z</time></trkpt><trkpt lat="51.08017" lon="-115.36525833"><ele>1325.0</ele><time>2022-10-10T20:40:52.448Z</time></trkpt><trkpt lat="51.08018" lon="-115.36526667"><ele>1326.0</ele><time>2022-10-10T20:40:53.449Z</time></trkpt><trkpt lat="51.08019333" lon="-115.36527167"><ele>1326.0</ele><time>2022-10-10T20:40:54.449Z</time></trkpt><trkpt lat="51.08020833" lon="-115.36527833"><ele>1327.0</ele><time>2022-10-10T20:40:55.449Z</time></trkpt><trkpt lat="51.08022167" lon="-115.365285"><ele>1328.0</ele><time>2022-10-10T20:40:56.449Z</time></trkpt><trkpt lat="51.08023333" lon="-115.36529333"><ele>1328.0</ele><time>2022-10-10T20:40:57.449Z</time></trkpt><trkpt lat="51.080245" lon="-115.3653"><ele>1328.0</ele><time>2022-10-10T20:40:58.448Z</time></trkpt><trkpt lat="51.08025667" lon="-115.36530167"><ele>1328.0</ele><time>2022-10-10T20:40:59.448Z</time></trkpt><trkpt lat="51.08026833" lon="-115.365305"><ele>1327.0</ele><time>2022-10-10T20:41:00.449Z</time></trkpt><trkpt lat="51.08028" lon="-115.36531"><ele>1327.0</ele><time>2022-10-10T20:41:01.448Z</time></trkpt><trkpt lat="51.08029333" lon="-115.36531667"><ele>1327.0</ele><time>2022-10-10T20:41:02.448Z</time></trkpt><trkpt lat="51.08030333" lon="-115.36532167"><ele>1326.0</ele><time>2022-10-10T20:41:03.449Z</time></trkpt><trkpt lat="51.08031833" lon="-115.365325"><ele>1326.0</ele><time>2022-10-10T20:41:04.449Z</time></trkpt><trkpt lat="51.08033333" lon="-115.365325"><ele>1326.0</ele><time>2022-10-10T20:41:05.448Z</time></trkpt><trkpt lat="51.08034833" lon="-115.36532333"><ele>1327.0</ele><time>2022-10-10T20:41:06.449Z</time></trkpt><trkpt lat="51.08036167" lon="-115.365315"><ele>1326.0</ele><time>2022-10-10T20:41:07.449Z</time></trkpt><trkpt lat="51.08037167" lon="-115.3653"><ele>1326.0</ele><time>2022-10-10T20:41:08.449Z</time></trkpt><trkpt lat="51.08037833" lon="-115.365285"><ele>1325.0</ele><time>2022-10-10T20:41:09.449Z</time></trkpt><trkpt lat="51.08038667" lon="-115.36527"><ele>1324.0</ele><time>2022-10-10T20:41:10.449Z</time></trkpt><trkpt lat="51.080395" lon="-115.36525167"><ele>1324.0</ele><time>2022-10-10T20:41:11.448Z</time></trkpt><trkpt lat="51.080405" lon="-115.36523167"><ele>1323.0</ele><time>2022-10-10T20:41:12.448Z</time></trkpt><trkpt lat="51.08041167" lon="-115.36521167"><ele>1322.0</ele><time>2022-10-10T20:41:13.449Z</time></trkpt><trkpt lat="51.08042" lon="-115.36519667"><ele>1322.0</ele><time>2022-10-10T20:41:14.448Z</time></trkpt><trkpt lat="51.080425" lon="-115.36517833"><ele>1321.0</ele><time>2022-10-10T20:41:15.449Z</time></trkpt><trkpt lat="51.08043" lon="-115.36516333"><ele>1321.0</ele><time>2022-10-10T20:41:16.448Z</time></trkpt><trkpt lat="51.080435" lon="-115.36514833"><ele>1320.0</ele><time>2022-10-10T20:41:17.449Z</time></trkpt><trkpt lat="51.08044333" lon="-115.36513167"><ele>1320.0</ele><time>2022-10-10T20:41:18.449Z</time></trkpt><trkpt lat="51.08044333" lon="-115.36510333"><ele>1320.0</ele><time>2022-10-10T20:41:19.449Z</time></trkpt><trkpt lat="51.08044333" lon="-115.365085"><ele>1319.0</ele><time>2022-10-10T20:41:20.449Z</time></trkpt><trkpt lat="51.08044833" lon="-115.365065"><ele>1318.0</ele><time>2022-10-10T20:41:21.448Z</time></trkpt><trkpt lat="51.08045" lon="-115.36504833"><ele>1318.0</ele><time>2022-10-10T20:41:22.448Z</time></trkpt><trkpt lat="51.08045667" lon="-115.36503"><ele>1317.0</ele><time>2022-10-10T20:41:23.449Z</time></trkpt><trkpt lat="51.080465" lon="-115.36501667"><ele>1316.0</ele><time>2022-10-10T20:41:24.449Z</time></trkpt><trkpt lat="51.08047667" lon="-115.36501"><ele>1316.0</ele><time>2022-10-10T20:41:25.449Z</time></trkpt><trkpt lat="51.080485" lon="-115.365005"><ele>1315.0</ele><time>2022-10-10T20:41:26.449Z</time></trkpt><trkpt lat="51.08049167" lon="-115.36500167"><ele>1315.0</ele><time>2022-10-10T20:41:27.449Z</time></trkpt><trkpt lat="51.08050167" lon="-115.36499667"><ele>1314.0</ele><time>2022-10-10T20:41:28.448Z</time></trkpt><trkpt lat="51.08051667" lon="-115.36498833"><ele>1313.0</ele><time>2022-10-10T20:41:29.448Z</time></trkpt><trkpt lat="51.08053" lon="-115.36497833"><ele>1313.0</ele><time>2022-10-10T20:41:30.449Z</time></trkpt><trkpt lat="51.08054333" lon="-115.36498667"><ele>1312.0</ele><time>2022-10-10T20:41:31.449Z</time></trkpt><trkpt lat="51.08055333" lon="-115.36498667"><ele>1312.0</ele><time>2022-10-10T20:41:32.449Z</time></trkpt><trkpt lat="51.08056167" lon="-115.36498167"><ele>1312.0</ele><time>2022-10-10T20:41:33.449Z</time></trkpt><trkpt lat="51.08057" lon="-115.36498333"><ele>1312.0</ele><time>2022-10-10T20:41:34.449Z</time></trkpt><trkpt lat="51.08058" lon="-115.364985"><ele>1312.0</ele><time>2022-10-10T20:41:35.448Z</time></trkpt><trkpt lat="51.08059333" lon="-115.36499"><ele>1313.0</ele><time>2022-10-10T20:41:36.449Z</time></trkpt><trkpt lat="51.080605" lon="-115.365"><ele>1313.0</ele><time>2022-10-10T20:41:37.449Z</time></trkpt><trkpt lat="51.08061667" lon="-115.365005"><ele>1313.0</ele><time>2022-10-10T20:41:38.449Z</time></trkpt><trkpt lat="51.08062667" lon="-115.36501167"><ele>1314.0</ele><time>2022-10-10T20:41:39.448Z</time></trkpt><trkpt lat="51.08063833" lon="-115.36501833"><ele>1314.0</ele><time>2022-10-10T20:41:40.449Z</time></trkpt><trkpt lat="51.08065" lon="-115.36502833"><ele>1314.0</ele><time>2022-10-10T20:41:41.449Z</time></trkpt><trkpt lat="51.08066" lon="-115.36503833"><ele>1315.0</ele><time>2022-10-10T20:41:42.448Z</time></trkpt><trkpt lat="51.08067" lon="-115.36504833"><ele>1315.0</ele><time>2022-10-10T20:41:43.449Z</time></trkpt><trkpt lat="51.08067667" lon="-115.36505833"><ele>1316.0</ele><time>2022-10-10T20:41:44.449Z</time></trkpt><trkpt lat="51.08068333" lon="-115.365065"><ele>1316.0</ele><time>2022-10-10T20:41:45.449Z</time></trkpt><trkpt lat="51.08069167" lon="-115.36507667"><ele>1317.0</ele><time>2022-10-10T20:41:46.449Z</time></trkpt><trkpt lat="51.08069833" lon="-115.36508333"><ele>1318.0</ele><time>2022-10-10T20:41:47.449Z</time></trkpt><trkpt lat="51.08070333" lon="-115.36509667"><ele>1318.0</ele><time>2022-10-10T20:41:48.448Z</time></trkpt><trkpt lat="51.08071167" lon="-115.36511"><ele>1319.0</ele><time>2022-10-10T20:41:49.448Z</time></trkpt><trkpt lat="51.08071667" lon="-115.36511667"><ele>1318.0</ele><time>2022-10-10T20:41:50.449Z</time></trkpt><trkpt lat="51.08072667" lon="-115.36512333"><ele>1318.0</ele><time>2022-10-10T20:41:51.449Z</time></trkpt><trkpt lat="51.08073833" lon="-115.36513333"><ele>1317.0</ele><time>2022-10-10T20:41:52.449Z</time></trkpt><trkpt lat="51.08075" lon="-115.36514333"><ele>1317.0</ele><time>2022-10-10T20:41:53.449Z</time></trkpt><trkpt lat="51.08076" lon="-115.36515333"><ele>1316.0</ele><time>2022-10-10T20:41:54.448Z</time></trkpt><trkpt lat="51.080775" lon="-115.365165"><ele>1316.0</ele><time>2022-10-10T20:41:55.448Z</time></trkpt><trkpt lat="51.08078833" lon="-115.36517833"><ele>1316.0</ele><time>2022-10-10T20:41:56.449Z</time></trkpt><trkpt lat="51.08080167" lon="-115.36519"><ele>1316.0</ele><time>2022-10-10T20:41:57.449Z</time></trkpt><trkpt lat="51.080815" lon="-115.36519667"><ele>1316.0</ele><time>2022-10-10T20:41:58.449Z</time></trkpt><trkpt lat="51.08082333" lon="-115.36521"><ele>1316.0</ele><time>2022-10-10T20:41:59.449Z</time></trkpt><trkpt lat="51.08083167" lon="-115.36522"><ele>1316.0</ele><time>2022-10-10T20:42:00.449Z</time></trkpt><trkpt lat="51.08084167" lon="-115.36522833"><ele>1316.0</ele><time>2022-10-10T20:42:01.448Z</time></trkpt><trkpt lat="51.080855" lon="-115.36524"><ele>1316.0</ele><time>2022-10-10T20:42:02.449Z</time></trkpt><trkpt lat="51.08086667" lon="-115.36525167"><ele>1316.0</ele><time>2022-10-10T20:42:03.449Z</time></trkpt><trkpt lat="51.080875" lon="-115.36526"><ele>1317.0</ele><time>2022-10-10T20:42:04.449Z</time></trkpt><trkpt lat="51.08088833" lon="-115.36526667"><ele>1317.0</ele><time>2022-10-10T20:42:05.449Z</time></trkpt><trkpt lat="51.08089333" lon="-115.36528333"><ele>1318.0</ele><time>2022-10-10T20:42:06.449Z</time></trkpt><trkpt lat="51.080905" lon="-115.365295"><ele>1318.0</ele><time>2022-10-10T20:42:07.449Z</time></trkpt><trkpt lat="51.08091833" lon="-115.36530833"><ele>1319.0</ele><time>2022-10-10T20:42:08.448Z</time></trkpt><trkpt lat="51.08093" lon="-115.365325"><ele>1319.0</ele><time>2022-10-10T20:42:09.449Z</time></trkpt><trkpt lat="51.080945" lon="-115.36533667"><ele>1319.0</ele><time>2022-10-10T20:42:10.449Z</time></trkpt><trkpt lat="51.08095667" lon="-115.36534"><ele>1320.0</ele><time>2022-10-10T20:42:11.448Z</time></trkpt><trkpt lat="51.08096333" lon="-115.36534667"><ele>1320.0</ele><time>2022-10-10T20:42:12.449Z</time></trkpt><trkpt lat="51.08097167" lon="-115.365355"><ele>1320.0</ele><time>2022-10-10T20:42:13.449Z</time></trkpt><trkpt lat="51.08098333" lon="-115.36536167"><ele>1320.0</ele><time>2022-10-10T20:42:14.448Z</time></trkpt><trkpt lat="51.08099833" lon="-115.36537"><ele>1321.0</ele><time>2022-10-10T20:42:15.449Z</time></trkpt><trkpt lat="51.08101" lon="-115.36538167"><ele>1321.0</ele><time>2022-10-10T20:42:16.449Z</time></trkpt><trkpt lat="51.08102167" lon="-115.365395"><ele>1322.0</ele><time>2022-10-10T20:42:17.449Z</time></trkpt><trkpt lat="51.08103" lon="-115.36540667"><ele>1322.0</ele><time>2022-10-10T20:42:18.449Z</time></trkpt><trkpt lat="51.08104" lon="-115.365415"><ele>1323.0</ele><time>2022-10-10T20:42:19.449Z</time></trkpt><trkpt lat="51.08105" lon="-115.36542667"><ele>1323.0</ele><time>2022-10-10T20:42:20.448Z</time></trkpt><trkpt lat="51.08105833" lon="-115.36544333"><ele>1323.0</ele><time>2022-10-10T20:42:21.448Z</time></trkpt><trkpt lat="51.08107" lon="-115.36545667"><ele>1324.0</ele><time>2022-10-10T20:42:22.449Z</time></trkpt><trkpt lat="51.081085" lon="-115.36546833"><ele>1324.0</ele><time>2022-10-10T20:42:23.449Z</time></trkpt><trkpt lat="51.08109333" lon="-115.365475"><ele>1325.0</ele><time>2022-10-10T20:42:24.449Z</time></trkpt><trkpt lat="51.08109667" lon="-115.36548667"><ele>1325.0</ele><time>2022-10-10T20:42:25.449Z</time></trkpt><trkpt lat="51.08110167" lon="-115.36549667"><ele>1325.0</ele><time>2022-10-10T20:42:26.448Z</time></trkpt><trkpt lat="51.08111" lon="-115.36550667"><ele>1325.0</ele><time>2022-10-10T20:42:27.449Z</time></trkpt><trkpt lat="51.08112167" lon="-115.36550667"><ele>1325.0</ele><time>2022-10-10T20:42:28.449Z</time></trkpt><trkpt lat="51.08113333" lon="-115.36551"><ele>1325.0</ele><time>2022-10-10T20:42:29.449Z</time></trkpt><trkpt lat="51.081145" lon="-115.365515"><ele>1325.0</ele><time>2022-10-10T20:42:30.448Z</time></trkpt><trkpt lat="51.08115667" lon="-115.365525"><ele>1325.0</ele><time>2022-10-10T20:42:31.449Z</time></trkpt><trkpt lat="51.08116833" lon="-115.36553333"><ele>1325.0</ele><time>2022-10-10T20:42:32.449Z</time></trkpt><trkpt lat="51.08118" lon="-115.36554167"><ele>1324.0</ele><time>2022-10-10T20:42:33.449Z</time></trkpt><trkpt lat="51.08118833" lon="-115.36554833"><ele>1323.0</ele><time>2022-10-10T20:42:34.449Z</time></trkpt><trkpt lat="51.0812" lon="-115.36555667"><ele>1322.0</ele><time>2022-10-10T20:42:35.449Z</time></trkpt><trkpt lat="51.08120833" lon="-115.36556333"><ele>1321.0</ele><time>2022-10-10T20:42:36.448Z</time></trkpt><trkpt lat="51.08122" lon="-115.36557167"><ele>1320.0</ele><time>2022-10-10T20:42:37.449Z</time></trkpt><trkpt lat="51.08123333" lon="-115.36558667"><ele>1319.0</ele><time>2022-10-10T20:42:38.449Z</time></trkpt><trkpt lat="51.08124667" lon="-115.365595"><ele>1318.0</ele><time>2022-10-10T20:42:39.448Z</time></trkpt><trkpt lat="51.08125833" lon="-115.36560333"><ele>1317.0</ele><time>2022-10-10T20:42:40.449Z</time></trkpt><trkpt lat="51.081265" lon="-115.36561"><ele>1316.0</ele><time>2022-10-10T20:42:41.449Z</time></trkpt><trkpt lat="51.081275" lon="-115.365615"><ele>1315.0</ele><time>2022-10-10T20:42:42.449Z</time></trkpt><trkpt lat="51.08128333" lon="-115.36562"><ele>1314.0</ele><time>2022-10-10T20:42:43.449Z</time></trkpt><trkpt lat="51.08129167" lon="-115.36562333"><ele>1313.0</ele><time>2022-10-10T20:42:44.448Z</time></trkpt><trkpt lat="51.08130167" lon="-115.36563"><ele>1313.0</ele><time>2022-10-10T20:42:45.448Z</time></trkpt><trkpt lat="51.08130833" lon="-115.36563333"><ele>1312.0</ele><time>2022-10-10T20:42:46.448Z</time></trkpt><trkpt lat="51.08132" lon="-115.36563833"><ele>1312.0</ele><time>2022-10-10T20:42:47.448Z</time></trkpt><trkpt lat="51.08133167" lon="-115.36564667"><ele>1312.0</ele><time>2022-10-10T20:42:48.448Z</time></trkpt><trkpt lat="51.08133667" lon="-115.365655"><ele>1312.0</ele><time>2022-10-10T20:42:49.448Z</time></trkpt><trkpt lat="51.08134667" lon="-115.365665"><ele>1312.0</ele><time>2022-10-10T20:42:50.448Z</time></trkpt><trkpt lat="51.08136167" lon="-115.36567667"><ele>1312.0</ele><time>2022-10-10T20:42:51.449Z</time></trkpt><trkpt lat="51.08137833" lon="-115.36569"><ele>1311.0</ele><time>2022-10-10T20:42:52.448Z</time></trkpt><trkpt lat="51.08139" lon="-115.36569667"><ele>1310.0</ele><time>2022-10-10T20:42:53.448Z</time></trkpt><trkpt lat="51.0814" lon="-115.36569833"><ele>1310.0</ele><time>2022-10-10T20:42:54.448Z</time></trkpt><trkpt lat="51.08141" lon="-115.3657"><ele>1309.0</ele><time>2022-10-10T20:42:55.448Z</time></trkpt><trkpt lat="51.08142167" lon="-115.365705"><ele>1308.0</ele><time>2022-10-10T20:42:56.449Z</time></trkpt><trkpt lat="51.08144" lon="-115.36571833"><ele>1308.0</ele><time>2022-10-10T20:42:57.448Z</time></trkpt><trkpt lat="51.08144833" lon="-115.36571667"><ele>1309.0</ele><time>2022-10-10T20:42:58.449Z</time></trkpt><trkpt lat="51.08145" lon="-115.365705"><ele>1309.0</ele><time>2022-10-10T20:42:59.449Z</time></trkpt><trkpt lat="51.08146167" lon="-115.36570333"><ele>1309.0</ele><time>2022-10-10T20:43:00.449Z</time></trkpt><trkpt lat="51.081475" lon="-115.36571167"><ele>1309.0</ele><time>2022-10-10T20:43:01.448Z</time></trkpt><trkpt lat="51.08148667" lon="-115.36571667"><ele>1309.0</ele><time>2022-10-10T20:43:02.448Z</time></trkpt><trkpt lat="51.0815" lon="-115.36572167"><ele>1309.0</ele><time>2022-10-10T20:43:03.449Z</time></trkpt><trkpt lat="51.08151" lon="-115.36572167"><ele>1309.0</ele><time>2022-10-10T20:43:04.449Z</time></trkpt><trkpt lat="51.08151833" lon="-115.36572667"><ele>1310.0</ele><time>2022-10-10T20:43:05.449Z</time></trkpt><trkpt lat="51.08153167" lon="-115.36573167"><ele>1311.0</ele><time>2022-10-10T20:43:06.449Z</time></trkpt><trkpt lat="51.08154333" lon="-115.36573333"><ele>1311.0</ele><time>2022-10-10T20:43:07.449Z</time></trkpt><trkpt lat="51.081555" lon="-115.36573167"><ele>1312.0</ele><time>2022-10-10T20:43:08.448Z</time></trkpt><trkpt lat="51.08156333" lon="-115.36573"><ele>1312.0</ele><time>2022-10-10T20:43:09.449Z</time></trkpt><trkpt lat="51.08157333" lon="-115.36573"><ele>1313.0</ele><time>2022-10-10T20:43:10.449Z</time></trkpt><trkpt lat="51.081585" lon="-115.36573"><ele>1314.0</ele><time>2022-10-10T20:43:11.449Z</time></trkpt><trkpt lat="51.081595" lon="-115.36573167"><ele>1315.0</ele><time>2022-10-10T20:43:12.449Z</time></trkpt><trkpt lat="51.08160833" lon="-115.36573167"><ele>1316.0</ele><time>2022-10-10T20:43:13.449Z</time></trkpt><trkpt lat="51.08162" lon="-115.36573"><ele>1317.0</ele><time>2022-10-10T20:43:14.448Z</time></trkpt><trkpt lat="51.08163" lon="-115.36572667"><ele>1318.0</ele><time>2022-10-10T20:43:15.448Z</time></trkpt><trkpt lat="51.08164167" lon="-115.365725"><ele>1318.0</ele><time>2022-10-10T20:43:16.449Z</time></trkpt><trkpt lat="51.08165333" lon="-115.36572333"><ele>1319.0</ele><time>2022-10-10T20:43:17.449Z</time></trkpt><trkpt lat="51.08166667" lon="-115.36572167"><ele>1320.0</ele><time>2022-10-10T20:43:18.449Z</time></trkpt><trkpt lat="51.08168" lon="-115.36572167"><ele>1320.0</ele><time>2022-10-10T20:43:19.449Z</time></trkpt><trkpt lat="51.08169" lon="-115.36572167"><ele>1320.0</ele><time>2022-10-10T20:43:20.448Z</time></trkpt><trkpt lat="51.08170333" lon="-115.36572167"><ele>1321.0</ele><time>2022-10-10T20:43:21.448Z</time></trkpt><trkpt lat="51.081715" lon="-115.36572167"><ele>1321.0</ele><time>2022-10-10T20:43:22.449Z</time></trkpt><trkpt lat="51.081725" lon="-115.36572333"><ele>1321.0</ele><time>2022-10-10T20:43:23.449Z</time></trkpt><trkpt lat="51.08173667" lon="-115.36572333"><ele>1320.0</ele><time>2022-10-10T20:43:24.449Z</time></trkpt><trkpt lat="51.08174667" lon="-115.36572167"><ele>1320.0</ele><time>2022-10-10T20:43:25.449Z</time></trkpt><trkpt lat="51.081755" lon="-115.36571667"><ele>1320.0</ele><time>2022-10-10T20:43:26.448Z</time></trkpt><trkpt lat="51.081765" lon="-115.36571333"><ele>1320.0</ele><time>2022-10-10T20:43:27.448Z</time></trkpt><trkpt lat="51.08177333" lon="-115.36570667"><ele>1320.0</ele><time>2022-10-10T20:43:28.448Z</time></trkpt><trkpt lat="51.08178167" lon="-115.3657"><ele>1319.0</ele><time>2022-10-10T20:43:29.449Z</time></trkpt><trkpt lat="51.081795" lon="-115.36569667"><ele>1318.0</ele><time>2022-10-10T20:43:30.449Z</time></trkpt><trkpt lat="51.08180833" lon="-115.36569333"><ele>1318.0</ele><time>2022-10-10T20:43:31.449Z</time></trkpt><trkpt lat="51.08182167" lon="-115.365695"><ele>1318.0</ele><time>2022-10-10T20:43:32.449Z</time></trkpt><trkpt lat="51.081835" lon="-115.36569667"><ele>1317.0</ele><time>2022-10-10T20:43:33.449Z</time></trkpt><trkpt lat="51.08185" lon="-115.36569833"><ele>1317.0</ele><time>2022-10-10T20:43:34.448Z</time></trkpt><trkpt lat="51.08186167" lon="-115.3657"><ele>1316.0</ele><time>2022-10-10T20:43:35.449Z</time></trkpt><trkpt lat="51.08187" lon="-115.36569833"><ele>1316.0</ele><time>2022-10-10T20:43:36.449Z</time></trkpt><trkpt lat="51.08187833" lon="-115.36569333"><ele>1315.0</ele><time>2022-10-10T20:43:37.449Z</time></trkpt><trkpt lat="51.08188833" lon="-115.36569"><ele>1315.0</ele><time>2022-10-10T20:43:38.449Z</time></trkpt><trkpt lat="51.0819" lon="-115.36568833"><ele>1315.0</ele><time>2022-10-10T20:43:39.448Z</time></trkpt><trkpt lat="51.081915" lon="-115.36569167"><ele>1314.0</ele><time>2022-10-10T20:43:40.448Z</time></trkpt><trkpt lat="51.08192667" lon="-115.365685"><ele>1314.0</ele><time>2022-10-10T20:43:41.449Z</time></trkpt><trkpt lat="51.08194" lon="-115.36567833"><ele>1313.0</ele><time>2022-10-10T20:43:42.449Z</time></trkpt><trkpt lat="51.08195333" lon="-115.365675"><ele>1312.0</ele><time>2022-10-10T20:43:43.449Z</time></trkpt><trkpt lat="51.08196667" lon="-115.36567667"><ele>1312.0</ele><time>2022-10-10T20:43:44.449Z</time></trkpt><trkpt lat="51.08197667" lon="-115.36568"><ele>1312.0</ele><time>2022-10-10T20:43:45.449Z</time></trkpt><trkpt lat="51.08198667" lon="-115.36567667"><ele>1311.0</ele><time>2022-10-10T20:43:46.448Z</time></trkpt><trkpt lat="51.08199167" lon="-115.36567667"><ele>1311.0</ele><time>2022-10-10T20:43:47.449Z</time></trkpt><trkpt lat="51.08200667" lon="-115.36567167"><ele>1311.0</ele><time>2022-10-10T20:43:48.448Z</time></trkpt><trkpt lat="51.08201333" lon="-115.36568167"><ele>1312.0</ele><time>2022-10-10T20:43:49.449Z</time></trkpt><trkpt lat="51.08201333" lon="-115.36569167"><ele>1312.0</ele><time>2022-10-10T20:43:50.449Z</time></trkpt><trkpt lat="51.08201" lon="-115.3657"><ele>1312.0</ele><time>2022-10-10T20:43:51.449Z</time></trkpt><trkpt lat="51.082005" lon="-115.36570667"><ele>1312.0</ele><time>2022-10-10T20:43:52.449Z</time></trkpt><trkpt lat="51.08200167" lon="-115.36572167"><ele>1312.0</ele><time>2022-10-10T20:43:53.448Z</time></trkpt><trkpt lat="51.08199667" lon="-115.36572667"><ele>1311.0</ele><time>2022-10-10T20:43:54.448Z</time></trkpt><trkpt lat="51.08199" lon="-115.36573833"><ele>1311.0</ele><time>2022-10-10T20:43:55.449Z</time></trkpt><trkpt lat="51.08198667" lon="-115.365745"><ele>1310.0</ele><time>2022-10-10T20:43:56.449Z</time></trkpt><trkpt lat="51.08198667" lon="-115.365755"><ele>1310.0</ele><time>2022-10-10T20:43:57.449Z</time></trkpt><trkpt lat="51.08198833" lon="-115.36576167"><ele>1310.0</ele><time>2022-10-10T20:43:58.449Z</time></trkpt><trkpt lat="51.08199" lon="-115.36576667"><ele>1310.0</ele><time>2022-10-10T20:43:59.448Z</time></trkpt><trkpt lat="51.081995" lon="-115.36576833"><ele>1310.0</ele><time>2022-10-10T20:44:00.448Z</time></trkpt><trkpt lat="51.08199833" lon="-115.36577167"><ele>1311.0</ele><time>2022-10-10T20:44:01.449Z</time></trkpt><trkpt lat="51.08199833" lon="-115.36577333"><ele>1312.0</ele><time>2022-10-10T20:44:02.449Z</time></trkpt><trkpt lat="51.082005" lon="-115.36578667"><ele>1312.0</ele><time>2022-10-10T20:44:03.449Z</time></trkpt><trkpt lat="51.082005" lon="-115.36578"><ele>1313.0</ele><time>2022-10-10T20:44:04.448Z</time></trkpt><trkpt lat="51.08200833" lon="-115.36577"><ele>1313.0</ele><time>2022-10-10T20:44:05.449Z</time></trkpt><trkpt lat="51.08201333" lon="-115.365755"><ele>1314.0</ele><time>2022-10-10T20:44:06.448Z</time></trkpt><trkpt lat="51.08202" lon="-115.36574333"><ele>1314.0</ele><time>2022-10-10T20:44:07.449Z</time></trkpt><trkpt lat="51.08202667" lon="-115.36573167"><ele>1314.0</ele><time>2022-10-10T20:44:08.449Z</time></trkpt><trkpt lat="51.08203333" lon="-115.36572667"><ele>1314.0</ele><time>2022-10-10T20:44:09.449Z</time></trkpt><trkpt lat="51.08204167" lon="-115.36571833"><ele>1315.0</ele><time>2022-10-10T20:44:10.449Z</time></trkpt><trkpt lat="51.08205" lon="-115.36571833"><ele>1315.0</ele><time>2022-10-10T20:44:11.449Z</time></trkpt><trkpt lat="51.08205833" lon="-115.36572"><ele>1316.0</ele><time>2022-10-10T20:44:12.448Z</time></trkpt><trkpt lat="51.082065" lon="-115.36571333"><ele>1316.0</ele><time>2022-10-10T20:44:13.448Z</time></trkpt><trkpt lat="51.08207333" lon="-115.365705"><ele>1317.0</ele><time>2022-10-10T20:44:14.448Z</time></trkpt><trkpt lat="51.08208167" lon="-115.3657"><ele>1317.0</ele><time>2022-10-10T20:44:15.449Z</time></trkpt><trkpt lat="51.08209333" lon="-115.36569167"><ele>1317.0</ele><time>2022-10-10T20:44:16.449Z</time></trkpt><trkpt lat="51.08209667" lon="-115.36568333"><ele>1317.0</ele><time>2022-10-10T20:44:17.449Z</time></trkpt><trkpt lat="51.0821" lon="-115.36568"><ele>1316.0</ele><time>2022-10-10T20:44:18.449Z</time></trkpt><trkpt lat="51.082105" lon="-115.36567833"><ele>1316.0</ele><time>2022-10-10T20:44:19.449Z</time></trkpt><trkpt lat="51.08211167" lon="-115.36567333"><ele>1316.0</ele><time>2022-10-10T20:44:20.449Z</time></trkpt><trkpt lat="51.08211833" lon="-115.36567"><ele>1316.0</ele><time>2022-10-10T20:44:21.448Z</time></trkpt><trkpt lat="51.08212" lon="-115.36567"><ele>1316.0</ele><time>2022-10-10T20:44:22.448Z</time></trkpt><trkpt lat="51.08212167" lon="-115.36567167"><ele>1316.0</ele><time>2022-10-10T20:44:23.449Z</time></trkpt><trkpt lat="51.08212167" lon="-115.365675"><ele>1315.0</ele><time>2022-10-10T20:44:24.449Z</time></trkpt><trkpt lat="51.08212" lon="-115.36567833"><ele>1315.0</ele><time>2022-10-10T20:44:25.449Z</time></trkpt><trkpt lat="51.08212167" lon="-115.36568167"><ele>1315.0</ele><time>2022-10-10T20:44:26.449Z</time></trkpt><trkpt lat="51.08212167" lon="-115.36568"><ele>1314.0</ele><time>2022-10-10T20:44:27.449Z</time></trkpt><trkpt lat="51.08212333" lon="-115.36568167"><ele>1314.0</ele><time>2022-10-10T20:44:28.448Z</time></trkpt><trkpt lat="51.08212333" lon="-115.36568667"><ele>1313.0</ele><time>2022-10-10T20:44:29.449Z</time></trkpt><trkpt lat="51.082125" lon="-115.36568667"><ele>1313.0</ele><time>2022-10-10T20:44:30.449Z</time></trkpt><trkpt lat="51.08213333" lon="-115.36569"><ele>1314.0</ele><time>2022-10-10T20:44:31.449Z</time></trkpt><trkpt lat="51.08214" lon="-115.36569833"><ele>1314.0</ele><time>2022-10-10T20:44:32.449Z</time></trkpt><trkpt lat="51.08214" lon="-115.36570167"><ele>1314.0</ele><time>2022-10-10T20:44:33.448Z</time></trkpt><trkpt lat="51.08214167" lon="-115.36570333"><ele>1315.0</ele><time>2022-10-10T20:44:34.448Z</time></trkpt><trkpt lat="51.08214167" lon="-115.365695"><ele>1316.0</ele><time>2022-10-10T20:44:35.449Z</time></trkpt><trkpt lat="51.082145" lon="-115.36568667"><ele>1316.0</ele><time>2022-10-10T20:44:36.449Z</time></trkpt><trkpt lat="51.08215" lon="-115.365675"><ele>1316.0</ele><time>2022-10-10T20:44:37.449Z</time></trkpt><trkpt lat="51.082155" lon="-115.36567167"><ele>1317.0</ele><time>2022-10-10T20:44:38.449Z</time></trkpt><trkpt lat="51.08215833" lon="-115.365665"><ele>1317.0</ele><time>2022-10-10T20:44:39.449Z</time></trkpt><trkpt lat="51.08216833" lon="-115.36566"><ele>1318.0</ele><time>2022-10-10T20:44:40.449Z</time></trkpt><trkpt lat="51.08217667" lon="-115.36565833"><ele>1318.0</ele><time>2022-10-10T20:44:41.448Z</time></trkpt><trkpt lat="51.08219333" lon="-115.36565"><ele>1318.0</ele><time>2022-10-10T20:44:42.449Z</time></trkpt><trkpt lat="51.08220667" lon="-115.365645"><ele>1318.0</ele><time>2022-10-10T20:44:43.449Z</time></trkpt><trkpt lat="51.08221833" lon="-115.36563833"><ele>1318.0</ele><time>2022-10-10T20:44:44.449Z</time></trkpt><trkpt lat="51.08222333" lon="-115.36562833"><ele>1318.0</ele><time>2022-10-10T20:44:45.449Z</time></trkpt><trkpt lat="51.08223333" lon="-115.36562333"><ele>1318.0</ele><time>2022-10-10T20:44:46.449Z</time></trkpt><trkpt lat="51.08224333" lon="-115.365615"><ele>1317.0</ele><time>2022-10-10T20:44:47.448Z</time></trkpt><trkpt lat="51.08225667" lon="-115.36560833"><ele>1317.0</ele><time>2022-10-10T20:44:48.449Z</time></trkpt><trkpt lat="51.08227333" lon="-115.36560333"><ele>1316.0</ele><time>2022-10-10T20:44:49.449Z</time></trkpt><trkpt lat="51.08229333" lon="-115.365605"><ele>1316.0</ele><time>2022-10-10T20:44:50.449Z</time></trkpt><trkpt lat="51.082305" lon="-115.3656"><ele>1315.0</ele><time>2022-10-10T20:44:51.449Z</time></trkpt><trkpt lat="51.08231" lon="-115.365595"><ele>1315.0</ele><time>2022-10-10T20:44:52.448Z</time></trkpt><trkpt lat="51.08232" lon="-115.36559167"><ele>1315.0</ele><time>2022-10-10T20:44:53.449Z</time></trkpt><trkpt lat="51.08233167" lon="-115.36558667"><ele>1314.0</ele><time>2022-10-10T20:44:54.448Z</time></trkpt><trkpt lat="51.08234" lon="-115.36557833"><ele>1314.0</ele><time>2022-10-10T20:44:55.448Z</time></trkpt><trkpt lat="51.08235667" lon="-115.36556833"><ele>1313.0</ele><time>2022-10-10T20:44:56.448Z</time></trkpt><trkpt lat="51.08236667" lon="-115.36556"><ele>1313.0</ele><time>2022-10-10T20:44:57.448Z</time></trkpt><trkpt lat="51.08237833" lon="-115.36555833"><ele>1313.0</ele><time>2022-10-10T20:44:58.449Z</time></trkpt><trkpt lat="51.08238833" lon="-115.365555"><ele>1312.0</ele><time>2022-10-10T20:44:59.449Z</time></trkpt><trkpt lat="51.08239667" lon="-115.36555"><ele>1312.0</ele><time>2022-10-10T20:45:00.449Z</time></trkpt><trkpt lat="51.08240667" lon="-115.365545"><ele>1312.0</ele><time>2022-10-10T20:45:01.448Z</time></trkpt><trkpt lat="51.082415" lon="-115.36553833"><ele>1311.0</ele><time>2022-10-10T20:45:02.449Z</time></trkpt><trkpt lat="51.08242333" lon="-115.36553167"><ele>1311.0</ele><time>2022-10-10T20:45:03.448Z</time></trkpt><trkpt lat="51.08243167" lon="-115.365525"><ele>1311.0</ele><time>2022-10-10T20:45:04.449Z</time></trkpt><trkpt lat="51.08244667" lon="-115.36553"><ele>1311.0</ele><time>2022-10-10T20:45:05.449Z</time></trkpt><trkpt lat="51.082455" lon="-115.36553333"><ele>1311.0</ele><time>2022-10-10T20:45:06.448Z</time></trkpt><trkpt lat="51.08246167" lon="-115.365525"><ele>1311.0</ele><time>2022-10-10T20:45:07.449Z</time></trkpt><trkpt lat="51.08246833" lon="-115.365515"><ele>1311.0</ele><time>2022-10-10T20:45:08.449Z</time></trkpt><trkpt lat="51.08247667" lon="-115.36551167"><ele>1311.0</ele><time>2022-10-10T20:45:09.448Z</time></trkpt><trkpt lat="51.08248667" lon="-115.36551167"><ele>1311.0</ele><time>2022-10-10T20:45:10.449Z</time></trkpt><trkpt lat="51.08250167" lon="-115.36550667"><ele>1312.0</ele><time>2022-10-10T20:45:11.449Z</time></trkpt><trkpt lat="51.08251333" lon="-115.36550667"><ele>1312.0</ele><time>2022-10-10T20:45:12.449Z</time></trkpt><trkpt lat="51.08252333" lon="-115.36550667"><ele>1312.0</ele><time>2022-10-10T20:45:13.449Z</time></trkpt><trkpt lat="51.082535" lon="-115.36550333"><ele>1313.0</ele><time>2022-10-10T20:45:14.448Z</time></trkpt><trkpt lat="51.08254167" lon="-115.3655"><ele>1313.0</ele><time>2022-10-10T20:45:15.448Z</time></trkpt><trkpt lat="51.08254833" lon="-115.365495"><ele>1313.0</ele><time>2022-10-10T20:45:16.449Z</time></trkpt><trkpt lat="51.08256167" lon="-115.36549167"><ele>1313.0</ele><time>2022-10-10T20:45:17.449Z</time></trkpt><trkpt lat="51.082575" lon="-115.36548667"><ele>1313.0</ele><time>2022-10-10T20:45:18.449Z</time></trkpt><trkpt lat="51.08258667" lon="-115.36548333"><ele>1313.0</ele><time>2022-10-10T20:45:19.449Z</time></trkpt><trkpt lat="51.082595" lon="-115.36548"><ele>1313.0</ele><time>2022-10-10T20:45:20.449Z</time></trkpt><trkpt lat="51.08260833" lon="-115.36548"><ele>1314.0</ele><time>2022-10-10T20:45:21.448Z</time></trkpt><trkpt lat="51.08261333" lon="-115.36547833"><ele>1314.0</ele><time>2022-10-10T20:45:22.449Z</time></trkpt><trkpt lat="51.082625" lon="-115.36546667"><ele>1315.0</ele><time>2022-10-10T20:45:23.449Z</time></trkpt><trkpt lat="51.082635" lon="-115.36545833"><ele>1315.0</ele><time>2022-10-10T20:45:24.449Z</time></trkpt><trkpt lat="51.08264333" lon="-115.36544833"><ele>1315.0</ele><time>2022-10-10T20:45:25.448Z</time></trkpt><trkpt lat="51.08265167" lon="-115.36544167"><ele>1316.0</ele><time>2022-10-10T20:45:26.449Z</time></trkpt><trkpt lat="51.08266333" lon="-115.36543333"><ele>1316.0</ele><time>2022-10-10T20:45:27.449Z</time></trkpt><trkpt lat="51.082675" lon="-115.36542833"><ele>1315.0</ele><time>2022-10-10T20:45:28.449Z</time></trkpt><trkpt lat="51.082685" lon="-115.36542333"><ele>1315.0</ele><time>2022-10-10T20:45:29.449Z</time></trkpt><trkpt lat="51.082695" lon="-115.36542333"><ele>1315.0</ele><time>2022-10-10T20:45:30.448Z</time></trkpt><trkpt lat="51.08270333" lon="-115.36542667"><ele>1315.0</ele><time>2022-10-10T20:45:31.449Z</time></trkpt><trkpt lat="51.08271167" lon="-115.36542833"><ele>1315.0</ele><time>2022-10-10T20:45:32.449Z</time></trkpt><trkpt lat="51.08272167" lon="-115.36542667"><ele>1315.0</ele><time>2022-10-10T20:45:33.448Z</time></trkpt><trkpt lat="51.08273" lon="-115.36542333"><ele>1315.0</ele><time>2022-10-10T20:45:34.448Z</time></trkpt><trkpt lat="51.08273833" lon="-115.365415"><ele>1316.0</ele><time>2022-10-10T20:45:35.448Z</time></trkpt><trkpt lat="51.08274833" lon="-115.36540167"><ele>1316.0</ele><time>2022-10-10T20:45:36.448Z</time></trkpt><trkpt lat="51.08275833" lon="-115.36538333"><ele>1317.0</ele><time>2022-10-10T20:45:37.448Z</time></trkpt><trkpt lat="51.08277333" lon="-115.365365"><ele>1317.0</ele><time>2022-10-10T20:45:38.448Z</time></trkpt><trkpt lat="51.08278333" lon="-115.36535333"><ele>1317.0</ele><time>2022-10-10T20:45:39.448Z</time></trkpt><trkpt lat="51.08280167" lon="-115.36534833"><ele>1317.0</ele><time>2022-10-10T20:45:40.449Z</time></trkpt><trkpt lat="51.08281667" lon="-115.36534833"><ele>1317.0</ele><time>2022-10-10T20:45:41.449Z</time></trkpt><trkpt lat="51.08283" lon="-115.36535"><ele>1317.0</ele><time>2022-10-10T20:45:42.448Z</time></trkpt><trkpt lat="51.08284167" lon="-115.36534833"><ele>1317.0</ele><time>2022-10-10T20:45:43.449Z</time></trkpt><trkpt lat="51.08285" lon="-115.365345"><ele>1317.0</ele><time>2022-10-10T20:45:44.449Z</time></trkpt><trkpt lat="51.082855" lon="-115.36533667"><ele>1317.0</ele><time>2022-10-10T20:45:45.449Z</time></trkpt><trkpt lat="51.08286167" lon="-115.36532667"><ele>1318.0</ele><time>2022-10-10T20:45:46.449Z</time></trkpt><trkpt lat="51.08287167" lon="-115.36531833"><ele>1318.0</ele><time>2022-10-10T20:45:47.448Z</time></trkpt><trkpt lat="51.08288333" lon="-115.36531167"><ele>1319.0</ele><time>2022-10-10T20:45:48.449Z</time></trkpt><trkpt lat="51.08289333" lon="-115.36530333"><ele>1319.0</ele><time>2022-10-10T20:45:49.449Z</time></trkpt><trkpt lat="51.08290667" lon="-115.36529667"><ele>1319.0</ele><time>2022-10-10T20:45:50.449Z</time></trkpt><trkpt lat="51.08292" lon="-115.36528833"><ele>1319.0</ele><time>2022-10-10T20:45:51.448Z</time></trkpt><trkpt lat="51.08292833" lon="-115.365285"><ele>1319.0</ele><time>2022-10-10T20:45:52.449Z</time></trkpt><trkpt lat="51.08293833" lon="-115.36528333"><ele>1319.0</ele><time>2022-10-10T20:45:53.449Z</time></trkpt><trkpt lat="51.08294667" lon="-115.36528167"><ele>1320.0</ele><time>2022-10-10T20:45:54.448Z</time></trkpt><trkpt lat="51.082955" lon="-115.36527833"><ele>1320.0</ele><time>2022-10-10T20:45:55.449Z</time></trkpt><trkpt lat="51.08296333" lon="-115.36527167"><ele>1320.0</ele><time>2022-10-10T20:45:56.449Z</time></trkpt><trkpt lat="51.08297" lon="-115.36526"><ele>1321.0</ele><time>2022-10-10T20:45:57.449Z</time></trkpt><trkpt lat="51.082975" lon="-115.36525"><ele>1322.0</ele><time>2022-10-10T20:45:58.449Z</time></trkpt><trkpt lat="51.08298167" lon="-115.36524167"><ele>1323.0</ele><time>2022-10-10T20:45:59.449Z</time></trkpt><trkpt lat="51.08299" lon="-115.365235"><ele>1323.0</ele><time>2022-10-10T20:46:00.449Z</time></trkpt><trkpt lat="51.08300167" lon="-115.365225"><ele>1323.0</ele><time>2022-10-10T20:46:01.449Z</time></trkpt><trkpt lat="51.08301167" lon="-115.365215"><ele>1323.0</ele><time>2022-10-10T20:46:02.449Z</time></trkpt><trkpt lat="51.08302333" lon="-115.36520667"><ele>1323.0</ele><time>2022-10-10T20:46:03.449Z</time></trkpt><trkpt lat="51.08303333" lon="-115.36519667"><ele>1322.0</ele><time>2022-10-10T20:46:04.449Z</time></trkpt><trkpt lat="51.08304167" lon="-115.365185"><ele>1322.0</ele><time>2022-10-10T20:46:05.449Z</time></trkpt><trkpt lat="51.08305333" lon="-115.365175"><ele>1322.0</ele><time>2022-10-10T20:46:06.449Z</time></trkpt><trkpt lat="51.08306833" lon="-115.36516667"><ele>1321.0</ele><time>2022-10-10T20:46:07.449Z</time></trkpt><trkpt lat="51.08307833" lon="-115.36516167"><ele>1321.0</ele><time>2022-10-10T20:46:08.448Z</time></trkpt><trkpt lat="51.08309333" lon="-115.36515833"><ele>1321.0</ele><time>2022-10-10T20:46:09.449Z</time></trkpt><trkpt lat="51.08311" lon="-115.36515"><ele>1321.0</ele><time>2022-10-10T20:46:10.448Z</time></trkpt><trkpt lat="51.08312167" lon="-115.36514167"><ele>1321.0</ele><time>2022-10-10T20:46:11.449Z</time></trkpt><trkpt lat="51.08313167" lon="-115.36513333"><ele>1320.0</ele><time>2022-10-10T20:46:12.448Z</time></trkpt><trkpt lat="51.08314333" lon="-115.36512333"><ele>1320.0</ele><time>2022-10-10T20:46:13.449Z</time></trkpt><trkpt lat="51.08315833" lon="-115.36511833"><ele>1320.0</ele><time>2022-10-10T20:46:14.449Z</time></trkpt><trkpt lat="51.08317" lon="-115.365105"><ele>1319.0</ele><time>2022-10-10T20:46:15.448Z</time></trkpt><trkpt lat="51.08318" lon="-115.36508833"><ele>1319.0</ele><time>2022-10-10T20:46:16.449Z</time></trkpt><trkpt lat="51.08319" lon="-115.36508333"><ele>1319.0</ele><time>2022-10-10T20:46:17.448Z</time></trkpt><trkpt lat="51.08319833" lon="-115.36508333"><ele>1319.0</ele><time>2022-10-10T20:46:18.448Z</time></trkpt><trkpt lat="51.08321667" lon="-115.36508667"><ele>1319.0</ele><time>2022-10-10T20:46:19.449Z</time></trkpt><trkpt lat="51.08323167" lon="-115.36509"><ele>1319.0</ele><time>2022-10-10T20:46:20.449Z</time></trkpt><trkpt lat="51.08324333" lon="-115.36508167"><ele>1320.0</ele><time>2022-10-10T20:46:21.449Z</time></trkpt><trkpt lat="51.083245" lon="-115.365065"><ele>1320.0</ele><time>2022-10-10T20:46:22.449Z</time></trkpt><trkpt lat="51.08324667" lon="-115.36504667"><ele>1320.0</ele><time>2022-10-10T20:46:23.448Z</time></trkpt><trkpt lat="51.083255" lon="-115.365025"><ele>1321.0</ele><time>2022-10-10T20:46:24.448Z</time></trkpt><trkpt lat="51.08326667" lon="-115.36501333"><ele>1321.0</ele><time>2022-10-10T20:46:25.449Z</time></trkpt><trkpt lat="51.08327667" lon="-115.36500167"><ele>1321.0</ele><time>2022-10-10T20:46:26.449Z</time></trkpt><trkpt lat="51.08329167" lon="-115.36499"><ele>1321.0</ele><time>2022-10-10T20:46:27.449Z</time></trkpt><trkpt lat="51.0833" lon="-115.36498"><ele>1320.0</ele><time>2022-10-10T20:46:28.448Z</time></trkpt><trkpt lat="51.08331167" lon="-115.36497333"><ele>1320.0</ele><time>2022-10-10T20:46:29.449Z</time></trkpt><trkpt lat="51.08332333" lon="-115.364965"><ele>1320.0</ele><time>2022-10-10T20:46:30.448Z</time></trkpt><trkpt lat="51.08333333" lon="-115.36496"><ele>1321.0</ele><time>2022-10-10T20:46:31.448Z</time></trkpt><trkpt lat="51.08334333" lon="-115.36495"><ele>1321.0</ele><time>2022-10-10T20:46:32.449Z</time></trkpt><trkpt lat="51.08335" lon="-115.36494167"><ele>1320.0</ele><time>2022-10-10T20:46:33.449Z</time></trkpt><trkpt lat="51.08336167" lon="-115.36493167"><ele>1320.0</ele><time>2022-10-10T20:46:34.449Z</time></trkpt><trkpt lat="51.08337667" lon="-115.36492667"><ele>1320.0</ele><time>2022-10-10T20:46:35.449Z</time></trkpt><trkpt lat="51.08338833" lon="-115.36492833"><ele>1320.0</ele><time>2022-10-10T20:46:36.449Z</time></trkpt><trkpt lat="51.0834" lon="-115.36492333"><ele>1320.0</ele><time>2022-10-10T20:46:37.449Z</time></trkpt><trkpt lat="51.08341" lon="-115.364915"><ele>1320.0</ele><time>2022-10-10T20:46:38.449Z</time></trkpt><trkpt lat="51.08342333" lon="-115.36490833"><ele>1320.0</ele><time>2022-10-10T20:46:39.449Z</time></trkpt><trkpt lat="51.08342833" lon="-115.364905"><ele>1320.0</ele><time>2022-10-10T20:46:40.449Z</time></trkpt><trkpt lat="51.08343667" lon="-115.36489667"><ele>1321.0</ele><time>2022-10-10T20:46:41.449Z</time></trkpt><trkpt lat="51.08344333" lon="-115.36488667"><ele>1321.0</ele><time>2022-10-10T20:46:42.449Z</time></trkpt><trkpt lat="51.08345" lon="-115.36487667"><ele>1321.0</ele><time>2022-10-10T20:46:43.449Z</time></trkpt><trkpt lat="51.08345833" lon="-115.364865"><ele>1322.0</ele><time>2022-10-10T20:46:44.449Z</time></trkpt><trkpt lat="51.08346833" lon="-115.364865"><ele>1322.0</ele><time>2022-10-10T20:46:45.448Z</time></trkpt><trkpt lat="51.08348833" lon="-115.36486"><ele>1322.0</ele><time>2022-10-10T20:46:46.448Z</time></trkpt><trkpt lat="51.08351" lon="-115.36486"><ele>1322.0</ele><time>2022-10-10T20:46:47.448Z</time></trkpt><trkpt lat="51.08353" lon="-115.36485333"><ele>1322.0</ele><time>2022-10-10T20:46:48.448Z</time></trkpt><trkpt lat="51.08355" lon="-115.36484833"><ele>1322.0</ele><time>2022-10-10T20:46:49.448Z</time></trkpt><trkpt lat="51.08355833" lon="-115.364845"><ele>1322.0</ele><time>2022-10-10T20:46:50.449Z</time></trkpt><trkpt lat="51.08356833" lon="-115.36483667"><ele>1322.0</ele><time>2022-10-10T20:46:51.449Z</time></trkpt><trkpt lat="51.08358" lon="-115.36483"><ele>1322.0</ele><time>2022-10-10T20:46:52.449Z</time></trkpt><trkpt lat="51.08359167" lon="-115.36482333"><ele>1322.0</ele><time>2022-10-10T20:46:53.449Z</time></trkpt><trkpt lat="51.08360167" lon="-115.36481833"><ele>1322.0</ele><time>2022-10-10T20:46:54.449Z</time></trkpt><trkpt lat="51.083615" lon="-115.36481333"><ele>1322.0</ele><time>2022-10-10T20:46:55.449Z</time></trkpt><trkpt lat="51.08363" lon="-115.36480667"><ele>1322.0</ele><time>2022-10-10T20:46:56.449Z</time></trkpt><trkpt lat="51.08364333" lon="-115.3648"><ele>1323.0</ele><time>2022-10-10T20:46:57.449Z</time></trkpt><trkpt lat="51.08365167" lon="-115.36479667"><ele>1323.0</ele><time>2022-10-10T20:46:58.449Z</time></trkpt><trkpt lat="51.08366" lon="-115.36479333"><ele>1324.0</ele><time>2022-10-10T20:46:59.449Z</time></trkpt><trkpt lat="51.08366833" lon="-115.36479167"><ele>1324.0</ele><time>2022-10-10T20:47:00.449Z</time></trkpt><trkpt lat="51.08367667" lon="-115.36478667"><ele>1325.0</ele><time>2022-10-10T20:47:01.449Z</time></trkpt><trkpt lat="51.08368667" lon="-115.36477833"><ele>1326.0</ele><time>2022-10-10T20:47:02.449Z</time></trkpt><trkpt lat="51.08369667" lon="-115.36476833"><ele>1326.0</ele><time>2022-10-10T20:47:03.449Z</time></trkpt><trkpt lat="51.08371167" lon="-115.36474833"><ele>1327.0</ele><time>2022-10-10T20:47:04.449Z</time></trkpt><trkpt lat="51.08372" lon="-115.364745"><ele>1327.0</ele><time>2022-10-10T20:47:05.449Z</time></trkpt><trkpt lat="51.08372833" lon="-115.36474333"><ele>1327.0</ele><time>2022-10-10T20:47:06.449Z</time></trkpt><trkpt lat="51.08373833" lon="-115.36473667"><ele>1327.0</ele><time>2022-10-10T20:47:07.449Z</time></trkpt><trkpt lat="51.08375" lon="-115.36473333"><ele>1326.0</ele><time>2022-10-10T20:47:08.449Z</time></trkpt><trkpt lat="51.08375833" lon="-115.36472833"><ele>1326.0</ele><time>2022-10-10T20:47:09.449Z</time></trkpt><trkpt lat="51.08376833" lon="-115.36472833"><ele>1326.0</ele><time>2022-10-10T20:47:10.448Z</time></trkpt><trkpt lat="51.08378333" lon="-115.36473"><ele>1325.0</ele><time>2022-10-10T20:47:11.449Z</time></trkpt><trkpt lat="51.08379833" lon="-115.364735"><ele>1325.0</ele><time>2022-10-10T20:47:12.449Z</time></trkpt><trkpt lat="51.08381" lon="-115.36473667"><ele>1325.0</ele><time>2022-10-10T20:47:13.449Z</time></trkpt><trkpt lat="51.08382333" lon="-115.36474"><ele>1325.0</ele><time>2022-10-10T20:47:14.449Z</time></trkpt><trkpt lat="51.08383667" lon="-115.364745"><ele>1324.0</ele><time>2022-10-10T20:47:15.449Z</time></trkpt><trkpt lat="51.08384833" lon="-115.36474833"><ele>1324.0</ele><time>2022-10-10T20:47:16.448Z</time></trkpt><trkpt lat="51.08386333" lon="-115.36475333"><ele>1323.0</ele><time>2022-10-10T20:47:17.448Z</time></trkpt><trkpt lat="51.08387167" lon="-115.36475667"><ele>1323.0</ele><time>2022-10-10T20:47:18.448Z</time></trkpt><trkpt lat="51.08388333" lon="-115.364765"><ele>1323.0</ele><time>2022-10-10T20:47:19.449Z</time></trkpt><trkpt lat="51.08389167" lon="-115.36477"><ele>1323.0</ele><time>2022-10-10T20:47:20.448Z</time></trkpt><trkpt lat="51.0839" lon="-115.36477667"><ele>1323.0</ele><time>2022-10-10T20:47:21.449Z</time></trkpt><trkpt lat="51.08390833" lon="-115.364785"><ele>1323.0</ele><time>2022-10-10T20:47:22.448Z</time></trkpt><trkpt lat="51.08391833" lon="-115.364795"><ele>1323.0</ele><time>2022-10-10T20:47:23.449Z</time></trkpt><trkpt lat="51.08392833" lon="-115.3648"><ele>1324.0</ele><time>2022-10-10T20:47:24.449Z</time></trkpt><trkpt lat="51.08393833" lon="-115.36480667"><ele>1324.0</ele><time>2022-10-10T20:47:25.448Z</time></trkpt><trkpt lat="51.08394833" lon="-115.364815"><ele>1325.0</ele><time>2022-10-10T20:47:26.449Z</time></trkpt><trkpt lat="51.08395667" lon="-115.36482"><ele>1325.0</ele><time>2022-10-10T20:47:27.448Z</time></trkpt><trkpt lat="51.08396167" lon="-115.364825"><ele>1325.0</ele><time>2022-10-10T20:47:28.449Z</time></trkpt><trkpt lat="51.08398167" lon="-115.364835"><ele>1325.0</ele><time>2022-10-10T20:47:29.448Z</time></trkpt><trkpt lat="51.08400333" lon="-115.36483833"><ele>1325.0</ele><time>2022-10-10T20:47:30.448Z</time></trkpt><trkpt lat="51.08401833" lon="-115.364835"><ele>1324.0</ele><time>2022-10-10T20:47:31.449Z</time></trkpt><trkpt lat="51.08402833" lon="-115.36483667"><ele>1324.0</ele><time>2022-10-10T20:47:32.449Z</time></trkpt><trkpt lat="51.08404167" lon="-115.36483667"><ele>1323.0</ele><time>2022-10-10T20:47:33.449Z</time></trkpt><trkpt lat="51.08405167" lon="-115.36483333"><ele>1323.0</ele><time>2022-10-10T20:47:34.449Z</time></trkpt><trkpt lat="51.08406333" lon="-115.364835"><ele>1323.0</ele><time>2022-10-10T20:47:35.449Z</time></trkpt><trkpt lat="51.084075" lon="-115.36483667"><ele>1322.0</ele><time>2022-10-10T20:47:36.449Z</time></trkpt><trkpt lat="51.08408167" lon="-115.36484167"><ele>1321.0</ele><time>2022-10-10T20:47:37.449Z</time></trkpt><trkpt lat="51.08409167" lon="-115.36485333"><ele>1321.0</ele><time>2022-10-10T20:47:38.448Z</time></trkpt><trkpt lat="51.08410333" lon="-115.364865"><ele>1321.0</ele><time>2022-10-10T20:47:39.448Z</time></trkpt><trkpt lat="51.084115" lon="-115.364875"><ele>1320.0</ele><time>2022-10-10T20:47:40.449Z</time></trkpt><trkpt lat="51.08412833" lon="-115.36489833"><ele>1320.0</ele><time>2022-10-10T20:47:41.449Z</time></trkpt><trkpt lat="51.08413833" lon="-115.36490667"><ele>1320.0</ele><time>2022-10-10T20:47:42.449Z</time></trkpt><trkpt lat="51.084145" lon="-115.36490333"><ele>1320.0</ele><time>2022-10-10T20:47:43.449Z</time></trkpt><trkpt lat="51.08415333" lon="-115.36489667"><ele>1320.0</ele><time>2022-10-10T20:47:44.448Z</time></trkpt><trkpt lat="51.08416" lon="-115.36489"><ele>1319.0</ele><time>2022-10-10T20:47:45.448Z</time></trkpt><trkpt lat="51.08416167" lon="-115.364885"><ele>1319.0</ele><time>2022-10-10T20:47:46.449Z</time></trkpt><trkpt lat="51.08416333" lon="-115.36488167"><ele>1319.0</ele><time>2022-10-10T20:47:47.448Z</time></trkpt><trkpt lat="51.084165" lon="-115.36488"><ele>1319.0</ele><time>2022-10-10T20:47:48.449Z</time></trkpt><trkpt lat="51.08416667" lon="-115.36488"><ele>1319.0</ele><time>2022-10-10T20:47:49.449Z</time></trkpt><trkpt lat="51.084165" lon="-115.36488167"><ele>1319.0</ele><time>2022-10-10T20:47:50.448Z</time></trkpt><trkpt lat="51.08416333" lon="-115.36488333"><ele>1319.0</ele><time>2022-10-10T20:47:51.449Z</time></trkpt><trkpt lat="51.084165" lon="-115.36488167"><ele>1319.0</ele><time>2022-10-10T20:47:52.448Z</time></trkpt><trkpt lat="51.08416667" lon="-115.36488"><ele>1318.0</ele><time>2022-10-10T20:47:53.448Z</time></trkpt><trkpt lat="51.085455" lon="-115.365815"><ele>1322.0</ele><time>2022-10-10T21:06:04.133Z</time></trkpt><trkpt lat="51.08547" lon="-115.36582167"><ele>1321.0</ele><time>2022-10-10T21:06:05.134Z</time></trkpt><trkpt lat="51.08548667" lon="-115.36582833"><ele>1320.0</ele><time>2022-10-10T21:06:06.133Z</time></trkpt><trkpt lat="51.08549667" lon="-115.365835"><ele>1320.0</ele><time>2022-10-10T21:06:07.134Z</time></trkpt><trkpt lat="51.08550667" lon="-115.365845"><ele>1319.0</ele><time>2022-10-10T21:06:08.134Z</time></trkpt><trkpt lat="51.08551" lon="-115.36584667"><ele>1319.0</ele><time>2022-10-10T21:06:09.134Z</time></trkpt><trkpt lat="51.085515" lon="-115.36585167"><ele>1319.0</ele><time>2022-10-10T21:06:10.134Z</time></trkpt><trkpt lat="51.08552167" lon="-115.365855"><ele>1319.0</ele><time>2022-10-10T21:06:11.133Z</time></trkpt><trkpt lat="51.08552833" lon="-115.36586"><ele>1320.0</ele><time>2022-10-10T21:06:12.133Z</time></trkpt><trkpt lat="51.085535" lon="-115.36586667"><ele>1320.0</ele><time>2022-10-10T21:06:13.133Z</time></trkpt><trkpt lat="51.085545" lon="-115.36587333"><ele>1320.0</ele><time>2022-10-10T21:06:14.134Z</time></trkpt><trkpt lat="51.08555667" lon="-115.36588"><ele>1320.0</ele><time>2022-10-10T21:06:15.134Z</time></trkpt><trkpt lat="51.08556667" lon="-115.36589167"><ele>1320.0</ele><time>2022-10-10T21:06:16.134Z</time></trkpt><trkpt lat="51.08557667" lon="-115.36590167"><ele>1320.0</ele><time>2022-10-10T21:06:17.134Z</time></trkpt><trkpt lat="51.08558833" lon="-115.36591"><ele>1319.0</ele><time>2022-10-10T21:06:18.134Z</time></trkpt><trkpt lat="51.0856" lon="-115.36591667"><ele>1319.0</ele><time>2022-10-10T21:06:19.134Z</time></trkpt><trkpt lat="51.08561333" lon="-115.36592667"><ele>1318.0</ele><time>2022-10-10T21:06:20.134Z</time></trkpt><trkpt lat="51.08562667" lon="-115.36593667"><ele>1318.0</ele><time>2022-10-10T21:06:21.134Z</time></trkpt><trkpt lat="51.08563833" lon="-115.36594667"><ele>1318.0</ele><time>2022-10-10T21:06:22.134Z</time></trkpt><trkpt lat="51.08565333" lon="-115.36595833"><ele>1318.0</ele><time>2022-10-10T21:06:23.133Z</time></trkpt><trkpt lat="51.085675" lon="-115.365965"><ele>1317.0</ele><time>2022-10-10T21:06:24.133Z</time></trkpt><trkpt lat="51.08569833" lon="-115.365965"><ele>1317.0</ele><time>2022-10-10T21:06:25.133Z</time></trkpt><trkpt lat="51.08571667" lon="-115.36595333"><ele>1317.0</ele><time>2022-10-10T21:06:26.134Z</time></trkpt><trkpt lat="51.085735" lon="-115.36594167"><ele>1316.0</ele><time>2022-10-10T21:06:27.134Z</time></trkpt><trkpt lat="51.08575333" lon="-115.36591833"><ele>1315.0</ele><time>2022-10-10T21:06:28.133Z</time></trkpt><trkpt lat="51.08577" lon="-115.36590167"><ele>1314.0</ele><time>2022-10-10T21:06:29.133Z</time></trkpt><trkpt lat="51.08578167" lon="-115.36589"><ele>1314.0</ele><time>2022-10-10T21:06:30.134Z</time></trkpt><trkpt lat="51.08579333" lon="-115.36587167"><ele>1313.0</ele><time>2022-10-10T21:06:31.133Z</time></trkpt><trkpt lat="51.08580833" lon="-115.36585333"><ele>1312.0</ele><time>2022-10-10T21:06:32.134Z</time></trkpt><trkpt lat="51.08581667" lon="-115.36583"><ele>1312.0</ele><time>2022-10-10T21:06:33.134Z</time></trkpt><trkpt lat="51.08582333" lon="-115.36580333"><ele>1312.0</ele><time>2022-10-10T21:06:34.134Z</time></trkpt><trkpt lat="51.08583" lon="-115.36577667"><ele>1311.0</ele><time>2022-10-10T21:06:35.133Z</time></trkpt><trkpt lat="51.085835" lon="-115.36576167"><ele>1311.0</ele><time>2022-10-10T21:06:36.133Z</time></trkpt><trkpt lat="51.085845" lon="-115.36575333"><ele>1310.0</ele><time>2022-10-10T21:06:37.134Z</time></trkpt><trkpt lat="51.08585833" lon="-115.36573833"><ele>1310.0</ele><time>2022-10-10T21:06:38.133Z</time></trkpt><trkpt lat="51.085865" lon="-115.36571667"><ele>1310.0</ele><time>2022-10-10T21:06:39.134Z</time></trkpt><trkpt lat="51.08587333" lon="-115.365705"><ele>1310.0</ele><time>2022-10-10T21:06:40.134Z</time></trkpt><trkpt lat="51.08587833" lon="-115.36568833"><ele>1310.0</ele><time>2022-10-10T21:06:41.134Z</time></trkpt><trkpt lat="51.085885" lon="-115.36567167"><ele>1310.0</ele><time>2022-10-10T21:06:42.134Z</time></trkpt><trkpt lat="51.08589333" lon="-115.36565333"><ele>1310.0</ele><time>2022-10-10T21:06:43.134Z</time></trkpt><trkpt lat="51.08589667" lon="-115.365635"><ele>1310.0</ele><time>2022-10-10T21:06:44.133Z</time></trkpt><trkpt lat="51.08590167" lon="-115.36561667"><ele>1310.0</ele><time>2022-10-10T21:06:45.134Z</time></trkpt><trkpt lat="51.08591" lon="-115.3656"><ele>1310.0</ele><time>2022-10-10T21:06:46.134Z</time></trkpt><trkpt lat="51.08591667" lon="-115.36558167"><ele>1310.0</ele><time>2022-10-10T21:06:47.134Z</time></trkpt><trkpt lat="51.08592167" lon="-115.36556667"><ele>1310.0</ele><time>2022-10-10T21:06:48.133Z</time></trkpt><trkpt lat="51.08592833" lon="-115.36555167"><ele>1310.0</ele><time>2022-10-10T21:06:49.134Z</time></trkpt><trkpt lat="51.08593833" lon="-115.36553667"><ele>1310.0</ele><time>2022-10-10T21:06:50.134Z</time></trkpt><trkpt lat="51.08594667" lon="-115.36551833"><ele>1310.0</ele><time>2022-10-10T21:06:51.133Z</time></trkpt><trkpt lat="51.08594667" lon="-115.36550167"><ele>1310.0</ele><time>2022-10-10T21:06:52.133Z</time></trkpt><trkpt lat="51.08595333" lon="-115.36548333"><ele>1310.0</ele><time>2022-10-10T21:06:53.134Z</time></trkpt><trkpt lat="51.08595833" lon="-115.365465"><ele>1310.0</ele><time>2022-10-10T21:06:54.134Z</time></trkpt><trkpt lat="51.085965" lon="-115.36545333"><ele>1310.0</ele><time>2022-10-10T21:06:55.134Z</time></trkpt><trkpt lat="51.08596833" lon="-115.365435"><ele>1310.0</ele><time>2022-10-10T21:06:56.134Z</time></trkpt><trkpt lat="51.08597333" lon="-115.36541833"><ele>1310.0</ele><time>2022-10-10T21:06:57.134Z</time></trkpt><trkpt lat="51.08597333" lon="-115.36539833"><ele>1310.0</ele><time>2022-10-10T21:06:58.133Z</time></trkpt><trkpt lat="51.085975" lon="-115.36537667"><ele>1310.0</ele><time>2022-10-10T21:06:59.134Z</time></trkpt><trkpt lat="51.08598" lon="-115.36536"><ele>1310.0</ele><time>2022-10-10T21:07:00.133Z</time></trkpt><trkpt lat="51.08598333" lon="-115.36534167"><ele>1310.0</ele><time>2022-10-10T21:07:01.134Z</time></trkpt><trkpt lat="51.08599" lon="-115.36532333"><ele>1310.0</ele><time>2022-10-10T21:07:02.133Z</time></trkpt><trkpt lat="51.085995" lon="-115.365305"><ele>1310.0</ele><time>2022-10-10T21:07:03.133Z</time></trkpt><trkpt lat="51.086" lon="-115.36529"><ele>1310.0</ele><time>2022-10-10T21:07:04.134Z</time></trkpt><trkpt lat="51.086005" lon="-115.36527167"><ele>1311.0</ele><time>2022-10-10T21:07:05.134Z</time></trkpt><trkpt lat="51.08601" lon="-115.36524833"><ele>1311.0</ele><time>2022-10-10T21:07:06.134Z</time></trkpt><trkpt lat="51.08601333" lon="-115.36522667"><ele>1311.0</ele><time>2022-10-10T21:07:07.134Z</time></trkpt><trkpt lat="51.08602" lon="-115.36520833"><ele>1311.0</ele><time>2022-10-10T21:07:08.133Z</time></trkpt><trkpt lat="51.08602167" lon="-115.36518833"><ele>1312.0</ele><time>2022-10-10T21:07:09.133Z</time></trkpt><trkpt lat="51.08602667" lon="-115.36516667"><ele>1312.0</ele><time>2022-10-10T21:07:10.134Z</time></trkpt><trkpt lat="51.086035" lon="-115.36514833"><ele>1312.0</ele><time>2022-10-10T21:07:11.134Z</time></trkpt><trkpt lat="51.08604167" lon="-115.36512667"><ele>1311.0</ele><time>2022-10-10T21:07:12.134Z</time></trkpt><trkpt lat="51.08604667" lon="-115.3651"><ele>1311.0</ele><time>2022-10-10T21:07:13.134Z</time></trkpt><trkpt lat="51.08605167" lon="-115.36508167"><ele>1311.0</ele><time>2022-10-10T21:07:14.134Z</time></trkpt><trkpt lat="51.086055" lon="-115.365065"><ele>1310.0</ele><time>2022-10-10T21:07:15.134Z</time></trkpt><trkpt lat="51.08606" lon="-115.36504667"><ele>1310.0</ele><time>2022-10-10T21:07:16.134Z</time></trkpt><trkpt lat="51.08606167" lon="-115.36503"><ele>1310.0</ele><time>2022-10-10T21:07:17.133Z</time></trkpt><trkpt lat="51.08606833" lon="-115.36501333"><ele>1310.0</ele><time>2022-10-10T21:07:18.134Z</time></trkpt><trkpt lat="51.08607333" lon="-115.36499667"><ele>1310.0</ele><time>2022-10-10T21:07:19.134Z</time></trkpt><trkpt lat="51.08607833" lon="-115.36497667"><ele>1310.0</ele><time>2022-10-10T21:07:20.133Z</time></trkpt><trkpt lat="51.08608333" lon="-115.36495833"><ele>1310.0</ele><time>2022-10-10T21:07:21.134Z</time></trkpt><trkpt lat="51.08609" lon="-115.36494333"><ele>1310.0</ele><time>2022-10-10T21:07:22.134Z</time></trkpt><trkpt lat="51.08609667" lon="-115.36492333"><ele>1310.0</ele><time>2022-10-10T21:07:23.134Z</time></trkpt><trkpt lat="51.08610167" lon="-115.36490167"><ele>1310.0</ele><time>2022-10-10T21:07:24.134Z</time></trkpt><trkpt lat="51.086105" lon="-115.36488333"><ele>1310.0</ele><time>2022-10-10T21:07:25.133Z</time></trkpt><trkpt lat="51.08611167" lon="-115.36486167"><ele>1310.0</ele><time>2022-10-10T21:07:26.134Z</time></trkpt><trkpt lat="51.08611333" lon="-115.36484333"><ele>1310.0</ele><time>2022-10-10T21:07:27.133Z</time></trkpt><trkpt lat="51.08611333" lon="-115.36481667"><ele>1310.0</ele><time>2022-10-10T21:07:28.134Z</time></trkpt><trkpt lat="51.08611833" lon="-115.36478667"><ele>1310.0</ele><time>2022-10-10T21:07:29.133Z</time></trkpt><trkpt lat="51.08611833" lon="-115.36477"><ele>1310.0</ele><time>2022-10-10T21:07:30.134Z</time></trkpt><trkpt lat="51.08612" lon="-115.36475167"><ele>1310.0</ele><time>2022-10-10T21:07:31.134Z</time></trkpt><trkpt lat="51.08612333" lon="-115.364735"><ele>1310.0</ele><time>2022-10-10T21:07:32.134Z</time></trkpt><trkpt lat="51.086125" lon="-115.36471667"><ele>1310.0</ele><time>2022-10-10T21:07:33.133Z</time></trkpt><trkpt lat="51.086125" lon="-115.36469833"><ele>1309.0</ele><time>2022-10-10T21:07:34.133Z</time></trkpt><trkpt lat="51.08613" lon="-115.36468167"><ele>1309.0</ele><time>2022-10-10T21:07:35.134Z</time></trkpt><trkpt lat="51.086135" lon="-115.36466167"><ele>1309.0</ele><time>2022-10-10T21:07:36.134Z</time></trkpt><trkpt lat="51.08614167" lon="-115.36464833"><ele>1309.0</ele><time>2022-10-10T21:07:37.134Z</time></trkpt><trkpt lat="51.08615" lon="-115.36463333"><ele>1310.0</ele><time>2022-10-10T21:07:38.133Z</time></trkpt><trkpt lat="51.08615833" lon="-115.36462333"><ele>1310.0</ele><time>2022-10-10T21:07:39.133Z</time></trkpt><trkpt lat="51.086165" lon="-115.36461333"><ele>1310.0</ele><time>2022-10-10T21:07:40.134Z</time></trkpt><trkpt lat="51.08617167" lon="-115.36460333"><ele>1310.0</ele><time>2022-10-10T21:07:41.133Z</time></trkpt><trkpt lat="51.08618167" lon="-115.36459333"><ele>1310.0</ele><time>2022-10-10T21:07:42.134Z</time></trkpt><trkpt lat="51.08619167" lon="-115.36458167"><ele>1310.0</ele><time>2022-10-10T21:07:43.133Z</time></trkpt><trkpt lat="51.08620333" lon="-115.36457167"><ele>1310.0</ele><time>2022-10-10T21:07:44.133Z</time></trkpt><trkpt lat="51.08621833" lon="-115.36456167"><ele>1310.0</ele><time>2022-10-10T21:07:45.134Z</time></trkpt><trkpt lat="51.086225" lon="-115.36455167"><ele>1309.0</ele><time>2022-10-10T21:07:46.133Z</time></trkpt><trkpt lat="51.086235" lon="-115.36453833"><ele>1309.0</ele><time>2022-10-10T21:07:47.134Z</time></trkpt><trkpt lat="51.08624333" lon="-115.36452333"><ele>1309.0</ele><time>2022-10-10T21:07:48.133Z</time></trkpt><trkpt lat="51.08625167" lon="-115.36451333"><ele>1309.0</ele><time>2022-10-10T21:07:49.133Z</time></trkpt><trkpt lat="51.08626" lon="-115.3645"><ele>1310.0</ele><time>2022-10-10T21:07:50.134Z</time></trkpt><trkpt lat="51.08627" lon="-115.36448833"><ele>1310.0</ele><time>2022-10-10T21:07:51.134Z</time></trkpt><trkpt lat="51.086275" lon="-115.36447333"><ele>1311.0</ele><time>2022-10-10T21:07:52.134Z</time></trkpt><trkpt lat="51.08628333" lon="-115.36445667"><ele>1311.0</ele><time>2022-10-10T21:07:53.134Z</time></trkpt><trkpt lat="51.08629167" lon="-115.36444333"><ele>1311.0</ele><time>2022-10-10T21:07:54.133Z</time></trkpt><trkpt lat="51.08629833" lon="-115.36443333"><ele>1311.0</ele><time>2022-10-10T21:07:55.134Z</time></trkpt><trkpt lat="51.08630667" lon="-115.36442"><ele>1311.0</ele><time>2022-10-10T21:07:56.134Z</time></trkpt><trkpt lat="51.08631667" lon="-115.364405"><ele>1311.0</ele><time>2022-10-10T21:07:57.133Z</time></trkpt><trkpt lat="51.08632333" lon="-115.364395"><ele>1311.0</ele><time>2022-10-10T21:07:58.134Z</time></trkpt><trkpt lat="51.086335" lon="-115.36438"><ele>1311.0</ele><time>2022-10-10T21:07:59.134Z</time></trkpt><trkpt lat="51.08634167" lon="-115.36436667"><ele>1311.0</ele><time>2022-10-10T21:08:00.134Z</time></trkpt><trkpt lat="51.08635" lon="-115.36435167"><ele>1310.0</ele><time>2022-10-10T21:08:01.134Z</time></trkpt><trkpt lat="51.08635833" lon="-115.364335"><ele>1309.0</ele><time>2022-10-10T21:08:02.134Z</time></trkpt><trkpt lat="51.08636667" lon="-115.36432333"><ele>1309.0</ele><time>2022-10-10T21:08:03.133Z</time></trkpt><trkpt lat="51.08637333" lon="-115.36430667"><ele>1308.0</ele><time>2022-10-10T21:08:04.134Z</time></trkpt><trkpt lat="51.08638167" lon="-115.36429167"><ele>1307.0</ele><time>2022-10-10T21:08:05.134Z</time></trkpt><trkpt lat="51.08638667" lon="-115.364275"><ele>1307.0</ele><time>2022-10-10T21:08:06.134Z</time></trkpt><trkpt lat="51.086395" lon="-115.36426167"><ele>1307.0</ele><time>2022-10-10T21:08:07.134Z</time></trkpt><trkpt lat="51.08640333" lon="-115.36424333"><ele>1306.0</ele><time>2022-10-10T21:08:08.134Z</time></trkpt><trkpt lat="51.08641" lon="-115.36423"><ele>1306.0</ele><time>2022-10-10T21:08:09.134Z</time></trkpt><trkpt lat="51.08642" lon="-115.36421667"><ele>1306.0</ele><time>2022-10-10T21:08:10.133Z</time></trkpt><trkpt lat="51.08643" lon="-115.36420333"><ele>1305.0</ele><time>2022-10-10T21:08:11.134Z</time></trkpt><trkpt lat="51.08643667" lon="-115.36418667"><ele>1305.0</ele><time>2022-10-10T21:08:12.134Z</time></trkpt><trkpt lat="51.08644333" lon="-115.36417333"><ele>1305.0</ele><time>2022-10-10T21:08:13.133Z</time></trkpt><trkpt lat="51.08644833" lon="-115.36416"><ele>1305.0</ele><time>2022-10-10T21:08:14.134Z</time></trkpt><trkpt lat="51.08646" lon="-115.36414667"><ele>1305.0</ele><time>2022-10-10T21:08:15.134Z</time></trkpt><trkpt lat="51.08646833" lon="-115.36413167"><ele>1305.0</ele><time>2022-10-10T21:08:16.133Z</time></trkpt><trkpt lat="51.086475" lon="-115.36411833"><ele>1306.0</ele><time>2022-10-10T21:08:17.133Z</time></trkpt><trkpt lat="51.08649" lon="-115.36410667"><ele>1306.0</ele><time>2022-10-10T21:08:18.134Z</time></trkpt><trkpt lat="51.0865" lon="-115.36409667"><ele>1307.0</ele><time>2022-10-10T21:08:19.133Z</time></trkpt><trkpt lat="51.08651" lon="-115.36408167"><ele>1308.0</ele><time>2022-10-10T21:08:20.134Z</time></trkpt><trkpt lat="51.08651833" lon="-115.364065"><ele>1308.0</ele><time>2022-10-10T21:08:21.134Z</time></trkpt><trkpt lat="51.08652333" lon="-115.36405167"><ele>1308.0</ele><time>2022-10-10T21:08:22.134Z</time></trkpt><trkpt lat="51.08653167" lon="-115.36403833"><ele>1309.0</ele><time>2022-10-10T21:08:23.133Z</time></trkpt><trkpt lat="51.08652667" lon="-115.36403167"><ele>1309.0</ele><time>2022-10-10T21:08:24.134Z</time></trkpt><trkpt lat="51.08653833" lon="-115.36402167"><ele>1309.0</ele><time>2022-10-10T21:08:25.134Z</time></trkpt><trkpt lat="51.08654333" lon="-115.36400833"><ele>1309.0</ele><time>2022-10-10T21:08:26.133Z</time></trkpt><trkpt lat="51.086555" lon="-115.363995"><ele>1310.0</ele><time>2022-10-10T21:08:27.133Z</time></trkpt><trkpt lat="51.08656833" lon="-115.36398667"><ele>1311.0</ele><time>2022-10-10T21:08:28.134Z</time></trkpt><trkpt lat="51.08656833" lon="-115.36396333"><ele>1311.0</ele><time>2022-10-10T21:08:29.134Z</time></trkpt><trkpt lat="51.08657" lon="-115.36395167"><ele>1312.0</ele><time>2022-10-10T21:08:30.134Z</time></trkpt><trkpt lat="51.08657167" lon="-115.36394167"><ele>1312.0</ele><time>2022-10-10T21:08:31.134Z</time></trkpt><trkpt lat="51.08658333" lon="-115.36393333"><ele>1313.0</ele><time>2022-10-10T21:08:32.134Z</time></trkpt><trkpt lat="51.086595" lon="-115.36391833"><ele>1314.0</ele><time>2022-10-10T21:08:33.134Z</time></trkpt><trkpt lat="51.08661167" lon="-115.36391"><ele>1314.0</ele><time>2022-10-10T21:08:34.133Z</time></trkpt><trkpt lat="51.08662333" lon="-115.36389833"><ele>1315.0</ele><time>2022-10-10T21:08:35.134Z</time></trkpt><trkpt lat="51.08663833" lon="-115.36389"><ele>1315.0</ele><time>2022-10-10T21:08:36.133Z</time></trkpt><trkpt lat="51.08664833" lon="-115.36387333"><ele>1316.0</ele><time>2022-10-10T21:08:37.134Z</time></trkpt><trkpt lat="51.086655" lon="-115.36385667"><ele>1316.0</ele><time>2022-10-10T21:08:38.133Z</time></trkpt><trkpt lat="51.086665" lon="-115.36384167"><ele>1316.0</ele><time>2022-10-10T21:08:39.134Z</time></trkpt><trkpt lat="51.08667167" lon="-115.363825"><ele>1316.0</ele><time>2022-10-10T21:08:40.134Z</time></trkpt><trkpt lat="51.08667833" lon="-115.36381333"><ele>1316.0</ele><time>2022-10-10T21:08:41.134Z</time></trkpt><trkpt lat="51.08668833" lon="-115.36380167"><ele>1315.0</ele><time>2022-10-10T21:08:42.134Z</time></trkpt><trkpt lat="51.08669833" lon="-115.36379167"><ele>1315.0</ele><time>2022-10-10T21:08:43.134Z</time></trkpt><trkpt lat="51.08670833" lon="-115.36378"><ele>1315.0</ele><time>2022-10-10T21:08:44.134Z</time></trkpt><trkpt lat="51.08671667" lon="-115.363765"><ele>1315.0</ele><time>2022-10-10T21:08:45.133Z</time></trkpt><trkpt lat="51.08672667" lon="-115.36374833"><ele>1315.0</ele><time>2022-10-10T21:08:46.134Z</time></trkpt><trkpt lat="51.08673333" lon="-115.36373167"><ele>1315.0</ele><time>2022-10-10T21:08:47.134Z</time></trkpt><trkpt lat="51.08674167" lon="-115.36371333"><ele>1315.0</ele><time>2022-10-10T21:08:48.133Z</time></trkpt><trkpt lat="51.08675" lon="-115.363695"><ele>1315.0</ele><time>2022-10-10T21:08:49.134Z</time></trkpt><trkpt lat="51.08675833" lon="-115.363675"><ele>1314.0</ele><time>2022-10-10T21:08:50.134Z</time></trkpt><trkpt lat="51.08676833" lon="-115.36365667"><ele>1314.0</ele><time>2022-10-10T21:08:51.134Z</time></trkpt><trkpt lat="51.08678167" lon="-115.36364333"><ele>1314.0</ele><time>2022-10-10T21:08:52.134Z</time></trkpt><trkpt lat="51.086795" lon="-115.36363333"><ele>1313.0</ele><time>2022-10-10T21:08:53.134Z</time></trkpt><trkpt lat="51.08680333" lon="-115.36362667"><ele>1313.0</ele><time>2022-10-10T21:08:54.134Z</time></trkpt><trkpt lat="51.08681333" lon="-115.36362"><ele>1313.0</ele><time>2022-10-10T21:08:55.134Z</time></trkpt><trkpt lat="51.08682333" lon="-115.36361167"><ele>1313.0</ele><time>2022-10-10T21:08:56.133Z</time></trkpt><trkpt lat="51.08683167" lon="-115.36360167"><ele>1313.0</ele><time>2022-10-10T21:08:57.134Z</time></trkpt><trkpt lat="51.08684" lon="-115.363595"><ele>1314.0</ele><time>2022-10-10T21:08:58.134Z</time></trkpt><trkpt lat="51.08684833" lon="-115.36358667"><ele>1313.0</ele><time>2022-10-10T21:08:59.134Z</time></trkpt><trkpt lat="51.08685667" lon="-115.363575"><ele>1313.0</ele><time>2022-10-10T21:09:00.134Z</time></trkpt><trkpt lat="51.08686667" lon="-115.36356333"><ele>1313.0</ele><time>2022-10-10T21:09:01.134Z</time></trkpt><trkpt lat="51.08688" lon="-115.36355"><ele>1313.0</ele><time>2022-10-10T21:09:02.133Z</time></trkpt><trkpt lat="51.08689" lon="-115.36354"><ele>1313.0</ele><time>2022-10-10T21:09:03.134Z</time></trkpt><trkpt lat="51.08689833" lon="-115.36352833"><ele>1314.0</ele><time>2022-10-10T21:09:04.134Z</time></trkpt><trkpt lat="51.08690667" lon="-115.363515"><ele>1313.0</ele><time>2022-10-10T21:09:05.134Z</time></trkpt><trkpt lat="51.086915" lon="-115.3635"><ele>1313.0</ele><time>2022-10-10T21:09:06.134Z</time></trkpt><trkpt lat="51.08692333" lon="-115.36348667"><ele>1312.0</ele><time>2022-10-10T21:09:07.134Z</time></trkpt><trkpt lat="51.08693" lon="-115.36347333"><ele>1312.0</ele><time>2022-10-10T21:09:08.133Z</time></trkpt><trkpt lat="51.08693333" lon="-115.36344333"><ele>1311.0</ele><time>2022-10-10T21:09:09.134Z</time></trkpt><trkpt lat="51.08693667" lon="-115.36342667"><ele>1310.0</ele><time>2022-10-10T21:09:10.134Z</time></trkpt><trkpt lat="51.08694667" lon="-115.36341"><ele>1310.0</ele><time>2022-10-10T21:09:11.133Z</time></trkpt><trkpt lat="51.08696167" lon="-115.36340333"><ele>1310.0</ele><time>2022-10-10T21:09:12.133Z</time></trkpt><trkpt lat="51.086975" lon="-115.36339333"><ele>1310.0</ele><time>2022-10-10T21:09:13.134Z</time></trkpt><trkpt lat="51.08698667" lon="-115.36337833"><ele>1310.0</ele><time>2022-10-10T21:09:14.133Z</time></trkpt><trkpt lat="51.087" lon="-115.36336333"><ele>1309.0</ele><time>2022-10-10T21:09:15.134Z</time></trkpt><trkpt lat="51.08701167" lon="-115.36334167"><ele>1309.0</ele><time>2022-10-10T21:09:16.134Z</time></trkpt><trkpt lat="51.08702167" lon="-115.36332333"><ele>1309.0</ele><time>2022-10-10T21:09:17.134Z</time></trkpt><trkpt lat="51.08703167" lon="-115.36330833"><ele>1309.0</ele><time>2022-10-10T21:09:18.134Z</time></trkpt><trkpt lat="51.08703833" lon="-115.363295"><ele>1308.0</ele><time>2022-10-10T21:09:19.133Z</time></trkpt><trkpt lat="51.087045" lon="-115.36327833"><ele>1308.0</ele><time>2022-10-10T21:09:20.134Z</time></trkpt><trkpt lat="51.08705333" lon="-115.36325667"><ele>1308.0</ele><time>2022-10-10T21:09:21.134Z</time></trkpt><trkpt lat="51.08706333" lon="-115.36325"><ele>1308.0</ele><time>2022-10-10T21:09:22.134Z</time></trkpt><trkpt lat="51.08708" lon="-115.36325"><ele>1308.0</ele><time>2022-10-10T21:09:23.134Z</time></trkpt><trkpt lat="51.0871" lon="-115.36325"><ele>1309.0</ele><time>2022-10-10T21:09:24.133Z</time></trkpt><trkpt lat="51.08711" lon="-115.36324833"><ele>1309.0</ele><time>2022-10-10T21:09:25.133Z</time></trkpt><trkpt lat="51.08712167" lon="-115.363245"><ele>1310.0</ele><time>2022-10-10T21:09:26.133Z</time></trkpt><trkpt lat="51.08713" lon="-115.36324333"><ele>1310.0</ele><time>2022-10-10T21:09:27.134Z</time></trkpt><trkpt lat="51.08714" lon="-115.363245"><ele>1311.0</ele><time>2022-10-10T21:09:28.134Z</time></trkpt><trkpt lat="51.08715" lon="-115.36324667"><ele>1311.0</ele><time>2022-10-10T21:09:29.134Z</time></trkpt><trkpt lat="51.08716333" lon="-115.36324833"><ele>1312.0</ele><time>2022-10-10T21:09:30.134Z</time></trkpt><trkpt lat="51.087175" lon="-115.36324833"><ele>1312.0</ele><time>2022-10-10T21:09:31.134Z</time></trkpt><trkpt lat="51.087185" lon="-115.363245"><ele>1313.0</ele><time>2022-10-10T21:09:32.133Z</time></trkpt><trkpt lat="51.08719833" lon="-115.363245"><ele>1314.0</ele><time>2022-10-10T21:09:33.133Z</time></trkpt><trkpt lat="51.08721" lon="-115.36324833"><ele>1314.0</ele><time>2022-10-10T21:09:34.134Z</time></trkpt><trkpt lat="51.08722333" lon="-115.36325"><ele>1315.0</ele><time>2022-10-10T21:09:35.133Z</time></trkpt><trkpt lat="51.08723667" lon="-115.36324833"><ele>1315.0</ele><time>2022-10-10T21:09:36.134Z</time></trkpt><trkpt lat="51.08726" lon="-115.36325"><ele>1315.0</ele><time>2022-10-10T21:09:37.134Z</time></trkpt><trkpt lat="51.08727333" lon="-115.36324833"><ele>1315.0</ele><time>2022-10-10T21:09:38.133Z</time></trkpt><trkpt lat="51.08728333" lon="-115.36324167"><ele>1315.0</ele><time>2022-10-10T21:09:39.134Z</time></trkpt><trkpt lat="51.08729167" lon="-115.36323333"><ele>1315.0</ele><time>2022-10-10T21:09:40.133Z</time></trkpt><trkpt lat="51.08729833" lon="-115.36322167"><ele>1314.0</ele><time>2022-10-10T21:09:41.134Z</time></trkpt><trkpt lat="51.08730667" lon="-115.36320833"><ele>1314.0</ele><time>2022-10-10T21:09:42.134Z</time></trkpt><trkpt lat="51.08731667" lon="-115.3632"><ele>1313.0</ele><time>2022-10-10T21:09:43.134Z</time></trkpt><trkpt lat="51.08733167" lon="-115.36319667"><ele>1313.0</ele><time>2022-10-10T21:09:44.133Z</time></trkpt><trkpt lat="51.087345" lon="-115.36319167"><ele>1313.0</ele><time>2022-10-10T21:09:45.134Z</time></trkpt><trkpt lat="51.08736" lon="-115.36318667"><ele>1312.0</ele><time>2022-10-10T21:09:46.134Z</time></trkpt><trkpt lat="51.08737" lon="-115.36318333"><ele>1312.0</ele><time>2022-10-10T21:09:47.133Z</time></trkpt><trkpt lat="51.08738" lon="-115.36318333"><ele>1312.0</ele><time>2022-10-10T21:09:48.133Z</time></trkpt><trkpt lat="51.08738833" lon="-115.36318833"><ele>1311.0</ele><time>2022-10-10T21:09:49.134Z</time></trkpt><trkpt lat="51.08738833" lon="-115.36318667"><ele>1311.0</ele><time>2022-10-10T21:09:50.134Z</time></trkpt><trkpt lat="51.08737833" lon="-115.36318167"><ele>1311.0</ele><time>2022-10-10T21:09:51.134Z</time></trkpt><trkpt lat="51.08737167" lon="-115.36317667"><ele>1312.0</ele><time>2022-10-10T21:09:52.133Z</time></trkpt><trkpt lat="51.087365" lon="-115.36317333"><ele>1312.0</ele><time>2022-10-10T21:09:53.133Z</time></trkpt><trkpt lat="51.08736833" lon="-115.363175"><ele>1311.0</ele><time>2022-10-10T21:09:54.134Z</time></trkpt><trkpt lat="51.087375" lon="-115.363175"><ele>1311.0</ele><time>2022-10-10T21:09:55.133Z</time></trkpt><trkpt lat="51.08738167" lon="-115.363175"><ele>1310.0</ele><time>2022-10-10T21:09:56.134Z</time></trkpt><trkpt lat="51.087385" lon="-115.36317"><ele>1310.0</ele><time>2022-10-10T21:09:57.134Z</time></trkpt><trkpt lat="51.08738833" lon="-115.36316333"><ele>1310.0</ele><time>2022-10-10T21:09:58.133Z</time></trkpt><trkpt lat="51.08739" lon="-115.36316"><ele>1309.0</ele><time>2022-10-10T21:09:59.134Z</time></trkpt><trkpt lat="51.08739333" lon="-115.36315667"><ele>1308.0</ele><time>2022-10-10T21:10:00.133Z</time></trkpt><trkpt lat="51.08739667" lon="-115.36315667"><ele>1307.0</ele><time>2022-10-10T21:10:01.134Z</time></trkpt><trkpt lat="51.08739833" lon="-115.36316"><ele>1306.0</ele><time>2022-10-10T21:10:02.134Z</time></trkpt><trkpt lat="51.08740333" lon="-115.36316333"><ele>1306.0</ele><time>2022-10-10T21:10:03.133Z</time></trkpt><trkpt lat="51.087405" lon="-115.36316833"><ele>1306.0</ele><time>2022-10-10T21:10:04.134Z</time></trkpt><trkpt lat="51.08740833" lon="-115.36317167"><ele>1306.0</ele><time>2022-10-10T21:10:05.134Z</time></trkpt><trkpt lat="51.08741" lon="-115.363175"><ele>1306.0</ele><time>2022-10-10T21:10:06.134Z</time></trkpt><trkpt lat="51.08741167" lon="-115.36318167"><ele>1307.0</ele><time>2022-10-10T21:10:07.134Z</time></trkpt><trkpt lat="51.08741167" lon="-115.36319"><ele>1307.0</ele><time>2022-10-10T21:10:08.134Z</time></trkpt><trkpt lat="51.087415" lon="-115.3632"><ele>1308.0</ele><time>2022-10-10T21:10:09.133Z</time></trkpt><trkpt lat="51.08742" lon="-115.36321333"><ele>1308.0</ele><time>2022-10-10T21:10:10.133Z</time></trkpt><trkpt lat="51.087425" lon="-115.363225"><ele>1308.0</ele><time>2022-10-10T21:10:11.134Z</time></trkpt><trkpt lat="51.08742833" lon="-115.36323167"><ele>1309.0</ele><time>2022-10-10T21:10:12.133Z</time></trkpt><trkpt lat="51.087435" lon="-115.36323833"><ele>1309.0</ele><time>2022-10-10T21:10:13.133Z</time></trkpt><trkpt lat="51.08744333" lon="-115.36324333"><ele>1310.0</ele><time>2022-10-10T21:10:14.134Z</time></trkpt><trkpt lat="51.08745333" lon="-115.36324833"><ele>1311.0</ele><time>2022-10-10T21:10:15.134Z</time></trkpt><trkpt lat="51.08746667" lon="-115.36325333"><ele>1311.0</ele><time>2022-10-10T21:10:16.134Z</time></trkpt><trkpt lat="51.08747833" lon="-115.36326"><ele>1312.0</ele><time>2022-10-10T21:10:17.134Z</time></trkpt><trkpt lat="51.08748667" lon="-115.36326333"><ele>1312.0</ele><time>2022-10-10T21:10:18.134Z</time></trkpt><trkpt lat="51.08748833" lon="-115.36326333"><ele>1313.0</ele><time>2022-10-10T21:10:19.134Z</time></trkpt><trkpt lat="51.087495" lon="-115.36326333"><ele>1314.0</ele><time>2022-10-10T21:10:20.134Z</time></trkpt><trkpt lat="51.08750333" lon="-115.36327167"><ele>1316.0</ele><time>2022-10-10T21:10:21.134Z</time></trkpt><trkpt lat="51.08750667" lon="-115.36327"><ele>1316.0</ele><time>2022-10-10T21:10:22.133Z</time></trkpt><trkpt lat="51.08750333" lon="-115.36326333"><ele>1317.0</ele><time>2022-10-10T21:10:23.133Z</time></trkpt><trkpt lat="51.08751167" lon="-115.363265"><ele>1318.0</ele><time>2022-10-10T21:10:24.134Z</time></trkpt><trkpt lat="51.08751833" lon="-115.36326833"><ele>1319.0</ele><time>2022-10-10T21:10:25.133Z</time></trkpt><trkpt lat="51.08752833" lon="-115.36327"><ele>1319.0</ele><time>2022-10-10T21:10:26.134Z</time></trkpt><trkpt lat="51.08753833" lon="-115.363275"><ele>1319.0</ele><time>2022-10-10T21:10:27.133Z</time></trkpt><trkpt lat="51.08754833" lon="-115.36328167"><ele>1320.0</ele><time>2022-10-10T21:10:28.133Z</time></trkpt><trkpt lat="51.08755667" lon="-115.36328333"><ele>1320.0</ele><time>2022-10-10T21:10:29.133Z</time></trkpt><trkpt lat="51.087565" lon="-115.36328833"><ele>1321.0</ele><time>2022-10-10T21:10:30.133Z</time></trkpt><trkpt lat="51.08756833" lon="-115.36328833"><ele>1321.0</ele><time>2022-10-10T21:10:31.133Z</time></trkpt><trkpt lat="51.08757667" lon="-115.36329667"><ele>1321.0</ele><time>2022-10-10T21:10:32.134Z</time></trkpt><trkpt lat="51.08758833" lon="-115.363305"><ele>1322.0</ele><time>2022-10-10T21:10:33.134Z</time></trkpt><trkpt lat="51.0876" lon="-115.363305"><ele>1322.0</ele><time>2022-10-10T21:10:34.133Z</time></trkpt><trkpt lat="51.08761167" lon="-115.363305"><ele>1322.0</ele><time>2022-10-10T21:10:35.134Z</time></trkpt><trkpt lat="51.08762333" lon="-115.36330333"><ele>1322.0</ele><time>2022-10-10T21:10:36.134Z</time></trkpt><trkpt lat="51.08763667" lon="-115.363305"><ele>1322.0</ele><time>2022-10-10T21:10:37.134Z</time></trkpt><trkpt lat="51.08765167" lon="-115.36330833"><ele>1322.0</ele><time>2022-10-10T21:10:38.134Z</time></trkpt><trkpt lat="51.08766333" lon="-115.36331"><ele>1321.0</ele><time>2022-10-10T21:10:39.134Z</time></trkpt><trkpt lat="51.08768167" lon="-115.36331"><ele>1320.0</ele><time>2022-10-10T21:10:40.134Z</time></trkpt><trkpt lat="51.08769" lon="-115.36331167"><ele>1320.0</ele><time>2022-10-10T21:10:41.133Z</time></trkpt><trkpt lat="51.08770333" lon="-115.36331333"><ele>1319.0</ele><time>2022-10-10T21:10:42.134Z</time></trkpt><trkpt lat="51.08771667" lon="-115.36331167"><ele>1318.0</ele><time>2022-10-10T21:10:43.134Z</time></trkpt><trkpt lat="51.087735" lon="-115.36330667"><ele>1318.0</ele><time>2022-10-10T21:10:44.133Z</time></trkpt><trkpt lat="51.08774833" lon="-115.36330167"><ele>1318.0</ele><time>2022-10-10T21:10:45.134Z</time></trkpt><trkpt lat="51.08776167" lon="-115.36330333"><ele>1317.0</ele><time>2022-10-10T21:10:46.133Z</time></trkpt><trkpt lat="51.08777167" lon="-115.36330833"><ele>1317.0</ele><time>2022-10-10T21:10:47.134Z</time></trkpt><trkpt lat="51.087785" lon="-115.36331333"><ele>1317.0</ele><time>2022-10-10T21:10:48.133Z</time></trkpt><trkpt lat="51.08778833" lon="-115.36331333"><ele>1317.0</ele><time>2022-10-10T21:10:49.134Z</time></trkpt><trkpt lat="51.087795" lon="-115.36331333"><ele>1317.0</ele><time>2022-10-10T21:10:50.134Z</time></trkpt><trkpt lat="51.08780167" lon="-115.363315"><ele>1318.0</ele><time>2022-10-10T21:10:51.134Z</time></trkpt><trkpt lat="51.08780167" lon="-115.36331833"><ele>1318.0</ele><time>2022-10-10T21:10:52.134Z</time></trkpt><trkpt lat="51.087805" lon="-115.363325"><ele>1319.0</ele><time>2022-10-10T21:10:53.134Z</time></trkpt><trkpt lat="51.087815" lon="-115.36332333"><ele>1319.0</ele><time>2022-10-10T21:10:54.134Z</time></trkpt><trkpt lat="51.08783" lon="-115.36332333"><ele>1319.0</ele><time>2022-10-10T21:10:55.133Z</time></trkpt><trkpt lat="51.08784" lon="-115.36331833"><ele>1320.0</ele><time>2022-10-10T21:10:56.133Z</time></trkpt><trkpt lat="51.087855" lon="-115.36331"><ele>1320.0</ele><time>2022-10-10T21:10:57.133Z</time></trkpt><trkpt lat="51.08786833" lon="-115.36332"><ele>1321.0</ele><time>2022-10-10T21:10:58.134Z</time></trkpt><trkpt lat="51.08787833" lon="-115.36332833"><ele>1321.0</ele><time>2022-10-10T21:10:59.133Z</time></trkpt><trkpt lat="51.08789" lon="-115.36333833"><ele>1322.0</ele><time>2022-10-10T21:11:00.133Z</time></trkpt><trkpt lat="51.08790333" lon="-115.36334167"><ele>1323.0</ele><time>2022-10-10T21:11:01.134Z</time></trkpt><trkpt lat="51.08791833" lon="-115.36334833"><ele>1323.0</ele><time>2022-10-10T21:11:02.134Z</time></trkpt><trkpt lat="51.08793" lon="-115.36335333"><ele>1324.0</ele><time>2022-10-10T21:11:03.134Z</time></trkpt><trkpt lat="51.08794333" lon="-115.36335833"><ele>1324.0</ele><time>2022-10-10T21:11:04.134Z</time></trkpt><trkpt lat="51.087955" lon="-115.36336167"><ele>1325.0</ele><time>2022-10-10T21:11:05.134Z</time></trkpt><trkpt lat="51.08796667" lon="-115.363365"><ele>1326.0</ele><time>2022-10-10T21:11:06.133Z</time></trkpt><trkpt lat="51.08798" lon="-115.36336667"><ele>1326.0</ele><time>2022-10-10T21:11:07.134Z</time></trkpt><trkpt lat="51.08798833" lon="-115.363365"><ele>1327.0</ele><time>2022-10-10T21:11:08.133Z</time></trkpt><trkpt lat="51.08799833" lon="-115.363365"><ele>1327.0</ele><time>2022-10-10T21:11:09.134Z</time></trkpt><trkpt lat="51.08801" lon="-115.36336333"><ele>1328.0</ele><time>2022-10-10T21:11:10.134Z</time></trkpt><trkpt lat="51.08802" lon="-115.36335667"><ele>1327.0</ele><time>2022-10-10T21:11:11.134Z</time></trkpt><trkpt lat="51.08803167" lon="-115.36335"><ele>1327.0</ele><time>2022-10-10T21:11:12.134Z</time></trkpt><trkpt lat="51.08804333" lon="-115.36335333"><ele>1327.0</ele><time>2022-10-10T21:11:13.134Z</time></trkpt><trkpt lat="51.08805833" lon="-115.36335333"><ele>1326.0</ele><time>2022-10-10T21:11:14.133Z</time></trkpt><trkpt lat="51.08807167" lon="-115.36335333"><ele>1326.0</ele><time>2022-10-10T21:11:15.134Z</time></trkpt><trkpt lat="51.08808167" lon="-115.36335167"><ele>1326.0</ele><time>2022-10-10T21:11:16.134Z</time></trkpt><trkpt lat="51.08809167" lon="-115.36335"><ele>1325.0</ele><time>2022-10-10T21:11:17.133Z</time></trkpt><trkpt lat="51.08810333" lon="-115.36334833"><ele>1325.0</ele><time>2022-10-10T21:11:18.134Z</time></trkpt><trkpt lat="51.08811167" lon="-115.36334"><ele>1324.0</ele><time>2022-10-10T21:11:19.134Z</time></trkpt><trkpt lat="51.08812167" lon="-115.36332833"><ele>1324.0</ele><time>2022-10-10T21:11:20.134Z</time></trkpt><trkpt lat="51.08813167" lon="-115.36331667"><ele>1323.0</ele><time>2022-10-10T21:11:21.133Z</time></trkpt><trkpt lat="51.08814167" lon="-115.36329167"><ele>1323.0</ele><time>2022-10-10T21:11:22.134Z</time></trkpt><trkpt lat="51.08814833" lon="-115.36327667"><ele>1322.0</ele><time>2022-10-10T21:11:23.134Z</time></trkpt><trkpt lat="51.08815667" lon="-115.36327333"><ele>1321.0</ele><time>2022-10-10T21:11:24.134Z</time></trkpt><trkpt lat="51.08816333" lon="-115.36326333"><ele>1320.0</ele><time>2022-10-10T21:11:25.134Z</time></trkpt><trkpt lat="51.08816333" lon="-115.363245"><ele>1320.0</ele><time>2022-10-10T21:11:26.134Z</time></trkpt><trkpt lat="51.08815667" lon="-115.36322667"><ele>1319.0</ele><time>2022-10-10T21:11:27.133Z</time></trkpt><trkpt lat="51.08816" lon="-115.363215"><ele>1318.0</ele><time>2022-10-10T21:11:28.134Z</time></trkpt><trkpt lat="51.08816" lon="-115.36321"><ele>1318.0</ele><time>2022-10-10T21:11:29.134Z</time></trkpt><trkpt lat="51.08816167" lon="-115.36320167"><ele>1317.0</ele><time>2022-10-10T21:11:30.134Z</time></trkpt><trkpt lat="51.08816833" lon="-115.3632"><ele>1317.0</ele><time>2022-10-10T21:11:31.133Z</time></trkpt><trkpt lat="51.08817333" lon="-115.36320167"><ele>1316.0</ele><time>2022-10-10T21:11:32.133Z</time></trkpt><trkpt lat="51.08817833" lon="-115.363205"><ele>1316.0</ele><time>2022-10-10T21:11:33.134Z</time></trkpt><trkpt lat="51.08818333" lon="-115.363205"><ele>1315.0</ele><time>2022-10-10T21:11:34.134Z</time></trkpt><trkpt lat="51.08818333" lon="-115.3632"><ele>1315.0</ele><time>2022-10-10T21:11:35.134Z</time></trkpt><trkpt lat="51.08818167" lon="-115.36319667"><ele>1315.0</ele><time>2022-10-10T21:11:36.134Z</time></trkpt><trkpt lat="51.08817167" lon="-115.36319167"><ele>1314.0</ele><time>2022-10-10T21:11:37.133Z</time></trkpt><trkpt lat="51.088165" lon="-115.36319"><ele>1314.0</ele><time>2022-10-10T21:11:38.134Z</time></trkpt><trkpt lat="51.08816" lon="-115.36318667"><ele>1314.0</ele><time>2022-10-10T21:11:39.134Z</time></trkpt><trkpt lat="51.08816" lon="-115.363185"><ele>1313.0</ele><time>2022-10-10T21:11:40.134Z</time></trkpt><trkpt lat="51.08816" lon="-115.36318167"><ele>1312.0</ele><time>2022-10-10T21:11:41.134Z</time></trkpt><trkpt lat="51.08816333" lon="-115.363175"><ele>1311.0</ele><time>2022-10-10T21:11:42.133Z</time></trkpt><trkpt lat="51.08816667" lon="-115.36316833"><ele>1311.0</ele><time>2022-10-10T21:11:43.134Z</time></trkpt><trkpt lat="51.08816167" lon="-115.36315833"><ele>1311.0</ele><time>2022-10-10T21:11:44.134Z</time></trkpt><trkpt lat="51.08815833" lon="-115.36314667"><ele>1311.0</ele><time>2022-10-10T21:11:45.134Z</time></trkpt><trkpt lat="51.088155" lon="-115.36313167"><ele>1311.0</ele><time>2022-10-10T21:11:46.134Z</time></trkpt><trkpt lat="51.08815333" lon="-115.36312"><ele>1312.0</ele><time>2022-10-10T21:11:47.133Z</time></trkpt><trkpt lat="51.088155" lon="-115.36310833"><ele>1312.0</ele><time>2022-10-10T21:11:48.134Z</time></trkpt><trkpt lat="51.08815667" lon="-115.36309333"><ele>1312.0</ele><time>2022-10-10T21:11:49.133Z</time></trkpt><trkpt lat="51.08815667" lon="-115.363075"><ele>1313.0</ele><time>2022-10-10T21:11:50.134Z</time></trkpt><trkpt lat="51.08815333" lon="-115.36305333"><ele>1313.0</ele><time>2022-10-10T21:11:51.134Z</time></trkpt><trkpt lat="51.08815333" lon="-115.36303667"><ele>1313.0</ele><time>2022-10-10T21:11:52.134Z</time></trkpt><trkpt lat="51.08814833" lon="-115.36302167"><ele>1314.0</ele><time>2022-10-10T21:11:53.134Z</time></trkpt><trkpt lat="51.08814667" lon="-115.363"><ele>1314.0</ele><time>2022-10-10T21:11:54.134Z</time></trkpt><trkpt lat="51.08814667" lon="-115.36297667"><ele>1315.0</ele><time>2022-10-10T21:11:55.134Z</time></trkpt><trkpt lat="51.088145" lon="-115.36294833"><ele>1315.0</ele><time>2022-10-10T21:11:56.133Z</time></trkpt><trkpt lat="51.088155" lon="-115.36292833"><ele>1315.0</ele><time>2022-10-10T21:11:57.134Z</time></trkpt><trkpt lat="51.08816167" lon="-115.36290833"><ele>1314.0</ele><time>2022-10-10T21:11:58.134Z</time></trkpt><trkpt lat="51.08816167" lon="-115.36288833"><ele>1314.0</ele><time>2022-10-10T21:11:59.133Z</time></trkpt><trkpt lat="51.08816333" lon="-115.36286667"><ele>1313.0</ele><time>2022-10-10T21:12:00.134Z</time></trkpt><trkpt lat="51.088165" lon="-115.36284333"><ele>1313.0</ele><time>2022-10-10T21:12:01.133Z</time></trkpt><trkpt lat="51.08816333" lon="-115.36282"><ele>1312.0</ele><time>2022-10-10T21:12:02.134Z</time></trkpt><trkpt lat="51.08816167" lon="-115.362795"><ele>1312.0</ele><time>2022-10-10T21:12:03.134Z</time></trkpt><trkpt lat="51.08816" lon="-115.36276833"><ele>1312.0</ele><time>2022-10-10T21:12:04.134Z</time></trkpt><trkpt lat="51.08815833" lon="-115.36275"><ele>1312.0</ele><time>2022-10-10T21:12:05.133Z</time></trkpt><trkpt lat="51.088165" lon="-115.36273667"><ele>1312.0</ele><time>2022-10-10T21:12:06.133Z</time></trkpt><trkpt lat="51.08817833" lon="-115.36272333"><ele>1312.0</ele><time>2022-10-10T21:12:07.134Z</time></trkpt><trkpt lat="51.088185" lon="-115.362705"><ele>1312.0</ele><time>2022-10-10T21:12:08.134Z</time></trkpt><trkpt lat="51.08819167" lon="-115.36268667"><ele>1312.0</ele><time>2022-10-10T21:12:09.133Z</time></trkpt><trkpt lat="51.08818833" lon="-115.36266667"><ele>1311.0</ele><time>2022-10-10T21:12:10.133Z</time></trkpt><trkpt lat="51.08818667" lon="-115.36265"><ele>1311.0</ele><time>2022-10-10T21:12:11.134Z</time></trkpt><trkpt lat="51.088185" lon="-115.36263"><ele>1311.0</ele><time>2022-10-10T21:12:12.134Z</time></trkpt><trkpt lat="51.08818333" lon="-115.36260667"><ele>1311.0</ele><time>2022-10-10T21:12:13.134Z</time></trkpt><trkpt lat="51.08818333" lon="-115.362585"><ele>1311.0</ele><time>2022-10-10T21:12:14.134Z</time></trkpt><trkpt lat="51.08818167" lon="-115.36255833"><ele>1311.0</ele><time>2022-10-10T21:12:15.134Z</time></trkpt><trkpt lat="51.08817667" lon="-115.36253333"><ele>1311.0</ele><time>2022-10-10T21:12:16.134Z</time></trkpt><trkpt lat="51.08817333" lon="-115.36250667"><ele>1311.0</ele><time>2022-10-10T21:12:17.134Z</time></trkpt><trkpt lat="51.08817" lon="-115.36248167"><ele>1312.0</ele><time>2022-10-10T21:12:18.134Z</time></trkpt><trkpt lat="51.08816667" lon="-115.36245667"><ele>1312.0</ele><time>2022-10-10T21:12:19.133Z</time></trkpt><trkpt lat="51.08816167" lon="-115.36243833"><ele>1312.0</ele><time>2022-10-10T21:12:20.134Z</time></trkpt><trkpt lat="51.088155" lon="-115.362415"><ele>1313.0</ele><time>2022-10-10T21:12:21.134Z</time></trkpt><trkpt lat="51.088155" lon="-115.36239167"><ele>1313.0</ele><time>2022-10-10T21:12:22.134Z</time></trkpt><trkpt lat="51.08816" lon="-115.36237333"><ele>1313.0</ele><time>2022-10-10T21:12:23.134Z</time></trkpt><trkpt lat="51.08816833" lon="-115.36235333"><ele>1313.0</ele><time>2022-10-10T21:12:24.133Z</time></trkpt><trkpt lat="51.08817" lon="-115.36233667"><ele>1313.0</ele><time>2022-10-10T21:12:25.133Z</time></trkpt><trkpt lat="51.08816833" lon="-115.36231667"><ele>1313.0</ele><time>2022-10-10T21:12:26.134Z</time></trkpt><trkpt lat="51.08815833" lon="-115.36228"><ele>1314.0</ele><time>2022-10-10T21:12:27.133Z</time></trkpt><trkpt lat="51.08815167" lon="-115.36225"><ele>1314.0</ele><time>2022-10-10T21:12:28.133Z</time></trkpt><trkpt lat="51.088155" lon="-115.36222333"><ele>1315.0</ele><time>2022-10-10T21:12:29.134Z</time></trkpt><trkpt lat="51.08815667" lon="-115.36220667"><ele>1315.0</ele><time>2022-10-10T21:12:30.134Z</time></trkpt><trkpt lat="51.088145" lon="-115.362185"><ele>1315.0</ele><time>2022-10-10T21:12:31.134Z</time></trkpt><trkpt lat="51.08813833" lon="-115.36216167"><ele>1315.0</ele><time>2022-10-10T21:12:32.134Z</time></trkpt><trkpt lat="51.08813333" lon="-115.36214167"><ele>1315.0</ele><time>2022-10-10T21:12:33.133Z</time></trkpt><trkpt lat="51.08813333" lon="-115.36212333"><ele>1315.0</ele><time>2022-10-10T21:12:34.134Z</time></trkpt><trkpt lat="51.08813333" lon="-115.362105"><ele>1314.0</ele><time>2022-10-10T21:12:35.133Z</time></trkpt><trkpt lat="51.088135" lon="-115.362085"><ele>1314.0</ele><time>2022-10-10T21:12:36.134Z</time></trkpt><trkpt lat="51.08813667" lon="-115.362065"><ele>1314.0</ele><time>2022-10-10T21:12:37.134Z</time></trkpt><trkpt lat="51.08813833" lon="-115.36204"><ele>1314.0</ele><time>2022-10-10T21:12:38.134Z</time></trkpt><trkpt lat="51.08814167" lon="-115.36202"><ele>1314.0</ele><time>2022-10-10T21:12:39.134Z</time></trkpt><trkpt lat="51.088145" lon="-115.36199833"><ele>1314.0</ele><time>2022-10-10T21:12:40.134Z</time></trkpt><trkpt lat="51.088145" lon="-115.36197667"><ele>1315.0</ele><time>2022-10-10T21:12:41.134Z</time></trkpt><trkpt lat="51.08815" lon="-115.36196667"><ele>1315.0</ele><time>2022-10-10T21:12:42.134Z</time></trkpt><trkpt lat="51.08815" lon="-115.36194833"><ele>1315.0</ele><time>2022-10-10T21:12:43.134Z</time></trkpt><trkpt lat="51.08814667" lon="-115.36193167"><ele>1315.0</ele><time>2022-10-10T21:12:44.134Z</time></trkpt><trkpt lat="51.08815" lon="-115.36191833"><ele>1315.0</ele><time>2022-10-10T21:12:45.133Z</time></trkpt><trkpt lat="51.08815667" lon="-115.36190167"><ele>1314.0</ele><time>2022-10-10T21:12:46.134Z</time></trkpt><trkpt lat="51.08815667" lon="-115.36188167"><ele>1314.0</ele><time>2022-10-10T21:12:47.134Z</time></trkpt><trkpt lat="51.088155" lon="-115.36186333"><ele>1313.0</ele><time>2022-10-10T21:12:48.134Z</time></trkpt><trkpt lat="51.08815333" lon="-115.36185167"><ele>1313.0</ele><time>2022-10-10T21:12:49.134Z</time></trkpt><trkpt lat="51.08814833" lon="-115.36183167"><ele>1313.0</ele><time>2022-10-10T21:12:50.134Z</time></trkpt><trkpt lat="51.08815" lon="-115.36181667"><ele>1313.0</ele><time>2022-10-10T21:12:51.134Z</time></trkpt><trkpt lat="51.08815167" lon="-115.36179333"><ele>1313.0</ele><time>2022-10-10T21:12:52.134Z</time></trkpt><trkpt lat="51.08814667" lon="-115.36178167"><ele>1314.0</ele><time>2022-10-10T21:12:53.133Z</time></trkpt><trkpt lat="51.08814" lon="-115.361785"><ele>1314.0</ele><time>2022-10-10T21:12:54.134Z</time></trkpt><trkpt lat="51.08814" lon="-115.36179833"><ele>1314.0</ele><time>2022-10-10T21:12:55.134Z</time></trkpt><trkpt lat="51.088145" lon="-115.36181667"><ele>1313.0</ele><time>2022-10-10T21:12:56.133Z</time></trkpt><trkpt lat="51.08815" lon="-115.361835"><ele>1313.0</ele><time>2022-10-10T21:12:57.134Z</time></trkpt><trkpt lat="51.088155" lon="-115.36185167"><ele>1313.0</ele><time>2022-10-10T21:12:58.134Z</time></trkpt><trkpt lat="51.088155" lon="-115.36186"><ele>1313.0</ele><time>2022-10-10T21:12:59.134Z</time></trkpt><trkpt lat="51.08816" lon="-115.36186667"><ele>1313.0</ele><time>2022-10-10T21:13:00.133Z</time></trkpt><trkpt lat="51.08816667" lon="-115.36186667"><ele>1312.0</ele><time>2022-10-10T21:13:01.133Z</time></trkpt><trkpt lat="51.08817" lon="-115.36185833"><ele>1312.0</ele><time>2022-10-10T21:13:02.134Z</time></trkpt><trkpt lat="51.08817" lon="-115.36184667"><ele>1311.0</ele><time>2022-10-10T21:13:03.133Z</time></trkpt><trkpt lat="51.08816833" lon="-115.36183167"><ele>1311.0</ele><time>2022-10-10T21:13:04.133Z</time></trkpt><trkpt lat="51.08816667" lon="-115.36181"><ele>1310.0</ele><time>2022-10-10T21:13:05.134Z</time></trkpt><trkpt lat="51.08816" lon="-115.36178667"><ele>1310.0</ele><time>2022-10-10T21:13:06.133Z</time></trkpt><trkpt lat="51.08815667" lon="-115.36176333"><ele>1310.0</ele><time>2022-10-10T21:13:07.133Z</time></trkpt><trkpt lat="51.088155" lon="-115.361745"><ele>1310.0</ele><time>2022-10-10T21:13:08.134Z</time></trkpt><trkpt lat="51.08815333" lon="-115.361725"><ele>1310.0</ele><time>2022-10-10T21:13:09.133Z</time></trkpt><trkpt lat="51.08815167" lon="-115.361705"><ele>1310.0</ele><time>2022-10-10T21:13:10.133Z</time></trkpt><trkpt lat="51.08814167" lon="-115.36167667"><ele>1310.0</ele><time>2022-10-10T21:13:11.134Z</time></trkpt><trkpt lat="51.08813833" lon="-115.36166"><ele>1310.0</ele><time>2022-10-10T21:13:12.133Z</time></trkpt><trkpt lat="51.08814" lon="-115.36164167"><ele>1310.0</ele><time>2022-10-10T21:13:13.134Z</time></trkpt><trkpt lat="51.08814" lon="-115.36162833"><ele>1310.0</ele><time>2022-10-10T21:13:14.134Z</time></trkpt><trkpt lat="51.08814167" lon="-115.361615"><ele>1310.0</ele><time>2022-10-10T21:13:15.134Z</time></trkpt><trkpt lat="51.08814667" lon="-115.36159833"><ele>1311.0</ele><time>2022-10-10T21:13:16.133Z</time></trkpt><trkpt lat="51.088155" lon="-115.36158"><ele>1311.0</ele><time>2022-10-10T21:13:17.133Z</time></trkpt><trkpt lat="51.088165" lon="-115.361565"><ele>1311.0</ele><time>2022-10-10T21:13:18.134Z</time></trkpt><trkpt lat="51.08816333" lon="-115.361545"><ele>1311.0</ele><time>2022-10-10T21:13:19.134Z</time></trkpt><trkpt lat="51.08816333" lon="-115.36153"><ele>1311.0</ele><time>2022-10-10T21:13:20.134Z</time></trkpt><trkpt lat="51.088165" lon="-115.36151333"><ele>1311.0</ele><time>2022-10-10T21:13:21.133Z</time></trkpt><trkpt lat="51.08816333" lon="-115.361495"><ele>1311.0</ele><time>2022-10-10T21:13:22.134Z</time></trkpt><trkpt lat="51.088165" lon="-115.36147833"><ele>1311.0</ele><time>2022-10-10T21:13:23.134Z</time></trkpt><trkpt lat="51.08817" lon="-115.36146167"><ele>1311.0</ele><time>2022-10-10T21:13:24.134Z</time></trkpt><trkpt lat="51.08817167" lon="-115.361445"><ele>1311.0</ele><time>2022-10-10T21:13:25.133Z</time></trkpt><trkpt lat="51.08816833" lon="-115.36142833"><ele>1311.0</ele><time>2022-10-10T21:13:26.134Z</time></trkpt><trkpt lat="51.08815667" lon="-115.36141833"><ele>1311.0</ele><time>2022-10-10T21:13:27.134Z</time></trkpt><trkpt lat="51.088145" lon="-115.36139667"><ele>1311.0</ele><time>2022-10-10T21:13:28.134Z</time></trkpt><trkpt lat="51.08813833" lon="-115.36137167"><ele>1311.0</ele><time>2022-10-10T21:13:29.134Z</time></trkpt><trkpt lat="51.08814333" lon="-115.361355"><ele>1311.0</ele><time>2022-10-10T21:13:30.134Z</time></trkpt><trkpt lat="51.08814667" lon="-115.36133667"><ele>1311.0</ele><time>2022-10-10T21:13:31.134Z</time></trkpt><trkpt lat="51.08815" lon="-115.361315"><ele>1311.0</ele><time>2022-10-10T21:13:32.133Z</time></trkpt><trkpt lat="51.08815167" lon="-115.36129333"><ele>1311.0</ele><time>2022-10-10T21:13:33.133Z</time></trkpt><trkpt lat="51.08815167" lon="-115.36127333"><ele>1311.0</ele><time>2022-10-10T21:13:34.133Z</time></trkpt><trkpt lat="51.08814667" lon="-115.36125"><ele>1311.0</ele><time>2022-10-10T21:13:35.133Z</time></trkpt><trkpt lat="51.08814667" lon="-115.36123167"><ele>1310.0</ele><time>2022-10-10T21:13:36.133Z</time></trkpt><trkpt lat="51.08814667" lon="-115.36121333"><ele>1310.0</ele><time>2022-10-10T21:13:37.133Z</time></trkpt><trkpt lat="51.08815167" lon="-115.361195"><ele>1310.0</ele><time>2022-10-10T21:13:38.133Z</time></trkpt><trkpt lat="51.08815333" lon="-115.36117667"><ele>1309.0</ele><time>2022-10-10T21:13:39.133Z</time></trkpt><trkpt lat="51.08815333" lon="-115.36115833"><ele>1309.0</ele><time>2022-10-10T21:13:40.133Z</time></trkpt><trkpt lat="51.08815667" lon="-115.36114"><ele>1309.0</ele><time>2022-10-10T21:13:41.133Z</time></trkpt><trkpt lat="51.08815833" lon="-115.36112"><ele>1309.0</ele><time>2022-10-10T21:13:42.134Z</time></trkpt><trkpt lat="51.08815833" lon="-115.3611"><ele>1309.0</ele><time>2022-10-10T21:13:43.134Z</time></trkpt><trkpt lat="51.08816" lon="-115.36108"><ele>1309.0</ele><time>2022-10-10T21:13:44.134Z</time></trkpt><trkpt lat="51.08816167" lon="-115.36106"><ele>1308.0</ele><time>2022-10-10T21:13:45.134Z</time></trkpt><trkpt lat="51.08816167" lon="-115.361035"><ele>1308.0</ele><time>2022-10-10T21:13:46.134Z</time></trkpt><trkpt lat="51.088165" lon="-115.36101833"><ele>1308.0</ele><time>2022-10-10T21:13:47.133Z</time></trkpt><trkpt lat="51.08816667" lon="-115.36100333"><ele>1308.0</ele><time>2022-10-10T21:13:48.134Z</time></trkpt><trkpt lat="51.08816833" lon="-115.36099167"><ele>1309.0</ele><time>2022-10-10T21:13:49.133Z</time></trkpt><trkpt lat="51.08816833" lon="-115.36097833"><ele>1309.0</ele><time>2022-10-10T21:13:50.133Z</time></trkpt><trkpt lat="51.08816667" lon="-115.36096167"><ele>1309.0</ele><time>2022-10-10T21:13:51.134Z</time></trkpt><trkpt lat="51.08816333" lon="-115.36094333"><ele>1309.0</ele><time>2022-10-10T21:13:52.134Z</time></trkpt><trkpt lat="51.08816" lon="-115.36092667"><ele>1309.0</ele><time>2022-10-10T21:13:53.133Z</time></trkpt><trkpt lat="51.08815667" lon="-115.36091167"><ele>1309.0</ele><time>2022-10-10T21:13:54.133Z</time></trkpt><trkpt lat="51.08816" lon="-115.3609"><ele>1309.0</ele><time>2022-10-10T21:13:55.134Z</time></trkpt><trkpt lat="51.088155" lon="-115.36088333"><ele>1309.0</ele><time>2022-10-10T21:13:56.134Z</time></trkpt><trkpt lat="51.088155" lon="-115.36086333"><ele>1309.0</ele><time>2022-10-10T21:13:57.134Z</time></trkpt><trkpt lat="51.08815167" lon="-115.36083833"><ele>1309.0</ele><time>2022-10-10T21:13:58.134Z</time></trkpt><trkpt lat="51.08814333" lon="-115.36081667"><ele>1309.0</ele><time>2022-10-10T21:13:59.133Z</time></trkpt><trkpt lat="51.08813333" lon="-115.36079667"><ele>1310.0</ele><time>2022-10-10T21:14:00.133Z</time></trkpt><trkpt lat="51.08812" lon="-115.36077833"><ele>1311.0</ele><time>2022-10-10T21:14:01.134Z</time></trkpt><trkpt lat="51.08812" lon="-115.360775"><ele>1311.0</ele><time>2022-10-10T21:14:02.133Z</time></trkpt><trkpt lat="51.08812333" lon="-115.36076833"><ele>1312.0</ele><time>2022-10-10T21:14:03.134Z</time></trkpt><trkpt lat="51.08812833" lon="-115.36076167"><ele>1312.0</ele><time>2022-10-10T21:14:04.133Z</time></trkpt><trkpt lat="51.08813" lon="-115.36075833"><ele>1312.0</ele><time>2022-10-10T21:14:05.134Z</time></trkpt><trkpt lat="51.08813167" lon="-115.36075833"><ele>1312.0</ele><time>2022-10-10T21:14:06.134Z</time></trkpt><trkpt lat="51.088135" lon="-115.36076"><ele>1312.0</ele><time>2022-10-10T21:14:07.133Z</time></trkpt><trkpt lat="51.08813667" lon="-115.36076"><ele>1313.0</ele><time>2022-10-10T21:14:08.134Z</time></trkpt><trkpt lat="51.08814333" lon="-115.36075833"><ele>1313.0</ele><time>2022-10-10T21:14:09.134Z</time></trkpt><trkpt lat="51.08815" lon="-115.36075167"><ele>1313.0</ele><time>2022-10-10T21:14:10.133Z</time></trkpt><trkpt lat="51.088155" lon="-115.360745"><ele>1313.0</ele><time>2022-10-10T21:14:11.133Z</time></trkpt><trkpt lat="51.08816167" lon="-115.36074"><ele>1313.0</ele><time>2022-10-10T21:14:12.134Z</time></trkpt><trkpt lat="51.08816333" lon="-115.36073"><ele>1314.0</ele><time>2022-10-10T21:14:13.134Z</time></trkpt><trkpt lat="51.088165" lon="-115.36072"><ele>1314.0</ele><time>2022-10-10T21:14:14.134Z</time></trkpt><trkpt lat="51.08816833" lon="-115.36071"><ele>1314.0</ele><time>2022-10-10T21:14:15.133Z</time></trkpt><trkpt lat="51.08817" lon="-115.36069667"><ele>1314.0</ele><time>2022-10-10T21:14:16.133Z</time></trkpt><trkpt lat="51.08817167" lon="-115.36068333"><ele>1315.0</ele><time>2022-10-10T21:14:17.134Z</time></trkpt><trkpt lat="51.088175" lon="-115.36067667"><ele>1315.0</ele><time>2022-10-10T21:14:18.133Z</time></trkpt><trkpt lat="51.08817667" lon="-115.36066667"><ele>1314.0</ele><time>2022-10-10T21:14:19.134Z</time></trkpt><trkpt lat="51.08817667" lon="-115.36065"><ele>1314.0</ele><time>2022-10-10T21:14:20.133Z</time></trkpt><trkpt lat="51.08817333" lon="-115.36063667"><ele>1314.0</ele><time>2022-10-10T21:14:21.133Z</time></trkpt><trkpt lat="51.088175" lon="-115.36063"><ele>1314.0</ele><time>2022-10-10T21:14:22.133Z</time></trkpt><trkpt lat="51.08818" lon="-115.360615"><ele>1314.0</ele><time>2022-10-10T21:14:23.134Z</time></trkpt><trkpt lat="51.08818667" lon="-115.36060333"><ele>1314.0</ele><time>2022-10-10T21:14:24.134Z</time></trkpt><trkpt lat="51.08819167" lon="-115.360595"><ele>1314.0</ele><time>2022-10-10T21:14:25.133Z</time></trkpt><trkpt lat="51.08819667" lon="-115.36058833"><ele>1314.0</ele><time>2022-10-10T21:14:26.134Z</time></trkpt><trkpt lat="51.08820167" lon="-115.360585"><ele>1314.0</ele><time>2022-10-10T21:14:27.134Z</time></trkpt><trkpt lat="51.08820833" lon="-115.36058333"><ele>1314.0</ele><time>2022-10-10T21:14:28.134Z</time></trkpt><trkpt lat="51.088215" lon="-115.36059"><ele>1314.0</ele><time>2022-10-10T21:14:29.134Z</time></trkpt><trkpt lat="51.08822" lon="-115.3606"><ele>1314.0</ele><time>2022-10-10T21:14:30.133Z</time></trkpt><trkpt lat="51.088225" lon="-115.3606"><ele>1314.0</ele><time>2022-10-10T21:14:31.133Z</time></trkpt><trkpt lat="51.088225" lon="-115.360595"><ele>1314.0</ele><time>2022-10-10T21:14:32.133Z</time></trkpt><trkpt lat="51.08822833" lon="-115.36059"><ele>1314.0</ele><time>2022-10-10T21:14:33.134Z</time></trkpt><trkpt lat="51.08821833" lon="-115.36058"><ele>1314.0</ele><time>2022-10-10T21:14:34.134Z</time></trkpt><trkpt lat="51.08822" lon="-115.360575"><ele>1314.0</ele><time>2022-10-10T21:14:35.133Z</time></trkpt><trkpt lat="51.08822" lon="-115.36058167"><ele>1314.0</ele><time>2022-10-10T21:14:36.134Z</time></trkpt><trkpt lat="51.08822833" lon="-115.36059"><ele>1315.0</ele><time>2022-10-10T21:14:37.133Z</time></trkpt><trkpt lat="51.08823667" lon="-115.36059667"><ele>1315.0</ele><time>2022-10-10T21:14:38.134Z</time></trkpt><trkpt lat="51.08824333" lon="-115.36060167"><ele>1315.0</ele><time>2022-10-10T21:14:39.133Z</time></trkpt><trkpt lat="51.088245" lon="-115.360605"><ele>1316.0</ele><time>2022-10-10T21:14:40.134Z</time></trkpt><trkpt lat="51.088245" lon="-115.36060833"><ele>1316.0</ele><time>2022-10-10T21:14:41.133Z</time></trkpt><trkpt lat="51.08824667" lon="-115.36061167"><ele>1316.0</ele><time>2022-10-10T21:14:42.133Z</time></trkpt><trkpt lat="51.08825" lon="-115.36061"><ele>1315.0</ele><time>2022-10-10T21:14:43.134Z</time></trkpt><trkpt lat="51.08825667" lon="-115.36061167"><ele>1315.0</ele><time>2022-10-10T21:14:44.134Z</time></trkpt><trkpt lat="51.08826167" lon="-115.36061167"><ele>1315.0</ele><time>2022-10-10T21:14:45.134Z</time></trkpt><trkpt lat="51.08826667" lon="-115.36061333"><ele>1315.0</ele><time>2022-10-10T21:14:46.133Z</time></trkpt><trkpt lat="51.08827833" lon="-115.360615"><ele>1315.0</ele><time>2022-10-10T21:14:47.133Z</time></trkpt><trkpt lat="51.08828833" lon="-115.36061667"><ele>1315.0</ele><time>2022-10-10T21:14:48.134Z</time></trkpt><trkpt lat="51.088295" lon="-115.36061833"><ele>1315.0</ele><time>2022-10-10T21:14:49.133Z</time></trkpt><trkpt lat="51.0883" lon="-115.36062"><ele>1315.0</ele><time>2022-10-10T21:14:50.133Z</time></trkpt><trkpt lat="51.08830333" lon="-115.360625"><ele>1315.0</ele><time>2022-10-10T21:14:51.133Z</time></trkpt><trkpt lat="51.08830167" lon="-115.36062833"><ele>1315.0</ele><time>2022-10-10T21:14:52.133Z</time></trkpt><trkpt lat="51.08830167" lon="-115.360635"><ele>1315.0</ele><time>2022-10-10T21:14:53.133Z</time></trkpt><trkpt lat="51.0883" lon="-115.36063833"><ele>1316.0</ele><time>2022-10-10T21:14:54.133Z</time></trkpt><trkpt lat="51.08830333" lon="-115.36064333"><ele>1316.0</ele><time>2022-10-10T21:14:55.133Z</time></trkpt><trkpt lat="51.08830667" lon="-115.36064667"><ele>1316.0</ele><time>2022-10-10T21:14:56.133Z</time></trkpt><trkpt lat="51.08831" lon="-115.36064667"><ele>1317.0</ele><time>2022-10-10T21:14:57.133Z</time></trkpt><trkpt lat="51.08831333" lon="-115.36065"><ele>1317.0</ele><time>2022-10-10T21:14:58.134Z</time></trkpt><trkpt lat="51.08831667" lon="-115.36065"><ele>1317.0</ele><time>2022-10-10T21:14:59.134Z</time></trkpt><trkpt lat="51.08831833" lon="-115.36064167"><ele>1317.0</ele><time>2022-10-10T21:15:00.133Z</time></trkpt><trkpt lat="51.08831167" lon="-115.36063333"><ele>1317.0</ele><time>2022-10-10T21:15:01.133Z</time></trkpt><trkpt lat="51.08830333" lon="-115.36062833"><ele>1317.0</ele><time>2022-10-10T21:15:02.133Z</time></trkpt><trkpt lat="51.08829333" lon="-115.36062"><ele>1317.0</ele><time>2022-10-10T21:15:03.134Z</time></trkpt><trkpt lat="51.08829" lon="-115.36061667"><ele>1317.0</ele><time>2022-10-10T21:15:04.133Z</time></trkpt><trkpt lat="51.08828333" lon="-115.36060833"><ele>1317.0</ele><time>2022-10-10T21:15:05.133Z</time></trkpt><trkpt lat="51.088275" lon="-115.3606"><ele>1316.0</ele><time>2022-10-10T21:15:06.133Z</time></trkpt><trkpt lat="51.08827" lon="-115.36059"><ele>1316.0</ele><time>2022-10-10T21:15:07.133Z</time></trkpt><trkpt lat="51.088265" lon="-115.36058167"><ele>1316.0</ele><time>2022-10-10T21:15:08.133Z</time></trkpt><trkpt lat="51.08826167" lon="-115.36058167"><ele>1315.0</ele><time>2022-10-10T21:15:09.133Z</time></trkpt><trkpt lat="51.08825667" lon="-115.36058167"><ele>1315.0</ele><time>2022-10-10T21:15:10.133Z</time></trkpt><trkpt lat="51.08824833" lon="-115.36057667"><ele>1313.0</ele><time>2022-10-10T21:15:11.133Z</time></trkpt><trkpt lat="51.08824333" lon="-115.36057167"><ele>1312.0</ele><time>2022-10-10T21:15:12.133Z</time></trkpt><trkpt lat="51.08823833" lon="-115.36056833"><ele>1311.0</ele><time>2022-10-10T21:15:13.133Z</time></trkpt><trkpt lat="51.088235" lon="-115.36056667"><ele>1310.0</ele><time>2022-10-10T21:15:14.134Z</time></trkpt><trkpt lat="51.08823" lon="-115.360565"><ele>1309.0</ele><time>2022-10-10T21:15:15.134Z</time></trkpt><trkpt lat="51.08822667" lon="-115.36056833"><ele>1308.0</ele><time>2022-10-10T21:15:16.134Z</time></trkpt><trkpt lat="51.08822333" lon="-115.36057167"><ele>1307.0</ele><time>2022-10-10T21:15:17.134Z</time></trkpt><trkpt lat="51.08821833" lon="-115.36056667"><ele>1306.0</ele><time>2022-10-10T21:15:18.133Z</time></trkpt><trkpt lat="51.08820667" lon="-115.36056"><ele>1305.0</ele><time>2022-10-10T21:15:19.134Z</time></trkpt><trkpt lat="51.0882" lon="-115.36055833"><ele>1305.0</ele><time>2022-10-10T21:15:20.133Z</time></trkpt><trkpt lat="51.088195" lon="-115.36055667"><ele>1304.0</ele><time>2022-10-10T21:15:21.133Z</time></trkpt><trkpt lat="51.08819" lon="-115.36055333"><ele>1304.0</ele><time>2022-10-10T21:15:22.133Z</time></trkpt><trkpt lat="51.088185" lon="-115.36054667"><ele>1303.0</ele><time>2022-10-10T21:15:23.134Z</time></trkpt><trkpt lat="51.08818167" lon="-115.360535"><ele>1303.0</ele><time>2022-10-10T21:15:24.134Z</time></trkpt><trkpt lat="51.08818333" lon="-115.36053167"><ele>1303.0</ele><time>2022-10-10T21:15:25.133Z</time></trkpt></trkseg></trk></gpx>